STN,YYYYMMDD,HH,   DD,   FF,    T,    P,    U
  215,20240707,    1,  240,   30,  124,10092,   82
  215,20240707,    2,  190,   30,  118,10091,   87
  215,20240707,    3,  200,   50,  126,10093,   88
  215,20240707,    4,  210,   40,  120,10096,   92
  215,20240707,    5,  200,   40,  126,10099,   93
  215,20240707,    6,  210,   50,  145,10102,   87
  215,20240707,    7,  200,   60,  157,10105,   81
  215,20240707,    8,  210,   60,  163,10109,   80
  215,20240707,    9,  210,   70,  160,10113,   76
  215,20240707,   10,  220,   70,  168,10113,   69
  215,20240707,   11,  220,   60,  170,10117,   70
  215,20240707,   12,  210,   60,  173,10120,   69
  215,20240707,   13,  210,   70,  155,10124,   73
  215,20240707,   14,  200,   50,  158,10127,   76
  215,20240707,   15,  200,   50,  148,10129,   85
  215,20240707,   16,  220,   60,  164,10126,   73
  215,20240707,   17,  230,   50,  171,10126,   70
  215,20240707,   18,  200,   50,  165,10127,   74
  215,20240707,   19,  240,   40,  133,10133,   89
  215,20240707,   20,  170,   20,  133,10132,   92
  215,20240707,   21,  190,   20,  134,10135,   93
  215,20240707,   22,  210,   30,  131,10138,   92
  215,20240707,   23,  200,   30,  130,10138,   93
  215,20240707,   24,  200,   30,  128,10141,   90
  215,20240708,    1,  210,   20,  118,10142,   93
  215,20240708,    2,  210,   30,  128,10143,   92
  215,20240708,    3,  200,   20,  118,10146,   95
  215,20240708,    4,  190,   20,  115,10150,   96
  215,20240708,    5,  200,   20,  133,10155,   95
  215,20240708,    6,  190,   30,  152,10160,   88
  215,20240708,    7,  210,   40,  163,10165,   82
  215,20240708,    8,  200,   40,  177,10167,   75
  215,20240708,    9,  220,   40,  187,10170,   69
  215,20240708,   10,  230,   40,  189,10173,   66
  215,20240708,   11,  280,   40,  189,10177,   69
  215,20240708,   12,  270,   40,  184,10179,   70
  215,20240708,   13,  280,   40,  188,10179,   69
  215,20240708,   14,  300,   30,  189,10178,   70
  215,20240708,   15,  300,   30,  185,10178,   71
  215,20240708,   16,  340,   20,  180,10179,   70
  215,20240708,   17,  330,   20,  175,10178,   76
  215,20240708,   18,   30,   20,  180,10178,   71
  215,20240708,   19,   40,   20,  174,10181,   75
  215,20240708,   20,   50,   20,  170,10181,   75
  215,20240708,   21,   60,   30,  170,10179,   74
  215,20240708,   22,   70,   30,  171,10178,   76
  215,20240708,   23,   80,   30,  168,10174,   81
  215,20240708,   24,   90,   30,  166,10171,   81
  215,20240709,    1,   90,   30,  167,10167,   80
  215,20240709,    2,   90,   30,  171,10162,   77
  215,20240709,    3,   70,   20,  169,10155,   79
  215,20240709,    4,   80,   40,  170,10150,   78
  215,20240709,    5,  100,   30,  175,10148,   78
  215,20240709,    6,  110,   50,  178,10140,   77
  215,20240709,    7,  120,   40,  200,10139,   72
  215,20240709,    8,  120,   40,  209,10137,   70
  215,20240709,    9,  120,   40,  214,10134,   70
  215,20240709,   10,  130,   40,  234,10133,   66
  215,20240709,   11,  120,   40,  249,10130,   61
  215,20240709,   12,  140,   40,  248,10128,   60
  215,20240709,   13,  150,   30,  258,10125,   59
  215,20240709,   14,  260,   30,  242,10122,   62
  215,20240709,   15,  320,   40,  212,10116,   70
  215,20240709,   16,  330,   50,  204,10108,   75
  215,20240709,   17,  310,   60,  184,10111,   84
  215,20240709,   18,   10,   30,  176,10112,   97
  215,20240709,   19,  350,   20,  178,10105,   97
  215,20240709,   20,  170,   20,  179,10113,   96
  215,20240709,   21,  250,   30,  180,10117,   97
  215,20240709,   22,  260,   20,  179,10116,   96
  215,20240709,   23,  220,   20,  167,10121,   97
  215,20240709,   24,  230,   30,  164,10123,   97
  215,20240710,    1,  200,   30,  165,10122,   97
  215,20240710,    2,  220,   20,  158,10119,   98
  215,20240710,    3,  170,   30,  163,10125,   96
  215,20240710,    4,  180,   20,  165,10125,   97
  215,20240710,    5,  170,   20,  169,10127,   96
  215,20240710,    6,  180,   30,  185,10129,   92
  215,20240710,    7,  170,   40,  195,10131,   87
  215,20240710,    8,  190,   50,  193,10133,   92
  215,20240710,    9,  210,   50,  200,10135,   90
  215,20240710,   10,  250,   60,  194,10140,   85
  215,20240710,   11,  250,   50,  197,10144,   78
  215,20240710,   12,  240,   60,  203,10146,   75
  215,20240710,   13,  260,   70,  200,10149,   73
  215,20240710,   14,  240,   80,  206,10150,   65
  215,20240710,   15,  250,   70,  207,10150,   68
  215,20240710,   16,  250,   70,  203,10150,   67
  215,20240710,   17,  240,   60,  201,10152,   68
  215,20240710,   18,  250,   60,  191,10154,   69
  215,20240710,   19,  240,   50,  187,10155,   69
  215,20240710,   20,  220,   50,  175,10156,   74
  215,20240710,   21,  220,   50,  169,10159,   78
  215,20240710,   22,  220,   50,  164,10159,   82
  215,20240710,   23,  210,   40,  160,10161,   84
  215,20240710,   24,  200,   30,  150,10159,   90
  215,20240711,    1,  210,   30,  148,10158,   91
  215,20240711,    2,  200,   30,  148,10157,   91
  215,20240711,    3,  190,   20,  148,10156,   93
  215,20240711,    4,  210,   40,  156,10158,   92
  215,20240711,    5,  200,   30,  160,10160,   92
  215,20240711,    6,  250,   30,  171,10162,   85
  215,20240711,    7,  260,   60,  170,10167,   79
  215,20240711,    8,  270,   60,  175,10170,   77
  215,20240711,    9,  270,   50,  173,10176,   78
  215,20240711,   10,  260,   50,  188,10176,   75
  215,20240711,   11,  270,   50,  188,10179,   71
  215,20240711,   12,  260,   50,  180,10182,   75
  215,20240711,   13,  280,   40,  182,10183,   71
  215,20240711,   14,  290,   40,  195,10181,   69
  215,20240711,   15,  290,   40,  191,10182,   70
  215,20240711,   16,  310,   40,  187,10181,   69
  215,20240711,   17,  320,   30,  176,10183,   74
  215,20240711,   18,  320,   30,  172,10182,   74
  215,20240711,   19,  330,   30,  160,10180,   80
  215,20240711,   20,  340,   20,  145,10180,   86
  215,20240711,   21,  320,   10,  142,10177,   92
  215,20240711,   22,  300,   10,  142,10176,   95
  215,20240711,   23,    0,    0,  142,10173,   97
  215,20240711,   24,   40,   20,  154,10168,   88
  215,20240712,    1,   30,   30,  156,10166,   88
  215,20240712,    2,   40,   30,  152,10161,   86
  215,20240712,    3,   20,   40,  149,10157,   88
  215,20240712,    4,   20,   40,  145,10150,   83
  215,20240712,    5,   20,   40,  149,10146,   83
  215,20240712,    6,   20,   50,  152,10144,   83
  215,20240712,    7,   20,   50,  152,10140,   84
  215,20240712,    8,  360,   50,  153,10137,   83
  215,20240712,    9,   10,   40,  147,10136,   86
  215,20240712,   10,   10,   40,  142,10135,   89
  215,20240712,   11,  360,   50,  141,10131,   92
  215,20240712,   12,  350,   40,  139,10133,   92
  215,20240712,   13,  350,   60,  144,10129,   91
  215,20240712,   14,  340,   60,  154,10129,   85
  215,20240712,   15,  320,   50,  151,10130,   86
  215,20240712,   16,  310,   50,  152,10130,   84
  215,20240712,   17,  300,   40,  147,10129,   90
  215,20240712,   18,  310,   40,  148,10126,   89
  215,20240712,   19,  300,   50,  146,10122,   89
  215,20240712,   20,  290,   40,  146,10123,   89
  215,20240712,   21,  280,   40,  147,10121,   88
  215,20240712,   22,  260,   30,  144,10118,   92
  215,20240712,   23,  270,   40,  147,10114,   92
  215,20240712,   24,  260,   50,  146,10111,   94
  215,20240713,    1,  270,   40,  144,10105,   94
  215,20240713,    2,  250,   50,  144,10102,   94
  215,20240713,    3,  250,   30,  142,10100,   96
  215,20240713,    4,  260,   30,  143,10099,   95
  215,20240713,    5,  280,   30,  143,10099,   94
  215,20240713,    6,  270,   40,  143,10101,   95
  215,20240713,    7,  290,   50,  149,10105,   91
  215,20240713,    8,  280,   70,  145,10107,   90
  215,20240713,    9,  260,   60,  148,10111,   92
  215,20240713,   10,  260,   70,  150,10113,   90
  215,20240713,   11,  250,   80,  149,10115,   89
  215,20240713,   12,  260,   60,  155,10118,   85
  215,20240713,   13,  260,   60,  152,10121,   82
  215,20240713,   14,  260,   70,  152,10123,   79
  215,20240713,   15,  240,   50,  154,10124,   79
  215,20240713,   16,  260,   50,  152,10125,   78
  215,20240713,   17,  250,   60,  152,10125,   75
  215,20240713,   18,  250,   40,  157,10124,   75
  215,20240713,   19,  240,   50,  152,10124,   74
  215,20240713,   20,  220,   40,  139,10124,   80
  215,20240713,   21,  210,   20,  130,10124,   89
  215,20240713,   22,  200,   30,  133,10122,   88
  215,20240713,   23,  200,   20,  123,10121,   92
  215,20240713,   24,  190,   20,  119,10120,   93
  215,20240714,    1,  200,   30,  124,10117,   93
  215,20240714,    2,  200,   30,  121,10114,   94
  215,20240714,    3,  190,   30,  129,10112,   94
  215,20240714,    4,  190,   40,  132,10113,   94
  215,20240714,    5,  210,   40,  144,10115,   92
  215,20240714,    6,  210,   50,  159,10115,   89
  215,20240714,    7,  230,   50,  174,10113,   82
  215,20240714,    8,  240,   60,  181,10115,   70
  215,20240714,    9,  230,   70,  184,10115,   72
  215,20240714,   10,  250,   70,  180,10118,   72
  215,20240714,   11,  240,   70,  189,10118,   71
  215,20240714,   12,  250,   70,  195,10121,   71
  215,20240714,   13,  260,   80,  191,10123,   69
  215,20240714,   14,  260,   80,  194,10124,   63
  215,20240714,   15,  250,   60,  190,10124,   62
  215,20240714,   16,  250,   50,  189,10121,   61
  215,20240714,   17,  240,   50,  183,10121,   60
  215,20240714,   18,  250,   40,  187,10122,   60
  215,20240714,   19,  250,   40,  179,10124,   61
  215,20240714,   20,  250,   30,  162,10126,   71
  215,20240714,   21,  210,   30,  135,10127,   84
  215,20240714,   22,  210,   40,  125,10126,   88
  215,20240714,   23,  190,   20,  121,10126,   93
  215,20240714,   24,  190,   20,  116,10124,   93
  215,20240715,    1,    0,    0,  113,10124,   97
  215,20240715,    2,  170,   10,  110,10124,   98
  215,20240715,    3,    0,    0,  113,10123,   98
  215,20240715,    4,  150,   10,  113,10124,   98
  215,20240715,    5,    0,    0,  129,10123,   97
  215,20240715,    6,  200,   10,  163,10123,   86
  215,20240715,    7,  150,   20,  190,10122,   76
  215,20240715,    8,  210,   20,  205,10122,   63
  215,20240715,    9,  210,   30,  218,10119,   61
  215,20240715,   10,  190,   40,  225,10117,   55
  215,20240715,   11,  160,   40,  231,10112,   55
  215,20240715,   12,  150,   30,  241,10107,   49
  215,20240715,   13,  110,   30,  241,10102,   54
  215,20240715,   14,  130,   40,  233,10099,   54
  215,20240715,   15,  130,   40,  228,10094,   55
  215,20240715,   16,   90,   20,  227,10091,   58
  215,20240715,   17,  100,   20,  216,10089,   66
  215,20240715,   18,   70,   20,  206,10081,   71
  215,20240715,   19,   50,   10,  199,10079,   80
  215,20240715,   20,   90,   40,  190,10073,   84
  215,20240715,   21,   50,   20,  179,10071,   87
  215,20240715,   22,   80,   30,  177,10064,   87
  215,20240715,   23,   90,   20,  174,10061,   88
  215,20240715,   24,  150,   10,  175,10056,   91
  215,20240716,    1,  130,   20,  170,10055,   94
  215,20240716,    2,  230,   40,  172,10057,   91
  215,20240716,    3,  210,   60,  167,10061,   86
  215,20240716,    4,  210,   60,  171,10066,   87
  215,20240716,    5,  230,   70,  170,10072,   84
  215,20240716,    6,  230,   60,  174,10080,   83
  215,20240716,    7,  220,   70,  176,10085,   82
  215,20240716,    8,  220,   50,  184,10087,   79
  215,20240716,    9,  200,   60,  188,10088,   78
  215,20240716,   10,  210,   80,  196,10091,   75
  215,20240716,   11,  210,   60,  184,10093,   86
  215,20240716,   12,  200,   60,  184,10098,   85
  215,20240716,   13,  240,   70,  188,10101,   72
  215,20240716,   14,  240,   70,  195,10105,   71
  215,20240716,   15,  240,   70,  187,10103,   72
  215,20240716,   16,  250,   70,  193,10104,   74
  215,20240716,   17,  250,   80,  183,10109,   80
  215,20240716,   18,  240,   60,  180,10115,   82
  215,20240716,   19,  240,   70,  179,10120,   83
  215,20240716,   20,  240,   70,  177,10127,   86
  215,20240716,   21,  280,   70,  169,10134,   83
  215,20240716,   22,  270,   50,  162,10139,   83
  215,20240716,   23,  270,   50,  163,10144,   83
  215,20240716,   24,  270,   50,  157,10149,   87
  215,20240717,    1,  280,   40,  158,10155,   88
  215,20240717,    2,  280,   40,  161,10160,   88
  215,20240717,    3,  280,   30,  161,10165,   89
  215,20240717,    4,  290,   20,  152,10170,   92
  215,20240717,    5,  290,   30,  165,10177,   86
  215,20240717,    6,  290,   30,  172,10182,   83
  215,20240717,    7,  260,   30,  179,10189,   83
  215,20240717,    8,  270,   30,  181,10194,   80
  215,20240717,    9,  240,   40,  194,10198,   79
  215,20240717,   10,  270,   50,  187,10206,   79
  215,20240717,   11,  270,   50,  197,10211,   78
  215,20240717,   12,  280,   50,  200,10213,   76
  215,20240717,   13,  290,   50,  196,10214,   76
  215,20240717,   14,  280,   50,  192,10220,   74
  215,20240717,   15,  280,   40,  194,10221,   73
  215,20240717,   16,  280,   40,  190,10223,   75
  215,20240717,   17,  320,   30,  186,10222,   75
  215,20240717,   18,  340,   20,  182,10225,   77
  215,20240717,   19,  320,   10,  176,10227,   81
  215,20240717,   20,  320,   10,  152,10229,   92
  215,20240717,   21,    0,    0,  141,10228,   98
  215,20240717,   22,  330,   10,  131,10229,   99
  215,20240717,   23,    0,    0,  131,10228,   99
  215,20240717,   24,    0,    0,  125,10229,   98
  215,20240718,    1,  350,   10,  123,10227,   98
  215,20240718,    2,    0,    0,  119,10227,   99
  215,20240718,    3,  310,   10,  117,10225,   98
  215,20240718,    4,  320,   10,  114,10226,   99
  215,20240718,    5,  120,   10,  130,10226,   99
  215,20240718,    6,  110,   20,  162,10228,   96
  215,20240718,    7,  110,   10,  179,10230,   89
  215,20240718,    8,  100,   10,  198,10230,   77
  215,20240718,    9,  990,   10,  221,10229,   64
  215,20240718,   10,  990,   10,  232,10229,   59
  215,20240718,   11,  990,   10,  244,10225,   54
  215,20240718,   12,  100,   10,  250,10222,   52
  215,20240718,   13,  320,   40,  248,10221,   51
  215,20240718,   14,  330,   30,  255,10219,   51
  215,20240718,   15,  330,   40,  254,10217,   53
  215,20240718,   16,  340,   50,  243,10216,   57
  215,20240718,   17,  350,   40,  240,10213,   56
  215,20240718,   18,  360,   30,  232,10212,   58
  215,20240718,   19,  360,   20,  218,10213,   67
  215,20240718,   20,   70,   20,  206,10216,   73
  215,20240718,   21,   70,   30,  206,10216,   72
  215,20240718,   22,   80,   30,  198,10214,   75
  215,20240718,   23,   70,   30,  198,10213,   73
  215,20240718,   24,   70,   30,  192,10211,   76
  215,20240719,    1,   70,   30,  187,10204,   80
  215,20240719,    2,   70,   10,  182,10199,   84
  215,20240719,    3,   70,   10,  175,10199,   89
  215,20240719,    4,   50,   10,  179,10200,   90
  215,20240719,    5,   70,   10,  186,10197,   86
  215,20240719,    6,   90,   10,  199,10196,   81
  215,20240719,    7,   90,   20,  208,10195,   78
  215,20240719,    8,  100,   20,  219,10191,   76
  215,20240719,    9,  110,   30,  227,10189,   76
  215,20240719,   10,   90,   30,  240,10188,   70
  215,20240719,   11,  120,   30,  264,10186,   65
  215,20240719,   12,  110,   20,  256,10184,   66
  215,20240719,   13,  130,   30,  259,10180,   65
  215,20240719,   14,  110,   30,  277,10173,   61
  215,20240719,   15,  120,   40,  285,10166,   55
  215,20240719,   16,  100,   40,  282,10161,   56
  215,20240719,   17,  120,   40,  274,10158,   59
  215,20240719,   18,  130,   30,  269,10154,   59
  215,20240719,   19,  110,   30,  254,10152,   62
  215,20240719,   20,  110,   20,  230,10151,   72
  215,20240719,   21,  120,   30,  219,10149,   75
  215,20240719,   22,  120,   30,  216,10148,   75
  215,20240719,   23,  120,   30,  202,10144,   80
  215,20240719,   24,  130,   30,  200,10139,   79
  215,20240720,    1,  130,   20,  188,10133,   84
  215,20240720,    2,  130,   10,  181,10128,   90
  215,20240720,    3,  120,   20,  176,10122,   86
  215,20240720,    4,  120,   10,  173,10117,   92
  215,20240720,    5,  150,   10,  194,10113,   83
  215,20240720,    6,  120,   30,  209,10108,   79
  215,20240720,    7,  130,   40,  233,10107,   70
  215,20240720,    8,  120,   40,  254,10103,   68
  215,20240720,    9,  140,   40,  269,10099,   60
  215,20240720,   10,  120,   50,  277,10093,   53
  215,20240720,   11,  130,   50,  282,10088,   55
  215,20240720,   12,  130,   50,  290,10082,   53
  215,20240720,   13,  140,   40,  294,10076,   51
  215,20240720,   14,  280,   60,  251,10074,   69
  215,20240720,   15,  280,   50,  230,10076,   71
  215,20240720,   16,  300,   30,  220,10070,   74
  215,20240720,   17,  290,   40,  224,10069,   68
  215,20240720,   18,  290,   30,  218,10067,   73
  215,20240720,   19,  340,   10,  206,10070,   81
  215,20240720,   20,    0,    0,  190,10071,   88
  215,20240720,   21,   20,   10,  178,10067,   93
  215,20240720,   22,  120,   10,  174,10064,   96
  215,20240720,   23,  270,   20,  170,10062,   96
  215,20240720,   24,    0,    0,  177,10059,   97
  215,20240721,    1,  100,   10,  178,10058,   96
  215,20240721,    2,  310,   20,  170,10056,   96
  215,20240721,    3,  240,   10,  165,10057,   96
  215,20240721,    4,    0,    0,  174,10062,   97
  215,20240721,    5,  340,   30,  182,10058,   93
  215,20240721,    6,  320,   40,  209,10062,   81
  215,20240721,    7,  310,   40,  206,10068,   81
  215,20240721,    8,  320,   50,  188,10074,   94
  215,20240721,    9,  340,   40,  196,10078,   94
  215,20240721,   10,  320,   20,  200,10087,   89
  215,20240721,   11,  330,   20,  217,10090,   80
  215,20240721,   12,  290,   30,  219,10093,   79
  215,20240721,   13,  280,   50,  212,10096,   83
  215,20240721,   14,  320,   40,  207,10101,   85
  215,20240721,   15,  320,   50,  192,10109,   87
  215,20240721,   16,  320,   40,  192,10113,   86
  215,20240721,   17,  310,   40,  188,10114,   86
  215,20240721,   18,  310,   40,  179,10115,   89
  215,20240721,   19,  310,   30,  178,10121,   88
  215,20240721,   20,  300,   30,  170,10128,   89
  215,20240721,   21,  310,   30,  164,10134,   88
  215,20240721,   22,  300,   30,  164,10137,   87
  215,20240721,   23,  300,   20,  151,10141,   88
  215,20240721,   24,  250,   20,  141,10145,   92
  215,20240722,    1,  250,   10,  130,10146,   96
  215,20240722,    2,  220,   10,  126,10148,   98
  215,20240722,    3,    0,    0,  125,10148,   97
  215,20240722,    4,   20,   10,  136,10149,   97
  215,20240722,    5,  200,   10,  143,10152,   96
  215,20240722,    6,  200,   10,  175,10155,   78
  215,20240722,    7,  200,   40,  187,10158,   77
  215,20240722,    8,  190,   20,  197,10158,   80
  215,20240722,    9,  210,   60,  198,10160,   79
  215,20240722,   10,  250,   70,  185,10168,   83
  215,20240722,   11,  240,   70,  201,10171,   63
  215,20240722,   12,  240,   60,  213,10169,   60
  215,20240722,   13,  240,   60,  215,10169,   60
  215,20240722,   14,  260,   60,  210,10170,   71
  215,20240722,   15,  240,   50,  210,10169,   70
  215,20240722,   16,  250,   40,  206,10168,   74
  215,20240722,   17,  250,   30,  200,10166,   77
  215,20240722,   18,  250,   50,  189,10167,   87
  215,20240722,   19,  220,   30,  188,10167,   90
  215,20240722,   20,  240,   40,  193,10166,   86
  215,20240722,   21,  220,   50,  193,10164,   86
  215,20240722,   22,  200,   40,  193,10161,   86
  215,20240722,   23,  220,   40,  194,10159,   83
  215,20240722,   24,  240,   60,  192,10159,   83
  215,20240723,    1,  240,   40,  187,10155,   84
  215,20240723,    2,  240,   40,  183,10151,   87
  215,20240723,    3,  240,   50,  181,10150,   87
  215,20240723,    4,  240,   30,  181,10146,   88
  215,20240723,    5,  240,   30,  184,10146,   88
  215,20240723,    6,  250,   40,  187,10146,   87
  215,20240723,    7,  260,   40,  190,10144,   87
  215,20240723,    8,  280,   40,  188,10148,   87
  215,20240723,    9,  280,   40,  195,10148,   87
  215,20240723,   10,  290,   40,  197,10151,   86
  215,20240723,   11,  300,   40,  205,10154,   80
  215,20240723,   12,  310,   40,  216,10158,   73
  215,20240723,   13,  330,   60,  214,10162,   77
  215,20240723,   14,  320,   60,  189,10172,   80
  215,20240723,   15,  320,   60,  197,10177,   78
  215,20240723,   16,  310,   60,  188,10181,   79
  215,20240723,   17,  310,   60,  178,10188,   81
  215,20240723,   18,  320,   50,  175,10191,   81
  215,20240723,   19,  310,   50,  172,10196,   82
  215,20240723,   20,  310,   60,  171,10200,   83
  215,20240723,   21,  320,   50,  170,10202,   85
  215,20240723,   22,  310,   40,  171,10206,   86
  215,20240723,   23,  330,   50,  170,10207,   87
  215,20240723,   24,  330,   50,  169,10208,   87
  215,20240724,    1,  330,   50,  167,10210,   86
  215,20240724,    2,  330,   50,  167,10211,   82
  215,20240724,    3,  330,   40,  165,10213,   83
  215,20240724,    4,  330,   30,  163,10215,   82
  215,20240724,    5,  330,   40,  164,10217,   81
  215,20240724,    6,  340,   30,  167,10216,   79
  215,20240724,    7,  330,   30,  176,10219,   74
  215,20240724,    8,  340,   40,  185,10224,   72
  215,20240724,    9,  340,   40,  186,10224,   73
  215,20240724,   10,  330,   30,  190,10223,   68
  215,20240724,   11,  320,   30,  184,10222,   71
  215,20240724,   12,  340,   40,  195,10221,   70
  215,20240724,   13,  340,   30,  197,10219,   70
  215,20240724,   14,  320,   40,  199,10215,   66
  215,20240724,   15,  320,   30,  193,10212,   68
  215,20240724,   16,  330,   30,  193,10207,   66
  215,20240724,   17,  330,   30,  189,10204,   67
  215,20240724,   18,  320,   20,  186,10199,   64
  215,20240724,   19,  350,   10,  174,10198,   77
  215,20240724,   20,    0,    0,  147,10192,   92
  215,20240724,   21,  200,   10,  131,10191,   97
  215,20240724,   22,  190,   10,  127,10188,   97
  215,20240724,   23,  160,   10,  133,10185,   97
  215,20240724,   24,  160,   20,  148,10179,   93
  215,20240725,    1,  150,   30,  160,10174,   81
  215,20240725,    2,  150,   30,  162,10166,   81
  215,20240725,    3,  150,   40,  165,10164,   80
  215,20240725,    4,  150,   30,  164,10157,   84
  215,20240725,    5,  150,   30,  167,10153,   83
  215,20240725,    6,  160,   30,  172,10151,   79
  215,20240725,    7,  160,   40,  184,10144,   79
  215,20240725,    8,  190,   30,  197,10142,   76
  215,20240725,    9,  210,   50,  205,10137,   75
  215,20240725,   10,  210,   60,  209,10132,   75
  215,20240725,   11,  220,   50,  216,10128,   74
  215,20240725,   12,  220,   60,  213,10126,   70
  215,20240725,   13,  200,   50,  214,10123,   73
  215,20240725,   14,  210,   50,  218,10118,   71
  215,20240725,   15,  250,   60,  200,10118,   79
  215,20240725,   16,  210,   40,  193,10114,   86
  215,20240725,   17,  210,   40,  199,10108,   80
  215,20240725,   18,  210,   60,  195,10107,   77
  215,20240725,   19,  190,   50,  184,10104,   87
  215,20240725,   20,  180,   40,  181,10101,   91
  215,20240725,   21,  180,   20,  180,10098,   92
  215,20240725,   22,  200,   40,  189,10096,   88
  215,20240725,   23,  200,   30,  188,10092,   89
  215,20240725,   24,  190,   40,  184,10086,   92
  215,20240726,    1,  200,   50,  184,10080,   94
  215,20240726,    2,  200,   40,  183,10077,   96
  215,20240726,    3,  250,   40,  181,10078,   97
  215,20240726,    4,  260,   60,  179,10079,   96
  215,20240726,    5,  260,   60,  178,10081,   94
  215,20240726,    6,  260,   50,  182,10086,   94
  215,20240726,    7,  270,   50,  186,10092,   91
  215,20240726,    8,  280,   60,  185,10098,   87
  215,20240726,    9,  290,   50,  192,10105,   81
  215,20240726,   10,  290,   60,  197,10107,   76
  215,20240726,   11,  290,   60,  197,10114,   78
  215,20240726,   12,  270,   50,  204,10118,   75
  215,20240726,   13,  270,   60,  203,10120,   74
  215,20240726,   14,  260,   60,  203,10122,   72
  215,20240726,   15,  260,   50,  202,10122,   68
  215,20240726,   16,  250,   50,  195,10125,   72
  215,20240726,   17,  270,   40,  192,10122,   67
  215,20240726,   18,  260,   40,  183,10126,   74
  215,20240726,   19,  260,   20,  179,10126,   78
  215,20240726,   20,    0,    0,  158,10130,   89
  215,20240726,   21,  170,   10,  140,10130,   97
  215,20240726,   22,  990,   10,  137,10130,   98
  215,20240726,   23,    0,    0,  121,10131,   99
  215,20240726,   24,    0,    0,  120,10130,   99
  215,20240727,    1,  150,   10,  123,10130,   99
  215,20240727,    2,    0,    0,  129,10128,   98
  215,20240727,    3,  140,   10,  128,10127,   99
  215,20240727,    4,    0,    0,  125,10128,   99
  215,20240727,    5,    0,    0,  129,10132,   99
  215,20240727,    6,    0,    0,  153,10135,   97
  215,20240727,    7,  190,   20,  181,10137,   85
  215,20240727,    8,  180,   30,  195,10138,   76
  215,20240727,    9,  180,   20,  205,10137,   63
  215,20240727,   10,  240,   10,  212,10137,   57
  215,20240727,   11,  290,   20,  207,10137,   65
  215,20240727,   12,  300,   40,  209,10140,   66
  215,20240727,   13,  290,   50,  209,10141,   68
  215,20240727,   14,  300,   50,  198,10144,   75
  215,20240727,   15,  270,   40,  210,10144,   69
  215,20240727,   16,  290,   40,  197,10145,   73
  215,20240727,   17,  300,   40,  197,10149,   72
  215,20240727,   18,  310,   40,  190,10155,   77
  215,20240727,   19,  310,   30,  178,10161,   83
  215,20240727,   20,  300,   20,  165,10168,   90
  215,20240727,   21,  290,   20,  155,10175,   93
  215,20240727,   22,  310,   20,  165,10181,   93
  215,20240727,   23,  270,   10,  143,10187,   98
  215,20240727,   24,  300,   40,  164,10194,   90
  215,20240728,    1,  310,   30,  156,10202,   88
  215,20240728,    2,  310,   20,  150,10207,   83
  215,20240728,    3,  310,   20,  148,10214,   83
  215,20240728,    4,  300,   20,  139,10223,   88
  215,20240728,    5,  310,   20,  157,10231,   81
  215,20240728,    6,  320,   30,  178,10239,   74
  215,20240728,    7,  320,   40,  186,10249,   70
  215,20240728,    8,  310,   40,  193,10256,   70
  215,20240728,    9,  320,   30,  198,10257,   66
  215,20240728,   10,  320,   30,  202,10262,   63
  215,20240728,   11,  330,   40,  209,10264,   64
  215,20240728,   12,  310,   40,  206,10268,   61
  215,20240728,   13,  320,   40,  212,10270,   62
  215,20240728,   14,  320,   40,  209,10271,   61
  215,20240728,   15,  330,   40,  210,10269,   65
  215,20240728,   16,  330,   40,  207,10265,   66
  215,20240728,   17,  340,   40,  199,10262,   68
  215,20240728,   18,  330,   30,  191,10260,   74
  215,20240728,   19,  350,   20,  180,10262,   77
  215,20240728,   20,   10,   20,  158,10264,   86
  215,20240728,   21,   20,   20,  150,10263,   89
  215,20240728,   22,   40,   10,  144,10261,   97
  215,20240728,   23,    0,    0,  136,10262,   98
  215,20240728,   24,    0,    0,  134,10259,   99
  215,20240729,    1,  160,   10,  136,10256,   98
  215,20240729,    2,  120,   20,  137,10255,   91
  215,20240729,    3,  100,   20,  134,10254,   91
  215,20240729,    4,  120,   20,  135,10255,   91
  215,20240729,    5,  120,   20,  145,10255,   89
  215,20240729,    6,  120,   30,  165,10254,   84
  215,20240729,    7,  130,   30,  185,10252,   77
  215,20240729,    8,  120,   30,  205,10250,   70
  215,20240729,    9,  120,   40,  226,10246,   64
  215,20240729,   10,  130,   40,  236,10242,   55
  215,20240729,   11,  110,   40,  240,10236,   50
  215,20240729,   12,  120,   40,  251,10230,   51
  215,20240729,   13,  110,   30,  253,10226,   48
  215,20240729,   14,   90,   40,  255,10219,   46
  215,20240729,   15,  110,   30,  257,10212,   45
  215,20240729,   16,  110,   40,  259,10204,   47
  215,20240729,   17,  110,   40,  256,10200,   49
  215,20240729,   18,  100,   30,  246,10197,   52
  215,20240729,   19,  100,   30,  229,10194,   58
  215,20240729,   20,   80,   20,  204,10195,   70
  215,20240729,   21,   70,   20,  186,10192,   82
  215,20240729,   22,   60,   20,  176,10191,   84
  215,20240729,   23,   90,   20,  180,10189,   80
  215,20240729,   24,   20,   10,  178,10184,   88
  215,20240730,    1,   70,   10,  175,10182,   90
  215,20240730,    2,   60,   10,  167,10177,   96
  215,20240730,    3,   70,   20,  169,10173,   84
  215,20240730,    4,   70,   10,  157,10172,   93
  215,20240730,    5,    0,    0,  162,10172,   96
  215,20240730,    6,    0,    0,  193,10172,   85
  215,20240730,    7,   80,   10,  217,10171,   71
  215,20240730,    8,  990,   10,  246,10170,   64
  215,20240730,    9,   60,   20,  265,10168,   53
  215,20240730,   10,   30,   20,  272,10168,   50
  215,20240730,   11,  330,   40,  262,10169,   61
  215,20240730,   12,  330,   50,  261,10169,   59
  215,20240730,   13,  330,   50,  265,10169,   59
  215,20240730,   14,  340,   50,  265,10168,   62
  215,20240730,   15,  330,   50,  263,10167,   60
  215,20240730,   16,  330,   50,  258,10165,   58
  215,20240730,   17,  340,   40,  260,10161,   59
  215,20240730,   18,  350,   30,  236,10160,   60
  215,20240730,   19,  340,   30,  220,10161,   71
  215,20240730,   20,  340,   30,  201,10163,   80
  215,20240730,   21,   30,   30,  219,10165,   68
  215,20240730,   22,   30,   30,  202,10163,   75
  215,20240730,   23,   30,   30,  205,10163,   75
  215,20240730,   24,   40,   30,  200,10162,   75
  215,20240731,    1,   30,   20,  188,10166,   80
  215,20240731,    2,   30,   20,  182,10166,   81
  215,20240731,    3,   30,   10,  166,10164,   87
  215,20240731,    4,   30,   20,  165,10162,   86
  215,20240731,    5,   40,   20,  176,10158,   80
  215,20240731,    6,   60,   40,  190,10154,   72
  215,20240731,    7,   70,   40,  205,10154,   65
  215,20240731,    8,   80,   60,  222,10156,   53
  215,20240731,    9,   70,   50,  226,10159,   53
  215,20240731,   10,   50,   40,  238,10160,   59
  215,20240731,   11,   60,   50,  245,10159,   48
  215,20240731,   12,   40,   40,  256,10157,   50
  215,20240731,   13,   30,   40,  253,10156,   51
  215,20240731,   14,   60,   40,  262,10149,   47
  215,20240731,   15,   40,   30,  259,10148,   47
  215,20240731,   16,   60,   30,  260,10142,   50
  215,20240731,   17,   30,   50,  244,10138,   59
  215,20240731,   18,   40,   40,  238,10138,   64
  215,20240731,   19,   40,   40,  229,10142,   69
  215,20240731,   20,   40,   30,  221,10144,   73
  215,20240731,   21,   30,   30,  207,10147,   80
  215,20240731,   22,   30,   30,  201,10141,   83
  215,20240731,   23,   30,   30,  196,10139,   84
  215,20240731,   24,   50,   40,  190,10139,   85
  215,20240801,    1,   60,   40,  186,10135,   88
  215,20240801,    2,   70,   50,  185,10133,   84
  215,20240801,    3,   60,   50,  179,10134,   86
  215,20240801,    4,   50,   40,  174,10127,   85
  215,20240801,    5,   80,   30,  174,10129,   82
  215,20240801,    6,   80,   40,  175,10129,   82
  215,20240801,    7,   70,   40,  177,10128,   81
  215,20240801,    8,   60,   40,  181,10125,   79
  215,20240801,    9,   60,   30,  192,10123,   76
  215,20240801,   10,   90,   30,  204,10125,   76
  215,20240801,   11,   80,   20,  209,10125,   74
  215,20240801,   12,   50,   20,  213,10127,   73
  215,20240801,   13,   40,   20,  224,10125,   71
  215,20240801,   14,   40,   20,  229,10124,   71
  215,20240801,   15,   60,   30,  232,10124,   69
  215,20240801,   16,   60,   30,  228,10122,   70
  215,20240801,   17,   40,   20,  232,10122,   70
  215,20240801,   18,   50,   20,  226,10124,   70
  215,20240801,   19,   60,   30,  210,10128,   75
  215,20240801,   20,   60,   30,  202,10133,   77
  215,20240801,   21,   50,   30,  192,10134,   83
  215,20240801,   22,   20,   20,  179,10135,   87
  215,20240801,   23,   30,   20,  176,10136,   88
  215,20240801,   24,   60,   20,  173,10137,   89
  215,20240802,    1,   80,   30,  172,10136,   87
  215,20240802,    2,   90,   30,  168,10134,   87
  215,20240802,    3,   80,   20,  157,10132,   90
  215,20240802,    4,   80,   20,  155,10131,   90
  215,20240802,    5,   90,   30,  156,10133,   89
  215,20240802,    6,  100,   20,  166,10135,   86
  215,20240802,    7,  100,   30,  176,10134,   82
  215,20240802,    8,  110,   30,  194,10131,   80
  215,20240802,    9,  130,   20,  212,10131,   76
  215,20240802,   10,  170,   20,  228,10132,   73
  215,20240802,   11,  170,   20,  240,10129,   64
  215,20240802,   12,  990,   10,  241,10126,   63
  215,20240802,   13,  990,   10,  246,10123,   63
  215,20240802,   14,  320,   40,  244,10120,   68
  215,20240802,   15,  320,   40,  239,10120,   70
  215,20240802,   16,  310,   30,  242,10116,   70
  215,20240802,   17,  320,   30,  237,10112,   71
  215,20240802,   18,  310,   20,  231,10109,   73
  215,20240802,   19,  300,   20,  212,10109,   81
  215,20240802,   20,   30,   10,  192,10113,   89
  215,20240802,   21,  260,   10,  178,10115,   96
  215,20240802,   22,  230,   10,  178,10116,   97
  215,20240802,   23,  240,   20,  182,10115,   91
  215,20240802,   24,  200,   10,  180,10113,   94
  215,20240803,    1,  230,   20,  183,10111,   95
  215,20240803,    2,  230,   20,  184,10107,   91
  215,20240803,    3,  190,   20,  177,10103,   92
  215,20240803,    4,  190,   20,  174,10104,   94
  215,20240803,    5,  220,   20,  175,10106,   96
  215,20240803,    6,  230,   20,  195,10106,   91
  215,20240803,    7,  270,   30,  208,10110,   78
  215,20240803,    8,  270,   40,  215,10116,   75
  215,20240803,    9,  270,   50,  217,10119,   75
  215,20240803,   10,  270,   40,  231,10117,   68
  215,20240803,   11,  260,   50,  222,10118,   76
  215,20240803,   12,  260,   50,  224,10117,   76
  215,20240803,   13,  260,   70,  218,10119,   75
  215,20240803,   14,  250,   70,  204,10120,   79
  215,20240803,   15,  250,   70,  200,10119,   82
  215,20240803,   16,  250,   60,  202,10116,   87
  215,20240803,   17,  250,   70,  205,10114,   79
  215,20240803,   18,  240,   80,  205,10110,   79
  215,20240803,   19,  240,   60,  201,10112,   81
  215,20240803,   20,  240,   50,  198,10117,   84
  215,20240803,   21,  250,   60,  197,10119,   84
  215,20240803,   22,  320,   30,  182,10122,   93
  215,20240803,   23,  320,   40,  174,10125,   92
  215,20240803,   24,  320,   20,  161,10126,   91
  215,20240804,    1,  320,   20,  157,10127,   91
  215,20240804,    2,  260,   10,  136,10130,   99
  215,20240804,    3,  260,   10,  132,10130,   99
  215,20240804,    4,  250,   10,  130,10132,   99
  215,20240804,    5,  240,   10,  131,10137,   97
  215,20240804,    6,  290,   10,  158,10141,   97
  215,20240804,    7,  330,   20,  178,10145,   77
  215,20240804,    8,  340,   30,  184,10150,   70
  215,20240804,    9,  340,   30,  188,10154,   67
  215,20240804,   10,  330,   30,  188,10159,   69
  215,20240804,   11,  310,   30,  189,10163,   69
  215,20240804,   12,  290,   30,  191,10161,   63
  215,20240804,   13,  290,   40,  195,10163,   62
  215,20240804,   14,  290,   20,  196,10162,   65
  215,20240804,   15,  290,   30,  189,10164,   65
  215,20240804,   16,  310,   30,  191,10160,   62
  215,20240804,   17,  330,   30,  188,10157,   65
  215,20240804,   18,  340,   20,  179,10155,   71
  215,20240804,   19,    0,    0,  171,10157,   77
  215,20240804,   20,    0,    0,  165,10159,   81
  215,20240804,   21,  120,   10,  162,10158,   87
  215,20240804,   22,  130,   10,  153,10158,   90
  215,20240804,   23,  140,   10,  156,10156,   90
  215,20240804,   24,  150,   10,  165,10152,   80
  215,20240805,    1,  140,   10,  163,10151,   84
  215,20240805,    2,  160,   10,  160,10146,   85
  215,20240805,    3,  190,   10,  153,10143,   92
  215,20240805,    4,    0,    0,  145,10141,   96
  215,20240805,    5,    0,    0,  147,10140,   97
  215,20240805,    6,  240,   10,  181,10142,   79
  215,20240805,    7,  240,   30,  196,10142,   75
  215,20240805,    8,  220,   40,  199,10144,   73
  215,20240805,    9,  240,   30,  200,10145,   71
  215,20240805,   10,  260,   40,  201,10144,   73
  215,20240805,   11,  230,   50,  220,10144,   66
  215,20240805,   12,  240,   40,  218,10141,   66
  215,20240805,   13,  250,   40,  214,10143,   69
  215,20240805,   14,  280,   50,  215,10141,   71
  215,20240805,   15,  250,   70,  214,10142,   62
  215,20240805,   16,  250,   50,  221,10137,   61
  215,20240805,   17,  280,   30,  222,10132,   65
  215,20240805,   18,  270,   10,  216,10131,   71
  215,20240805,   19,  350,   20,  192,10131,   82
  215,20240805,   20,   10,   10,  170,10133,   96
  215,20240805,   21,    0,    0,  161,10133,   98
  215,20240805,   22,  140,   10,  156,10131,   98
  215,20240805,   23,  130,   10,  157,10127,   99
  215,20240805,   24,  140,   10,  156,10123,   97
  215,20240806,    1,  140,   20,  150,10120,   97
  215,20240806,    2,  140,   30,  160,10116,   87
  215,20240806,    3,  140,   30,  168,10112,   84
  215,20240806,    4,  130,   20,  154,10111,   89
  215,20240806,    5,  140,   30,  166,10111,   87
  215,20240806,    6,  130,   40,  183,10108,   81
  215,20240806,    7,  140,   30,  208,10107,   74
  215,20240806,    8,  170,   40,  232,10105,   63
  215,20240806,    9,  190,   40,  243,10105,   59
  215,20240806,   10,  180,   30,  257,10103,   57
  215,20240806,   11,  310,   20,  262,10101,   63
  215,20240806,   12,  300,   50,  250,10098,   70
  215,20240806,   13,  280,   50,  241,10100,   68
  215,20240806,   14,  280,   50,  237,10100,   68
  215,20240806,   15,  270,   50,  239,10098,   63
  215,20240806,   16,  280,   40,  232,10096,   63
  215,20240806,   17,  280,   50,  232,10097,   64
  215,20240806,   18,  290,   30,  220,10099,   70
  215,20240806,   19,  280,   30,  204,10101,   78
  215,20240806,   20,  260,   20,  193,10103,   85
  215,20240806,   21,  250,   20,  192,10103,   83
  215,20240806,   22,  250,   20,  189,10103,   89
  215,20240806,   23,  250,   20,  193,10103,   89
  215,20240806,   24,  260,   30,  192,10103,   92
  215,20240807,    1,  270,   30,  194,10105,   92
  215,20240807,    2,  300,   40,  191,10105,   83
  215,20240807,    3,  290,   20,  179,10104,   87
  215,20240807,    4,  250,   20,  176,10109,   88
  215,20240807,    5,  160,   10,  166,10108,   92
  215,20240807,    6,  210,   10,  171,10112,   92
  215,20240807,    7,  250,   30,  183,10112,   82
  215,20240807,    8,  260,   50,  201,10116,   77
  215,20240807,    9,  270,   50,  205,10121,   68
  215,20240807,   10,  270,   50,  210,10125,   61
  215,20240807,   11,  280,   50,  212,10128,   62
  215,20240807,   12,  270,   60,  209,10132,   59
  215,20240807,   13,  270,   60,  207,10135,   62
  215,20240807,   14,  260,   60,  210,10134,   59
  215,20240807,   15,  260,   50,  216,10132,   58
  215,20240807,   16,  250,   60,  211,10130,   55
  215,20240807,   17,  260,   60,  202,10131,   60
  215,20240807,   18,  250,   50,  193,10134,   70
  215,20240807,   19,  240,   40,  179,10138,   72
  215,20240807,   20,  230,   30,  170,10141,   74
  215,20240807,   21,  230,   20,  171,10142,   77
  215,20240807,   22,  230,   20,  178,10144,   77
  215,20240807,   23,  230,   20,  180,10145,   81
  215,20240807,   24,  220,   20,  174,10142,   87
  215,20240808,    1,  230,   20,  175,10140,   83
  215,20240808,    2,  240,   30,  183,10141,   81
  215,20240808,    3,  250,   30,  181,10143,   81
  215,20240808,    4,  250,   30,  175,10144,   83
  215,20240808,    5,  260,   30,  178,10149,   80
  215,20240808,    6,  260,   40,  184,10154,   78
  215,20240808,    7,  270,   40,  188,10158,   75
  215,20240808,    8,  270,   50,  191,10163,   74
  215,20240808,    9,  250,   50,  203,10165,   70
  215,20240808,   10,  260,   60,  198,10168,   72
  215,20240808,   11,  260,   60,  209,10169,   67
  215,20240808,   12,  260,   60,  218,10166,   60
  215,20240808,   13,  230,   50,  225,10163,   52
  215,20240808,   14,  250,   50,  230,10160,   53
  215,20240808,   15,  200,   50,  236,10155,   52
  215,20240808,   16,  200,   50,  221,10151,   55
  215,20240808,   17,  220,   50,  223,10147,   57
  215,20240808,   18,  220,   50,  216,10143,   62
  215,20240808,   19,  250,   20,  198,10140,   82
  215,20240808,   20,  240,   40,  196,10143,   78
  215,20240808,   21,  220,   50,  191,10136,   82
  215,20240808,   22,  210,   70,  196,10134,   77
  215,20240808,   23,  200,   70,  190,10125,   85
  215,20240808,   24,  210,   70,  198,10119,   81
  215,20240809,    1,  220,   70,  205,10114,   84
  215,20240809,    2,  220,   90,  207,10111,   83
  215,20240809,    3,  230,   90,  207,10105,   82
  215,20240809,    4,  240,   80,  205,10109,   82
  215,20240809,    5,  240,   70,  201,10109,   84
  215,20240809,    6,  240,   80,  194,10110,   90
  215,20240809,    7,  240,   70,  192,10115,   91
  215,20240809,    8,  240,   70,  201,10120,   86
  215,20240809,    9,  240,   60,  201,10122,   85
  215,20240809,   10,  250,   80,  208,10127,   84
  215,20240809,   11,  250,   80,  214,10132,   80
  215,20240809,   12,  260,   90,  213,10138,   77
  215,20240809,   13,  260,   80,  217,10143,   75
  215,20240809,   14,  250,  100,  220,10148,   72
  215,20240809,   15,  260,   70,  222,10149,   71
  215,20240809,   16,  250,   60,  219,10154,   67
  215,20240809,   17,  250,   60,  214,10157,   69
  215,20240809,   18,  260,   60,  203,10161,   77
  215,20240809,   19,  260,   20,  186,10165,   83
  215,20240809,   20,  290,   10,  164,10169,   94
  215,20240809,   21,  210,   20,  157,10170,   96
  215,20240809,   22,  210,   10,  151,10170,   98
  215,20240809,   23,  100,   10,  152,10172,   98
  215,20240809,   24,  210,   10,  151,10172,   98
  215,20240810,    1,  210,   20,  152,10170,   98
  215,20240810,    2,  200,   30,  156,10172,   98
  215,20240810,    3,  200,   30,  150,10173,   98
  215,20240810,    4,  210,   30,  157,10177,   98
  215,20240810,    5,  240,   30,  169,10183,   89
  215,20240810,    6,  250,   30,  184,10187,   82
  215,20240810,    7,  260,   50,  192,10193,   77
  215,20240810,    8,  270,   50,  197,10198,   74
  215,20240810,    9,  260,   50,  203,10197,   66
  215,20240810,   10,  240,   60,  218,10200,   59
  215,20240810,   11,  260,   60,  213,10201,   63
  215,20240810,   12,  220,   70,  225,10200,   53
  215,20240810,   13,  250,   80,  219,10204,   58
  215,20240810,   14,  250,   70,  218,10205,   63
  215,20240810,   15,  260,   70,  215,10207,   71
  215,20240810,   16,  260,   60,  208,10209,   74
  215,20240810,   17,  240,   50,  209,10207,   69
  215,20240810,   18,  250,   40,  201,10206,   70
  215,20240810,   19,  260,   40,  195,10205,   78
  215,20240810,   20,  250,   30,  194,10209,   83
  215,20240810,   21,  230,   20,  189,10210,   86
  215,20240810,   22,  260,   10,  171,10213,   96
  215,20240810,   23,  230,   10,  179,10214,   93
  215,20240810,   24,  210,   10,  169,10212,   95
  215,20240811,    1,  190,   10,  169,10214,   98
  215,20240811,    2,  200,   10,  156,10215,   99
  215,20240811,    3,  210,   10,  144,10214,   98
  215,20240811,    4,    0,    0,  138,10216,   99
  215,20240811,    5,    0,    0,  137,10221,   99
  215,20240811,    6,    0,    0,  172,10225,   98
  215,20240811,    7,  150,   20,  206,10227,   84
  215,20240811,    8,  180,   20,  220,10227,   72
  215,20240811,    9,  230,   10,  235,10227,   69
  215,20240811,   10,  150,   20,  247,10224,   58
  215,20240811,   11,  320,   30,  247,10220,   66
  215,20240811,   12,   90,   20,  264,10216,   62
  215,20240811,   13,  330,   40,  255,10214,   62
  215,20240811,   14,  350,   50,  252,10211,   63
  215,20240811,   15,  350,   40,  254,10205,   64
  215,20240811,   16,  360,   50,  247,10200,   63
  215,20240811,   17,  360,   50,  242,10196,   66
  215,20240811,   18,   60,   50,  242,10191,   62
  215,20240811,   19,   60,   50,  226,10190,   66
  215,20240811,   20,   60,   50,  213,10188,   68
  215,20240811,   21,   60,   40,  206,10186,   79
  215,20240811,   22,   80,   50,  208,10182,   77
  215,20240811,   23,   80,   50,  197,10179,   78
  215,20240811,   24,   80,   50,  189,10173,   78
  215,20240812,    1,   80,   50,  180,10166,   80
  215,20240812,    2,   80,   40,  175,10160,   83
  215,20240812,    3,   80,   40,  173,10155,   83
  215,20240812,    4,   80,   40,  171,10149,   83
  215,20240812,    5,   90,   40,  174,10146,   81
  215,20240812,    6,  110,   50,  187,10143,   76
  215,20240812,    7,  110,   50,  206,10134,   71
  215,20240812,    8,  110,   50,  227,10129,   66
  215,20240812,    9,  100,   60,  245,10120,   63
  215,20240812,   10,  110,   50,  264,10116,   59
  215,20240812,   11,  120,   60,  283,10110,   57
  215,20240812,   12,  120,   60,  290,10102,   54
  215,20240812,   13,  120,   60,  298,10097,   55
  215,20240812,   14,  130,   50,  306,10094,   53
  215,20240812,   15,  140,   50,  307,10090,   51
  215,20240812,   16,  140,   50,  307,10087,   52
  215,20240812,   17,  130,   40,  300,10082,   59
  215,20240812,   18,  130,   40,  288,10081,   63
  215,20240812,   19,  110,   30,  269,10079,   70
  215,20240812,   20,  120,   40,  261,10080,   73
  215,20240812,   21,  140,   10,  248,10082,   81
  215,20240812,   22,  290,   10,  230,10083,   89
  215,20240812,   23,  230,   10,  223,10081,   93
  215,20240812,   24,    0,    0,  227,10081,   91
  215,20240813,    1,  260,   20,  222,10081,   88
  215,20240813,    2,  290,   10,  204,10082,   93
  215,20240813,    3,  210,   20,  196,10082,   97
  215,20240813,    4,  170,   10,  192,10081,   98
  215,20240813,    5,  150,   10,  191,10079,   98
  215,20240813,    6,  240,   20,  218,10081,   92
  215,20240813,    7,  250,   30,  219,10089,   87
  215,20240813,    8,  240,   30,  224,10095,   86
  215,20240813,    9,  220,   30,  238,10093,   82
  215,20240813,   10,  210,   20,  248,10094,   78
  215,20240813,   11,  260,   20,  253,10095,   72
  215,20240813,   12,  280,   40,  233,10096,   81
  215,20240813,   13,  260,   30,  252,10097,   61
  215,20240813,   14,  280,   40,  232,10098,   73
  215,20240813,   15,  270,   60,  214,10102,   81
  215,20240813,   16,  280,   20,  235,10097,   73
  215,20240813,   17,  270,   40,  223,10094,   74
  215,20240813,   18,  280,   40,  209,10100,   80
  215,20240813,   19,  350,   10,  207,10105,   84
  215,20240813,   20,  220,   10,  202,10112,   88
  215,20240813,   21,  130,   40,  201,10104,   88
  215,20240813,   22,  310,   10,  189,10101,   93
  215,20240813,   23,  300,   20,  187,10102,   94
  215,20240813,   24,  250,   20,  185,10102,   94
  215,20240814,    1,  130,   20,  188,10105,   92
  215,20240814,    2,  230,   10,  174,10102,   95
  215,20240814,    3,  210,   10,  181,10106,   98
  215,20240814,    4,  170,   20,  186,10111,   97
  215,20240814,    5,  240,   20,  191,10111,   91
  215,20240814,    6,  230,   20,  195,10109,   91
  215,20240814,    7,  250,   20,  198,10107,   91
  215,20240814,    8,  250,   20,  210,10110,   87
  215,20240814,    9,  320,   40,  216,10113,   84
  215,20240814,   10,  320,   20,  216,10116,   81
  215,20240814,   11,  310,   10,  221,10118,   79
  215,20240814,   12,    0,    0,  222,10125,   77
  215,20240814,   13,  280,   10,  217,10128,   82
  215,20240814,   14,  320,   20,  219,10126,   81
  215,20240814,   15,  990,   10,  237,10128,   78
  215,20240814,   16,  270,   30,  220,10131,   81
  215,20240814,   17,  280,   20,  218,10132,   80
  215,20240814,   18,  300,   20,  211,10132,   87
  215,20240814,   19,  300,   20,  204,10138,   88
  215,20240814,   20,  350,   20,  189,10140,   94
  215,20240814,   21,  290,   10,  177,10145,   99
  215,20240814,   22,  250,   10,  165,10151,   98
  215,20240814,   23,  280,   20,  165,10155,   99
  215,20240814,   24,  220,   20,  154,10156,   98
  215,20240815,    1,  220,   20,  175,10155,   98
  215,20240815,    2,  260,   10,  181,10153,   97
  215,20240815,    3,  230,   10,  162,10155,   98
  215,20240815,    4,  260,   10,  165,10155,   98
  215,20240815,    5,  210,   10,  165,10155,   98
  215,20240815,    6,  180,   20,  183,10162,   95
  215,20240815,    7,  200,   30,  200,10162,   91
  215,20240815,    8,  220,   40,  211,10164,   85
  215,20240815,    9,  230,   60,  219,10164,   79
  215,20240815,   10,  230,   60,  227,10162,   76
  215,20240815,   11,  230,   70,  224,10158,   70
  215,20240815,   12,  240,   60,  219,10160,   74
  215,20240815,   13,  230,   60,  230,10157,   69
  215,20240815,   14,  230,   70,  231,10153,   69
  215,20240815,   15,  230,   70,  238,10150,   64
  215,20240815,   16,  230,   70,  229,10146,   65
  215,20240815,   17,  240,   60,  221,10144,   67
  215,20240815,   18,  250,   50,  205,10145,   72
  215,20240815,   19,  240,   50,  197,10144,   68
  215,20240815,   20,  230,   70,  203,10147,   66
  215,20240815,   21,  230,   60,  197,10148,   77
  215,20240815,   22,  240,   70,  204,10147,   77
  215,20240815,   23,  230,   70,  205,10143,   79
  215,20240815,   24,  230,   60,  207,10142,   81
  215,20240816,    1,  240,   60,  204,10139,   85
  215,20240816,    2,  240,   60,  196,10136,   93
  215,20240816,    3,  240,   50,  195,10133,   94
  215,20240816,    4,  230,   40,  192,10132,   96
  215,20240816,    5,  240,   60,  192,10131,   96
  215,20240816,    6,  270,   30,  186,10134,   97
  215,20240816,    7,  250,   30,  186,10140,   96
  215,20240816,    8,  240,   20,  193,10143,   96
  215,20240816,    9,  240,   30,  206,10145,   90
  215,20240816,   10,  270,   40,  200,10148,   92
  215,20240816,   11,  300,   50,  202,10150,   89
  215,20240816,   12,  350,   30,  210,10150,   85
  215,20240816,   13,  320,   30,  216,10149,   80
  215,20240816,   14,  330,   30,  223,10149,   74
  215,20240816,   15,  340,   30,  213,10148,   76
  215,20240816,   16,  340,   40,  208,10150,   77
  215,20240816,   17,  340,   40,  200,10149,   77
  215,20240816,   18,  350,   40,  189,10146,   78
  215,20240816,   19,   10,   30,  178,10145,   81
  215,20240816,   20,   20,   20,  174,10146,   84
  215,20240816,   21,   30,   10,  172,10146,   85
  215,20240816,   22,   30,   10,  160,10145,   88
  215,20240816,   23,   10,   10,  155,10145,   96
  215,20240816,   24,  350,   10,  154,10142,   95
  215,20240817,    1,  350,   10,  148,10140,   96
  215,20240817,    2,   10,   10,  139,10137,   97
  215,20240817,    3,  350,   10,  126,10137,   99
  215,20240817,    4,    0,    0,  120,10136,   99
  215,20240817,    5,  360,   10,  115,10137,   99
  215,20240817,    6,    0,    0,  145,10139,   97
  215,20240817,    7,   80,   20,  182,10141,   75
  215,20240817,    8,   80,   30,  198,10143,   61
  215,20240817,    9,  100,   30,  209,10144,   58
  215,20240817,   10,  120,   20,  217,10144,   54
  215,20240817,   11,  260,   10,  217,10143,   52
  215,20240817,   12,  230,   10,  226,10139,   50
  215,20240817,   13,  120,   20,  222,10137,   52
  215,20240817,   14,  140,   10,  226,10133,   52
  215,20240817,   15,   10,   30,  229,10128,   52
  215,20240817,   16,  330,   40,  223,10125,   56
  215,20240817,   17,  340,   40,  215,10123,   59
  215,20240817,   18,  350,   20,  200,10121,   70
  215,20240817,   19,  340,   20,  175,10122,   77
  215,20240817,   20,   20,   20,  164,10123,   82
  215,20240817,   21,  360,   10,  155,10120,   92
  215,20240817,   22,  350,   10,  146,10116,   97
  215,20240817,   23,   50,   10,  142,10114,   97
  215,20240817,   24,   70,   10,  142,10111,   97
  215,20240818,    1,  340,   20,  136,10109,   95
  215,20240818,    2,  330,   20,  135,10108,   94
  215,20240818,    3,  330,   10,  139,10105,   97
  215,20240818,    4,    0,    0,  141,10105,   96
  215,20240818,    5,  270,   10,  137,10106,   98
  215,20240818,    6,    0,    0,  151,10109,   97
  215,20240818,    7,    0,    0,  176,10112,   86
  215,20240818,    8,  310,   10,  202,10117,   71
  215,20240818,    9,  320,   30,  211,10119,   69
  215,20240818,   10,  300,   30,  216,10121,   65
  215,20240818,   11,  310,   40,  213,10125,   70
  215,20240818,   12,  310,   50,  205,10130,   74
  215,20240818,   13,  300,   50,  205,10134,   75
  215,20240818,   14,  320,   60,  198,10137,   75
  215,20240818,   15,  310,   60,  199,10143,   61
  215,20240818,   16,  330,   50,  196,10148,   61
  215,20240818,   17,  320,   40,  189,10152,   62
  215,20240818,   18,  310,   30,  178,10155,   63
  215,20240818,   19,  270,   10,  153,10161,   78
  215,20240818,   20,  270,   10,  132,10171,   93
  215,20240818,   21,  240,   10,  124,10174,   94
  215,20240818,   22,  200,   10,  124,10177,   96
  215,20240818,   23,  190,   10,  119,10176,   97
  215,20240818,   24,  220,   10,  111,10178,   98
  215,20240819,    1,  220,   10,  113,10182,   98
  215,20240819,    2,  220,   10,  112,10179,   99
  215,20240819,    3,  200,   10,  110,10179,   99
  215,20240819,    4,  170,   10,  110,10177,   98
  215,20240819,    5,   20,   10,  111,10182,   99
  215,20240819,    6,  190,   20,  138,10183,   97
  215,20240819,    7,  170,   30,  170,10184,   84
  215,20240819,    8,  190,   50,  187,10187,   73
  215,20240819,    9,  180,   50,  200,10186,   62
  215,20240819,   10,  190,   60,  208,10185,   59
  215,20240819,   11,  170,   50,  218,10183,   56
  215,20240819,   12,  190,   50,  228,10181,   54
  215,20240819,   13,  220,   50,  226,10176,   56
  215,20240819,   14,  210,   50,  233,10171,   53
  215,20240819,   15,  190,   50,  226,10164,   53
  215,20240819,   16,  200,   40,  224,10159,   56
  215,20240819,   17,  190,   40,  218,10155,   58
  215,20240819,   18,  180,   30,  203,10150,   65
  215,20240819,   19,  170,   30,  196,10149,   65
  215,20240819,   20,  170,   30,  180,10149,   74
  215,20240819,   21,  160,   30,  171,10147,   79
  215,20240819,   22,  180,   20,  164,10145,   83
  215,20240819,   23,  170,   30,  177,10140,   81
  215,20240819,   24,  170,   20,  174,10133,   81
  215,20240820,    1,  180,   20,  172,10130,   83
  215,20240820,    2,  180,   20,  167,10125,   84
  215,20240820,    3,  170,   30,  162,10119,   84
  215,20240820,    4,  170,   30,  166,10116,   83
  215,20240820,    5,  170,   40,  166,10112,   82
  215,20240820,    6,  170,   30,  170,10111,   82
  215,20240820,    7,  180,   40,  181,10111,   79
  215,20240820,    8,  190,   40,  193,10110,   76
  215,20240820,    9,  190,   60,  200,10109,   73
  215,20240820,   10,  200,   50,  219,10104,   68
  215,20240820,   11,  200,   70,  221,10100,   64
  215,20240820,   12,  210,   60,  211,10095,   65
  215,20240820,   13,  220,   40,  175,10099,   93
  215,20240820,   14,  200,   40,  185,10097,   91
  215,20240820,   15,  210,   50,  183,10095,   94
  215,20240820,   16,  200,   30,  185,10090,   96
  215,20240820,   17,  190,   40,  182,10089,   96
  215,20240820,   18,  190,   40,  180,10088,   95
  215,20240820,   19,  200,   30,  173,10090,   95
  215,20240820,   20,  310,   70,  162,10096,   88
  215,20240820,   21,  320,   60,  162,10104,   72
  215,20240820,   22,  310,   50,  162,10108,   73
  215,20240820,   23,  290,   30,  148,10114,   79
  215,20240820,   24,  260,   20,  148,10116,   74
  215,20240821,    1,  290,   60,  167,10123,   65
  215,20240821,    2,  290,   70,  161,10128,   67
  215,20240821,    3,  280,   60,  153,10132,   68
  215,20240821,    4,  290,   60,  156,10135,   66
  215,20240821,    5,  270,   60,  156,10141,   68
  215,20240821,    6,  280,   70,  157,10149,   67
  215,20240821,    7,  270,   80,  162,10154,   66
  215,20240821,    8,  280,   70,  160,10161,   64
  215,20240821,    9,  260,   70,  164,10167,   65
  215,20240821,   10,  260,   70,  167,10171,   64
  215,20240821,   11,  270,   80,  182,10175,   61
  215,20240821,   12,  270,   70,  186,10177,   57
  215,20240821,   13,  270,   70,  176,10180,   63
  215,20240821,   14,  260,   70,  175,10181,   62
  215,20240821,   15,  260,   60,  175,10179,   62
  215,20240821,   16,  250,   60,  185,10172,   62
  215,20240821,   17,  240,   60,  182,10168,   60
  215,20240821,   18,  230,   50,  172,10164,   66
  215,20240821,   19,  230,   40,  159,10161,   70
  215,20240821,   20,  220,   40,  152,10162,   75
  215,20240821,   21,  210,   40,  157,10158,   73
  215,20240821,   22,  210,   50,  164,10153,   73
  215,20240821,   23,  210,   50,  160,10149,   75
  215,20240821,   24,  200,   50,  161,10143,   78
  215,20240822,    1,  210,   50,  158,10136,   80
  215,20240822,    2,  200,   40,  159,10129,   82
  215,20240822,    3,  210,   50,  159,10122,   80
  215,20240822,    4,  210,   60,  161,10116,   79
  215,20240822,    5,  210,   70,  159,10112,   79
  215,20240822,    6,  200,   60,  158,10111,   79
  215,20240822,    7,  200,   80,  168,10106,   74
  215,20240822,    8,  210,   80,  185,10101,   68
  215,20240822,    9,  210,   90,  189,10098,   64
  215,20240822,   10,  210,   80,  196,10093,   64
  215,20240822,   11,  200,  100,  202,10086,   57
  215,20240822,   12,  210,   70,  200,10087,   58
  215,20240822,   13,  210,   90,  214,10081,   53
  215,20240822,   14,  210,  100,  214,10079,   51
  215,20240822,   15,  220,  100,  207,10079,   47
  215,20240822,   16,  230,   60,  203,10075,   60
  215,20240822,   17,  230,   40,  200,10074,   66
  215,20240822,   18,  230,   80,  202,10071,   63
  215,20240822,   19,  230,   70,  203,10071,   60
  215,20240822,   20,  230,   60,  198,10071,   68
  215,20240822,   21,  230,   80,  200,10068,   70
  215,20240822,   22,  230,   70,  202,10060,   70
  215,20240822,   23,  210,   60,  201,10053,   67
  215,20240822,   24,  200,   60,  198,10050,   65
  215,20240823,    1,  200,   50,  195,10043,   66
  215,20240823,    2,  210,   60,  189,10037,   69
  215,20240823,    3,  210,   60,  192,10033,   68
  215,20240823,    4,  210,   70,  190,10026,   71
  215,20240823,    5,  200,   80,  191,10018,   73
  215,20240823,    6,  200,   90,  191,10016,   77
  215,20240823,    7,  210,   80,  196,10016,   77
  215,20240823,    8,  210,  130,  204,10019,   75
  215,20240823,    9,  220,  100,  194,10026,   83
  215,20240823,   10,  220,  100,  187,10035,   93
  215,20240823,   11,  240,   80,  203,10044,   88
  215,20240823,   12,  250,  100,  204,10054,   78
  215,20240823,   13,  240,   60,  208,10064,   78
  215,20240823,   14,  260,   80,  207,10074,   62
  215,20240823,   15,  260,   80,  209,10080,   61
  215,20240823,   16,  240,   70,  206,10086,   62
  215,20240823,   17,  240,   40,  195,10086,   66
  215,20240823,   18,  240,   30,  190,10088,   74
  215,20240823,   19,  220,   20,  169,10091,   85
  215,20240823,   20,  210,   20,  154,10095,   90
  215,20240823,   21,  200,   10,  149,10093,   90
  215,20240823,   22,  190,   20,  132,10095,   95
  215,20240823,   23,  200,   40,  157,10095,   83
  215,20240823,   24,  190,   40,  163,10087,   78
  215,20240824,    1,  190,   50,  161,10087,   80
  215,20240824,    2,  190,   40,  163,10084,   85
  215,20240824,    3,  180,   40,  167,10078,   84
  215,20240824,    4,  160,   40,  167,10073,   86
  215,20240824,    5,  160,   40,  159,10071,   93
  215,20240824,    6,  120,   30,  158,10066,   97
  215,20240824,    7,   80,   20,  161,10062,   97
  215,20240824,    8,  110,   40,  179,10054,   97
  215,20240824,    9,  170,   50,  206,10051,   92
  215,20240824,   10,  190,   50,  215,10047,   88
  215,20240824,   11,  190,   80,  225,10042,   78
  215,20240824,   12,  190,   80,  231,10036,   74
  215,20240824,   13,  190,   90,  238,10030,   72
  215,20240824,   14,  190,   80,  248,10029,   72
  215,20240824,   15,  280,  110,  195,10034,   80
  215,20240824,   16,  310,   40,  167,10045,   94
  215,20240824,   17,  140,   30,  166,10039,   94
  215,20240824,   18,  220,   20,  164,10038,   95
  215,20240824,   19,  220,   40,  167,10049,   92
  215,20240824,   20,  260,   30,  168,10057,   94
  215,20240824,   21,  240,   40,  169,10062,   91
  215,20240824,   22,  290,   50,  162,10081,   90
  215,20240824,   23,  280,   70,  165,10094,   81
  215,20240824,   24,  270,   60,  166,10105,   79
  215,20240825,    1,  260,   30,  153,10115,   85
  215,20240825,    2,  260,   30,  136,10125,   81
  215,20240825,    3,  270,   50,  150,10138,   72
  215,20240825,    4,  270,   50,  145,10149,   69
  215,20240825,    5,  270,   50,  150,10161,   67
  215,20240825,    6,  250,   60,  155,10171,   68
  215,20240825,    7,  250,   60,  163,10179,   66
  215,20240825,    8,  260,   50,  171,10189,   66
  215,20240825,    9,  260,   80,  179,10194,   59
  215,20240825,   10,  250,   60,  162,10201,   72
  215,20240825,   11,  250,   60,  187,10203,   63
  215,20240825,   12,  240,   60,  182,10205,   64
  215,20240825,   13,  240,   70,  192,10206,   58
  215,20240825,   14,  230,   60,  194,10206,   59
  215,20240825,   15,  240,   70,  193,10205,   54
  215,20240825,   16,  220,   70,  185,10203,   59
  215,20240825,   17,  230,   50,  179,10201,   67
  215,20240825,   18,  200,   30,  172,10200,   75
  215,20240825,   19,  230,   60,  171,10202,   62
  215,20240825,   20,  230,   50,  157,10203,   71
  215,20240825,   21,  220,   50,  160,10202,   72
  215,20240825,   22,  200,   50,  154,10200,   74
  215,20240825,   23,  200,   50,  149,10199,   77
  215,20240825,   24,  200,   50,  149,10197,   79
  215,20240826,    1,  200,   50,  146,10196,   82
  215,20240826,    2,  200,   50,  145,10196,   83
  215,20240826,    3,  210,   50,  148,10196,   82
  215,20240826,    4,  210,   60,  148,10196,   82
  215,20240826,    5,  200,   60,  151,10198,   81
  215,20240826,    6,  210,   60,  155,10200,   81
  215,20240826,    7,  210,   70,  161,10202,   83
  215,20240826,    8,  220,   60,  163,10206,   85
  215,20240826,    9,  210,   70,  169,10210,   82
  215,20240826,   10,  230,   60,  183,10211,   78
  215,20240826,   11,  220,   80,  202,10211,   72
  215,20240826,   12,  230,   70,  201,10212,   70
  215,20240826,   13,  240,   70,  199,10215,   68
  215,20240826,   14,  230,   70,  205,10214,   66
  215,20240826,   15,  250,   50,  208,10213,   63
  215,20240826,   16,  240,   40,  203,10213,   69
  215,20240826,   17,  220,   40,  202,10210,   68
  215,20240826,   18,  220,   10,  177,10212,   77
  215,20240826,   19,  230,   10,  155,10217,   89
  215,20240826,   20,  150,   20,  142,10220,   97
  215,20240826,   21,  160,   20,  140,10218,   97
  215,20240826,   22,  210,   10,  139,10222,   98
  215,20240826,   23,  200,   10,  129,10221,   98
  215,20240826,   24,  170,   10,  129,10221,   98
  215,20240827,    1,  160,   20,  124,10218,   99
  215,20240827,    2,  180,   20,  122,10217,   99
  215,20240827,    3,  160,   20,  122,10215,   98
  215,20240827,    4,  170,   20,  118,10215,   98
  215,20240827,    5,  180,   20,  120,10216,   99
  215,20240827,    6,  180,   20,  145,10218,   95
  215,20240827,    7,  190,   20,  166,10220,   86
  215,20240827,    8,  180,   30,  191,10221,   76
  215,20240827,    9,  180,   30,  200,10220,   68
  215,20240827,   10,  190,   40,  217,10215,   60
  215,20240827,   11,  190,   30,  231,10212,   58
  215,20240827,   12,  170,   30,  236,10208,   50
  215,20240827,   13,  190,   30,  242,10205,   48
  215,20240827,   14,  170,   20,  246,10199,   46
  215,20240827,   15,  180,   20,  247,10193,   46
  215,20240827,   16,  150,   30,  240,10189,   53
  215,20240827,   17,  340,   20,  222,10183,   65
  215,20240827,   18,    0,    0,  218,10182,   66
  215,20240827,   19,   10,   10,  174,10184,   85
  215,20240827,   20,    0,    0,  147,10186,   97
  215,20240827,   21,    0,    0,  138,10186,   98
  215,20240827,   22,  120,   10,  141,10184,   99
  215,20240827,   23,    0,    0,  137,10184,   98
  215,20240827,   24,    0,    0,  132,10181,   99
  215,20240828,    1,    0,    0,  121,10178,   99
  215,20240828,    2,    0,    0,  116,10172,   98
  215,20240828,    3,    0,    0,  124,10168,   99
  215,20240828,    4,    0,    0,  116,10165,   98
  215,20240828,    5,  100,   10,  121,10165,   99
  215,20240828,    6,  100,   10,  142,10165,   98
  215,20240828,    7,  110,   20,  182,10163,   81
  215,20240828,    8,  110,   20,  205,10160,   72
  215,20240828,    9,  130,   20,  234,10159,   65
  215,20240828,   10,  150,   30,  253,10154,   58
  215,20240828,   11,  130,   20,  266,10151,   57
  215,20240828,   12,  120,   40,  274,10144,   58
  215,20240828,   13,  150,   50,  277,10140,   53
  215,20240828,   14,  160,   40,  283,10134,   52
  215,20240828,   15,  150,   40,  281,10129,   52
  215,20240828,   16,  170,   40,  279,10126,   52
  215,20240828,   17,  170,   30,  269,10125,   55
  215,20240828,   18,  180,   20,  254,10124,   64
  215,20240828,   19,  280,   10,  201,10126,   87
  215,20240828,   20,    0,    0,  190,10128,   95
  215,20240828,   21,    0,    0,  182,10126,   98
  215,20240828,   22,   80,   10,  182,10126,   99
  215,20240828,   23,  990,   10,  169,10127,   99
  215,20240828,   24,  200,   10,  166,10129,   99
  215,20240829,    1,  990,   10,  162,10128,   99
  215,20240829,    2,  210,   10,  160,10130,   99
  215,20240829,    3,  250,   10,  152,10134,   99
  215,20240829,    4,  260,   20,  164,10135,   97
  215,20240829,    5,  200,   10,  165,10140,   96
  215,20240829,    6,    0,    0,  180,10142,   97
  215,20240829,    7,  270,   30,  206,10147,   87
  215,20240829,    8,  270,   40,  222,10155,   81
  215,20240829,    9,  310,   40,  219,10161,   79
  215,20240829,   10,  310,   50,  205,10167,   79
  215,20240829,   11,  300,   50,  221,10171,   76
  215,20240829,   12,  280,   50,  212,10176,   77
  215,20240829,   13,  290,   40,  206,10183,   77
  215,20240829,   14,  310,   40,  198,10188,   79
  215,20240829,   15,  300,   30,  207,10189,   73
  215,20240829,   16,  300,   40,  204,10194,   72
  215,20240829,   17,  280,   40,  195,10197,   74
  215,20240829,   18,  290,   40,  184,10199,   77
  215,20240829,   19,  320,   20,  159,10206,   87
  215,20240829,   20,  330,   10,  140,10204,   98
  215,20240829,   21,    0,    0,  134,10206,   97
  215,20240829,   22,    0,    0,  126,10207,   98
  215,20240829,   23,    0,    0,  126,10210,   98
  215,20240829,   24,  160,   10,  129,10213,   98
  215,20240830,    1,  160,   10,  119,10215,   99
  215,20240830,    2,  160,   10,  122,10216,   99
  215,20240830,    3,  160,   10,  119,10215,   99
  215,20240830,    4,  990,   10,  114,10214,   99
  215,20240830,    5,  990,   10,  115,10217,   99
  215,20240830,    6,    0,    0,  124,10220,   98
  215,20240830,    7,    0,    0,  134,10226,   98
  215,20240830,    8,   50,   20,  180,10228,   80
  215,20240830,    9,   60,   20,  202,10230,   61
  215,20240830,   10,   20,   20,  206,10230,   62
  215,20240830,   11,  330,   20,  216,10231,   55
  215,20240830,   12,   10,   30,  217,10231,   64
  215,20240830,   13,  350,   50,  214,10233,   64
  215,20240830,   14,  350,   60,  218,10231,   63
  215,20240830,   15,  360,   50,  203,10233,   67
  215,20240830,   16,  360,   70,  205,10232,   67
  215,20240830,   17,   30,   30,  199,10232,   63
  215,20240830,   18,   20,   30,  171,10234,   76
  215,20240830,   19,   30,   40,  181,10237,   69
  215,20240830,   20,   40,   50,  177,10244,   75
  215,20240830,   21,   40,   40,  172,10246,   77
  215,20240830,   22,   40,   40,  168,10247,   81
  215,20240830,   23,   40,   30,  169,10249,   83
  215,20240830,   24,   40,   40,  166,10246,   84
  215,20240831,    1,   60,   40,  169,10248,   82
  215,20240831,    2,   60,   40,  169,10248,   76
  215,20240831,    3,   70,   50,  166,10247,   77
  215,20240831,    4,   60,   60,  161,10244,   80
  215,20240831,    5,   60,   50,  156,10246,   81
  215,20240831,    6,   60,   60,  157,10246,   81
  215,20240831,    7,   60,   50,  160,10246,   79
  215,20240831,    8,   70,   70,  166,10247,   73
  215,20240831,    9,   60,   70,  186,10244,   65
  215,20240831,   10,   60,   70,  196,10242,   58
  215,20240831,   11,   60,   80,  203,10235,   57
  215,20240831,   12,   60,   80,  210,10229,   55
  215,20240831,   13,   60,   80,  211,10225,   56
  215,20240831,   14,   60,   70,  220,10219,   56
  215,20240831,   15,   80,   60,  222,10216,   58
  215,20240831,   16,   70,   70,  216,10212,   60
  215,20240831,   17,   70,   60,  208,10211,   64
  215,20240831,   18,   60,   60,  202,10208,   68
  215,20240831,   19,   70,   40,  196,10214,   71
  215,20240831,   20,   60,   50,  189,10213,   73
  215,20240831,   21,   60,   50,  186,10213,   74
  215,20240831,   22,   60,   50,  181,10208,   74
  215,20240831,   23,   60,   40,  177,10205,   75
  215,20240831,   24,   70,   50,  174,10195,   73
  215,20240901,    1,   70,   40,  168,10191,   76
  215,20240901,    2,   70,   40,  166,10187,   78
  215,20240901,    3,   70,   40,  163,10181,   79
  215,20240901,    4,   70,   50,  160,10173,   81
  215,20240901,    5,   70,   40,  161,10173,   81
  215,20240901,    6,   60,   50,  164,10171,   81
  215,20240901,    7,   80,   50,  165,10167,   81
  215,20240901,    8,   80,   40,  191,10167,   75
  215,20240901,    9,   80,   60,  200,10165,   73
  215,20240901,   10,   90,   40,  227,10160,   70
  215,20240901,   11,   90,   50,  249,10152,   64
  215,20240901,   12,   90,   50,  269,10147,   62
  215,20240901,   13,   90,   60,  280,10141,   58
  215,20240901,   14,   80,   50,  290,10136,   61
  215,20240901,   15,  100,   50,  293,10132,   59
  215,20240901,   16,  120,   50,  285,10128,   60
  215,20240901,   17,  110,   40,  272,10126,   65
  215,20240901,   18,  100,   30,  251,10128,   74
  215,20240901,   19,  100,   20,  231,10131,   81
  215,20240901,   20,  100,   30,  235,10130,   80
  215,20240901,   21,   90,   30,  226,10130,   82
  215,20240901,   22,  100,   30,  222,10127,   83
  215,20240901,   23,  110,   30,  217,10125,   85
  215,20240901,   24,  110,   30,  210,10123,   87
  215,20240902,    1,  160,   10,  200,10122,   92
  215,20240902,    2,  150,   10,  189,10118,   98
  215,20240902,    3,  150,   10,  176,10118,   99
  215,20240902,    4,    0,    0,  170,10115,   99
  215,20240902,    5,    0,    0,  161,10118,   99
  215,20240902,    6,  140,   10,  180,10123,   98
  215,20240902,    7,    0,    0,  208,10125,   98
  215,20240902,    8,  250,   20,  239,10125,   76
  215,20240902,    9,  220,   20,  254,10125,   68
  215,20240902,   10,  230,   20,  265,10120,   60
  215,20240902,   11,  220,   40,  271,10118,   59
  215,20240902,   12,  220,   40,  273,10119,   60
  215,20240902,   13,  280,   40,  267,10117,   63
  215,20240902,   14,  280,   50,  243,10116,   70
  215,20240902,   15,  280,   40,  236,10118,   73
  215,20240902,   16,  270,   40,  226,10116,   78
  215,20240902,   17,  280,   60,  211,10115,   83
  215,20240902,   18,  280,   20,  205,10122,   89
  215,20240902,   19,  310,   20,  195,10122,   91
  215,20240902,   20,   40,   10,  185,10125,   96
  215,20240902,   21,  240,   10,  173,10126,   97
  215,20240902,   22,  240,   10,  171,10126,   99
  215,20240902,   23,    0,    0,  169,10127,   99
  215,20240902,   24,  170,   10,  160,10127,   99
  215,20240903,    1,    0,    0,  160,10127,   99
  215,20240903,    2,  200,   10,  155,10125,   99
  215,20240903,    3,  120,   10,  166,10125,   98
  215,20240903,    4,    0,    0,  171,10126,   98
  215,20240903,    5,  130,   10,  176,10126,   98
  215,20240903,    6,    0,    0,  182,10128,   98
  215,20240903,    7,  160,   20,  198,10130,   94
  215,20240903,    8,  180,   20,  211,10133,   86
  215,20240903,    9,  160,   30,  222,10132,   82
  215,20240903,   10,  200,   40,  227,10135,   78
  215,20240903,   11,  240,   40,  219,10137,   78
  215,20240903,   12,  260,   40,  215,10140,   81
  215,20240903,   13,  260,   30,  209,10143,   81
  215,20240903,   14,  270,   30,  215,10142,   77
  215,20240903,   15,  280,   30,  208,10142,   76
  215,20240903,   16,  260,   30,  200,10144,   77
  215,20240903,   17,  260,   30,  188,10144,   85
  215,20240903,   18,  270,   20,  180,10147,   95
  215,20240903,   19,  210,   10,  179,10151,   95
  215,20240903,   20,  150,   20,  180,10151,   92
  215,20240903,   21,  160,   20,  182,10151,   92
  215,20240903,   22,  170,   10,  180,10153,   95
  215,20240903,   23,  160,   20,  177,10150,   94
  215,20240903,   24,  170,   20,  176,10151,   94
  215,20240904,    1,  170,   20,  172,10150,   96
  215,20240904,    2,  160,   20,  164,10151,   98
  215,20240904,    3,  180,   20,  158,10152,   98
  215,20240904,    4,  190,   30,  151,10150,   98
  215,20240904,    5,  190,   30,  153,10153,   97
  215,20240904,    6,  160,   30,  163,10155,   96
  215,20240904,    7,  180,   30,  175,10157,   96
  215,20240904,    8,  200,   30,  183,10160,   92
  215,20240904,    9,  210,   20,  201,10161,   84
  215,20240904,   10,  280,   30,  193,10162,   82
  215,20240904,   11,  280,   30,  199,10162,   79
  215,20240904,   12,  290,   40,  202,10162,   77
  215,20240904,   13,  330,   40,  202,10161,   81
  215,20240904,   14,  320,   30,  202,10161,   80
  215,20240904,   15,  340,   40,  193,10161,   82
  215,20240904,   16,  340,   20,  188,10164,   82
  215,20240904,   17,  340,   30,  188,10162,   84
  215,20240904,   18,  340,   30,  182,10163,   86
  215,20240904,   19,  350,   20,  167,10164,   90
  215,20240904,   20,   20,   10,  163,10165,   94
  215,20240904,   21,   10,   20,  154,10163,   97
  215,20240904,   22,   10,   10,  146,10163,   98
  215,20240904,   23,  990,   10,  133,10161,   99
  215,20240904,   24,   20,   20,  143,10156,   98
  215,20240905,    1,   10,   10,  145,10156,   99
  215,20240905,    2,   30,   20,  157,10154,   98
  215,20240905,    3,   40,   20,  160,10150,   98
  215,20240905,    4,   30,   20,  157,10144,   97
  215,20240905,    5,   20,   40,  160,10137,   95
  215,20240905,    6,   30,   50,  172,10132,   94
  215,20240905,    7,   20,   50,  179,10128,   94
  215,20240905,    8,   30,   40,  187,10122,   93
  215,20240905,    9,   40,   50,  201,10116,   89
  215,20240905,   10,   40,   70,  213,10106,   82
  215,20240905,   11,   50,   70,  227,10096,   77
  215,20240905,   12,   70,   80,  237,10089,   74
  215,20240905,   13,   80,   60,  261,10084,   68
  215,20240905,   14,   80,   60,  273,10082,   63
  215,20240905,   15,   60,   70,  277,10081,   60
  215,20240905,   16,   70,   60,  274,10083,   60
  215,20240905,   17,   80,   60,  269,10088,   61
  215,20240905,   18,   80,   30,  254,10094,   65
  215,20240905,   19,   50,   20,  241,10097,   69
  215,20240905,   20,   20,   20,  211,10096,   80
  215,20240905,   21,   60,   30,  229,10098,   71
  215,20240905,   22,   70,   30,  229,10099,   66
  215,20240905,   23,   70,   20,  214,10099,   68
  215,20240905,   24,   60,   30,  202,10096,   72
  215,20240906,    1,   70,   40,  216,10093,   60
  215,20240906,    2,   60,   50,  210,10092,   61
  215,20240906,    3,   60,   40,  202,10091,   65
  215,20240906,    4,   70,   50,  198,10088,   65
  215,20240906,    5,   70,   40,  192,10090,   66
  215,20240906,    6,   70,   50,  192,10093,   67
  215,20240906,    7,   80,   40,  201,10093,   66
  215,20240906,    8,   80,   60,  210,10093,   64
  215,20240906,    9,   90,   50,  223,10094,   62
  215,20240906,   10,  110,   60,  240,10098,   61
  215,20240906,   11,  130,   50,  246,10098,   61
  215,20240906,   12,  150,   50,  247,10099,   69
  215,20240906,   13,  160,   50,  250,10101,   65
  215,20240906,   14,  170,   50,  249,10103,   69
  215,20240906,   15,  190,   40,  235,10102,   76
  215,20240906,   16,  190,   50,  222,10103,   81
  215,20240906,   17,  190,   20,  216,10106,   83
  215,20240906,   18,  150,   20,  211,10114,   85
  215,20240906,   19,  240,   10,  204,10117,   92
  215,20240906,   20,  140,   10,  197,10121,   96
  215,20240906,   21,  200,   30,  194,10122,   97
  215,20240906,   22,  200,   20,  190,10122,   97
  215,20240906,   23,  130,   10,  183,10120,   98
  215,20240906,   24,  150,   20,  181,10124,   98
  215,20240907,    1,  210,   20,  181,10122,   97
  215,20240907,    2,  190,   20,  180,10122,   96
  215,20240907,    3,  150,   10,  168,10121,   98
  215,20240907,    4,  180,   10,  157,10120,   99
  215,20240907,    5,  120,   10,  152,10119,   99
  215,20240907,    6,  130,   20,  175,10119,   98
  215,20240907,    7,  120,   20,  183,10119,   97
  215,20240907,    8,  150,   30,  191,10119,   91
  215,20240907,    9,  130,   30,  203,10119,   83
  215,20240907,   10,  140,   30,  217,10117,   78
  215,20240907,   11,  140,   30,  225,10113,   72
  215,20240907,   12,  140,   40,  230,10112,   65
  215,20240907,   13,  110,   30,  239,10107,   62
  215,20240907,   14,  100,   40,  246,10102,   62
  215,20240907,   15,   90,   30,  241,10099,   65
  215,20240907,   16,  100,   40,  250,10095,   65
  215,20240907,   17,  100,   30,  242,10096,   68
  215,20240907,   18,   80,   20,  231,10094,   74
  215,20240907,   19,   70,   30,  229,10094,   74
  215,20240907,   20,   80,   30,  230,10088,   75
  215,20240907,   21,   90,   40,  227,10084,   76
  215,20240907,   22,  110,   30,  217,10083,   81
  215,20240907,   23,  140,   40,  215,10088,   83
  215,20240907,   24,  110,   30,  204,10080,   89
  215,20240908,    1,  150,   20,  195,10077,   94
  215,20240908,    2,  170,   20,  193,10072,   95
  215,20240908,    3,  190,   50,  190,10076,   92
  215,20240908,    4,  190,   40,  186,10079,   93
  215,20240908,    5,  210,   40,  179,10078,   93
  215,20240908,    6,  190,   30,  174,10081,   95
  215,20240908,    7,  220,   50,  173,10084,   86
  215,20240908,    8,  210,   50,  184,10089,   77
  215,20240908,    9,  210,   60,  194,10086,   73
  215,20240908,   10,  180,   70,  199,10086,   67
  215,20240908,   11,  190,   60,  203,10083,   65
  215,20240908,   12,  180,   60,  202,10080,   64
  215,20240908,   13,  170,   60,  212,10074,   60
  215,20240908,   14,  180,   60,  207,10069,   59
  215,20240908,   15,  170,   50,  209,10068,   60
  215,20240908,   16,  200,   50,  195,10065,   61
  215,20240908,   17,  170,   30,  195,10062,   65
  215,20240908,   18,  170,   20,  189,10061,   67
  215,20240908,   19,  150,   20,  186,10059,   71
  215,20240908,   20,  170,   30,  186,10053,   69
  215,20240908,   21,  170,   20,  178,10047,   76
  215,20240908,   22,  110,   20,  152,10044,   85
  215,20240908,   23,  110,   30,  147,10039,   88
  215,20240908,   24,  130,   20,  144,10035,   90
  215,20240909,    1,  110,   20,  150,10031,   90
  215,20240909,    2,  120,   10,  153,10028,   89
  215,20240909,    3,  120,   10,  151,10026,   92
  215,20240909,    4,  130,   10,  153,10026,   92
  215,20240909,    5,  290,   10,  148,10026,   96
  215,20240909,    6,    0,    0,  152,10030,   97
  215,20240909,    7,  140,   10,  170,10030,   89
  215,20240909,    8,  320,   20,  192,10034,   82
  215,20240909,    9,  290,   20,  180,10040,   88
  215,20240909,   10,  300,   40,  196,10042,   83
  215,20240909,   11,  310,   60,  205,10046,   73
  215,20240909,   12,  310,   70,  205,10049,   75
  215,20240909,   13,  310,   80,  197,10055,   75
  215,20240909,   14,  310,   80,  194,10060,   74
  215,20240909,   15,  320,   70,  190,10065,   76
  215,20240909,   16,  330,   80,  169,10074,   86
  215,20240909,   17,  330,   80,  162,10086,   76
  215,20240909,   18,  330,   80,  157,10094,   71
  215,20240909,   19,  320,   70,  158,10104,   68
  215,20240909,   20,  320,   70,  155,10106,   67
  215,20240909,   21,  320,   60,  154,10111,   69
  215,20240909,   22,  310,   50,  151,10113,   71
  215,20240909,   23,  290,   30,  151,10112,   73
  215,20240909,   24,  250,   20,  143,10111,   82
  215,20240910,    1,  270,   50,  151,10109,   77
  215,20240910,    2,  270,   60,  151,10110,   72
  215,20240910,    3,  250,   40,  144,10105,   71
  215,20240910,    4,  260,   40,  146,10102,   72
  215,20240910,    5,  250,   40,  145,10098,   69
  215,20240910,    6,  230,   40,  153,10096,   71
  215,20240910,    7,  230,   50,  168,10091,   69
  215,20240910,    8,  230,   50,  164,10087,   74
  215,20240910,    9,  230,   80,  163,10081,   69
  215,20240910,   10,  240,   80,  161,10077,   76
  215,20240910,   11,  230,   90,  165,10072,   76
  215,20240910,   12,  230,   80,  154,10067,   89
  215,20240910,   13,  210,   60,  154,10064,   94
  215,20240910,   14,  210,   80,  155,10057,   93
  215,20240910,   15,  240,   60,  165,10052,   88
  215,20240910,   16,  250,   40,  156,10047,   92
  215,20240910,   17,  250,   60,  142,10045,   94
  215,20240910,   18,  250,   70,  160,10038,   88
  215,20240910,   19,  240,   70,  148,10037,   90
  215,20240910,   20,  330,   20,  145,10032,   96
  215,20240910,   21,  350,   30,  134,10027,   95
  215,20240910,   22,  330,   90,  114,10031,   93
  215,20240910,   23,  350,   20,  111,10027,   94
  215,20240910,   24,  240,   20,  112,10028,   97
  215,20240911,    1,  170,   20,  108,10025,   97
  215,20240911,    2,  170,   20,  107,10024,   95
  215,20240911,    3,  240,   20,  112,10026,   87
  215,20240911,    4,  290,   40,  125,10029,   72
  215,20240911,    5,  300,   30,  112,10034,   80
  215,20240911,    6,  270,   60,  124,10038,   74
  215,20240911,    7,  280,   80,  135,10041,   66
  215,20240911,    8,  280,   70,  130,10044,   71
  215,20240911,    9,  280,  100,  136,10049,   66
  215,20240911,   10,  270,   90,  140,10051,   64
  215,20240911,   11,  270,   90,  138,10053,   64
  215,20240911,   12,  280,  100,  144,10057,   62
  215,20240911,   13,  270,   60,  116,10061,   73
  215,20240911,   14,  280,   70,  151,10062,   59
  215,20240911,   15,  290,   70,  141,10065,   59
  215,20240911,   16,  320,   30,  129,10066,   69
  215,20240911,   17,  320,   20,  120,10064,   75
  215,20240911,   18,  270,   20,   97,10071,   88
  215,20240911,   19,  220,   20,   95,10077,   92
  215,20240911,   20,  140,   30,   90,10076,   92
  215,20240911,   21,  130,   30,   92,10083,   92
  215,20240911,   22,  180,   20,   83,10083,   94
  215,20240911,   23,  190,   30,   88,10082,   95
  215,20240911,   24,  260,   60,   92,10088,   88
  215,20240912,    1,  200,   40,   90,10089,   90
  215,20240912,    2,  130,   30,   87,10094,   87
  215,20240912,    3,  240,   30,   90,10096,   86
  215,20240912,    4,  210,   20,   82,10098,   93
  215,20240912,    5,  230,   10,   78,10103,   96
  215,20240912,    6,  190,   10,   82,10105,   97
  215,20240912,    7,  220,   30,  107,10111,   91
  215,20240912,    8,  240,   40,  109,10116,   88
  215,20240912,    9,  240,   20,  121,10120,   80
  215,20240912,   10,  280,   40,  142,10123,   69
  215,20240912,   11,  320,   50,   99,10135,   89
  215,20240912,   12,  360,   40,  122,10135,   82
  215,20240912,   13,  300,   30,  135,10140,   72
  215,20240912,   14,  340,   50,  121,10143,   79
  215,20240912,   15,  330,   60,  140,10144,   67
  215,20240912,   16,  310,   30,  141,10146,   64
  215,20240912,   17,  330,   40,  126,10152,   70
  215,20240912,   18,  290,   30,  113,10157,   85
  215,20240912,   19,  990,   10,  111,10163,   89
  215,20240912,   20,   50,   30,  107,10167,   85
  215,20240912,   21,   20,   10,   92,10172,   92
  215,20240912,   22,  260,   10,   70,10179,   98
  215,20240912,   23,  260,   10,   72,10185,   99
  215,20240912,   24,    0,    0,   65,10188,   98
  215,20240913,    1,    0,    0,   64,10192,   99
  215,20240913,    2,    0,    0,   64,10197,   99
  215,20240913,    3,    0,    0,   66,10203,   98
  215,20240913,    4,  990,   10,   74,10211,   97
  215,20240913,    5,  360,   20,   94,10217,   97
  215,20240913,    6,  350,   10,  107,10226,   94
  215,20240913,    7,  360,   50,  131,10234,   86
  215,20240913,    8,   50,   30,  132,10242,   86
  215,20240913,    9,   30,   40,  150,10248,   73
  215,20240913,   10,   10,   50,  159,10252,   67
  215,20240913,   11,  360,   70,  164,10257,   63
  215,20240913,   12,  350,   70,  166,10262,   56
  215,20240913,   13,  350,   70,  167,10266,   59
  215,20240913,   14,  340,   70,  164,10269,   57
  215,20240913,   15,  340,   60,  158,10272,   58
  215,20240913,   16,  340,   50,  150,10277,   57
  215,20240913,   17,  350,   50,  142,10280,   62
  215,20240913,   18,  350,   50,  136,10285,   62
  215,20240913,   19,   20,   20,  127,10290,   71
  215,20240913,   20,    0,    0,   97,10294,   87
  215,20240913,   21,  990,   10,   84,10300,   95
  215,20240913,   22,  240,   10,   83,10303,   97
  215,20240913,   23,  240,   10,   93,10303,   97
  215,20240913,   24,  240,   20,  102,10304,   94
  215,20240914,    1,  210,   10,   86,10303,   96
  215,20240914,    2,  230,   10,   83,10305,   97
  215,20240914,    3,  230,   10,   78,10304,   98
  215,20240914,    4,  180,   10,   71,10305,   98
  215,20240914,    5,  180,   10,   73,10307,   97
  215,20240914,    6,  170,   10,   72,10309,   98
  215,20240914,    7,  170,   10,  106,10309,   97
  215,20240914,    8,  210,   10,  139,10312,   75
  215,20240914,    9,  180,   10,  162,10314,   57
  215,20240914,   10,  240,   30,  160,10311,   56
  215,20240914,   11,  270,   40,  167,10310,   54
  215,20240914,   12,  280,   40,  169,10310,   56
  215,20240914,   13,  250,   50,  170,10310,   58
  215,20240914,   14,  260,   40,  168,10306,   57
  215,20240914,   15,  240,   40,  168,10303,   59
  215,20240914,   16,  260,   30,  159,10303,   62
  215,20240914,   17,  260,   30,  147,10303,   67
  215,20240914,   18,  250,   20,  115,10303,   81
  215,20240914,   19,  250,   10,  100,10304,   92
  215,20240914,   20,  190,   10,   90,10300,   95
  215,20240914,   21,  190,   20,   90,10296,   95
  215,20240914,   22,  200,   10,   93,10294,   95
  215,20240914,   23,  170,   10,   85,10293,   97
  215,20240914,   24,  190,   10,   78,10291,   98
  215,20240915,    1,  180,   20,   80,10292,   98
  215,20240915,    2,  170,   10,   79,10286,   98
  215,20240915,    3,  180,   20,   80,10281,   97
  215,20240915,    4,  190,   20,   80,10278,   98
  215,20240915,    5,  160,   20,  101,10277,   96
  215,20240915,    6,  190,   20,  116,10276,   93
  215,20240915,    7,  200,   10,  129,10276,   92
  215,20240915,    8,  220,   20,  166,10276,   85
  215,20240915,    9,  290,   40,  183,10275,   72
  215,20240915,   10,  270,   40,  173,10275,   71
  215,20240915,   11,  260,   40,  183,10271,   66
  215,20240915,   12,  280,   40,  187,10269,   66
  215,20240915,   13,  270,   50,  180,10266,   68
  215,20240915,   14,  270,   50,  181,10263,   68
  215,20240915,   15,  250,   50,  181,10260,   67
  215,20240915,   16,  260,   40,  174,10258,   69
  215,20240915,   17,  250,   30,  154,10256,   77
  215,20240915,   18,  240,   20,  146,10255,   81
  215,20240915,   19,  240,   10,  137,10252,   89
  215,20240915,   20,  240,   20,  146,10248,   85
  215,20240915,   21,  210,   10,  147,10245,   88
  215,20240915,   22,  150,   10,  142,10249,   91
  215,20240915,   23,  180,   10,  135,10249,   93
  215,20240915,   24,  200,   10,  125,10246,   96
  215,20240916,    1,  200,   10,  104,10245,   99
  215,20240916,    2,  190,   10,  105,10244,   99
  215,20240916,    3,  990,   10,  111,10242,   98
  215,20240916,    4,  110,   10,  128,10241,   97
  215,20240916,    5,  150,   10,  133,10243,   97
  215,20240916,    6,  260,   20,  141,10247,   97
  215,20240916,    7,  340,   30,  166,10250,   90
  215,20240916,    8,   10,   40,  168,10256,   89
  215,20240916,    9,   10,   60,  178,10260,   82
  215,20240916,   10,   10,   70,  181,10261,   80
  215,20240916,   11,  360,   80,  184,10265,   73
  215,20240916,   12,  360,   70,  186,10268,   69
  215,20240916,   13,  350,   70,  193,10271,   68
  215,20240916,   14,  360,   70,  190,10271,   69
  215,20240916,   15,  350,   70,  182,10271,   73
  215,20240916,   16,   10,   70,  176,10274,   72
  215,20240916,   17,  360,   80,  167,10280,   74
  215,20240916,   18,   20,   40,  153,10284,   76
  215,20240916,   19,   20,   30,  141,10289,   81
  215,20240916,   20,   10,   40,  135,10292,   84
  215,20240916,   21,   10,   40,  136,10293,   81
  215,20240916,   22,   10,   30,  131,10292,   89
  215,20240916,   23,   10,   40,  138,10292,   91
  215,20240916,   24,   10,   40,  145,10295,   92
  215,20240917,    1,   20,   30,  138,10291,   93
  215,20240917,    2,   20,   20,  125,10293,   97
  215,20240917,    3,   20,   30,  134,10294,   95
  215,20240917,    4,   10,   30,  131,10296,   95
  215,20240917,    5,   20,   40,  136,10299,   94
  215,20240917,    6,   30,   40,  149,10302,   90
  215,20240917,    7,   30,   40,  157,10303,   89
  215,20240917,    8,   30,   50,  167,10304,   87
  215,20240917,    9,   40,   60,  179,10304,   83
  215,20240917,   10,   50,   50,  182,10304,   80
  215,20240917,   11,   50,   60,  188,10303,   75
  215,20240917,   12,   60,   80,  185,10300,   70
  215,20240917,   13,   40,   60,  192,10299,   69
  215,20240917,   14,   50,   60,  198,10294,   65
  215,20240917,   15,   30,   60,  189,10293,   69
  215,20240917,   16,   30,   50,  186,10293,   71
  215,20240917,   17,   30,   50,  176,10292,   74
  215,20240917,   18,   40,   30,  168,10294,   77
  215,20240917,   19,   30,   30,  160,10298,   80
  215,20240917,   20,   30,   40,  154,10298,   83
  215,20240917,   21,   40,   40,  151,10299,   87
  215,20240917,   22,   60,   30,  146,10299,   89
  215,20240917,   23,   50,   30,  142,10298,   92
  215,20240917,   24,   40,   30,  145,10295,   91
  215,20240918,    1,   40,   30,  146,10294,   92
  215,20240918,    2,   50,   40,  146,10293,   92
  215,20240918,    3,   40,   30,  145,10289,   92
  215,20240918,    4,   60,   40,  144,10286,   93
  215,20240918,    5,   60,   30,  141,10287,   94
  215,20240918,    6,   50,   30,  143,10288,   93
  215,20240918,    7,   60,   40,  150,10288,   92
  215,20240918,    8,   60,   40,  163,10290,   90
  215,20240918,    9,   60,   50,  182,10289,   83
  215,20240918,   10,   50,   40,  193,10287,   77
  215,20240918,   11,   60,   60,  198,10285,   74
  215,20240918,   12,   70,   60,  208,10281,   73
  215,20240918,   13,   60,   60,  211,10275,   68
  215,20240918,   14,   60,   50,  217,10272,   69
  215,20240918,   15,   50,   60,  214,10267,   68
  215,20240918,   16,   40,   60,  209,10265,   70
  215,20240918,   17,   40,   50,  203,10265,   72
  215,20240918,   18,   40,   40,  193,10268,   76
  215,20240918,   19,   50,   60,  188,10271,   78
  215,20240918,   20,   50,   50,  180,10271,   83
  215,20240918,   21,   50,   60,  176,10272,   87
  215,20240918,   22,   70,   40,  173,10275,   88
  215,20240918,   23,   70,   40,  169,10272,   90
  215,20240918,   24,   70,   20,  164,10272,   91
  215,20240919,    1,   60,   40,  160,10268,   93
  215,20240919,    2,   60,   40,  160,10263,   92
  215,20240919,    3,   60,   30,  156,10261,   93
  215,20240919,    4,   60,   40,  155,10259,   94
  215,20240919,    5,   60,   40,  153,10259,   95
  215,20240919,    6,   60,   40,  154,10260,   95
  215,20240919,    7,   50,   40,  165,10261,   92
  215,20240919,    8,   60,   50,  175,10265,   90
  215,20240919,    9,   60,   40,  186,10265,   87
  215,20240919,   10,   60,   50,  192,10260,   80
  215,20240919,   11,   60,   50,  201,10258,   74
  215,20240919,   12,   60,   50,  211,10252,   69
  215,20240919,   13,   50,   50,  216,10248,   69
  215,20240919,   14,   50,   50,  219,10242,   68
  215,20240919,   15,   50,   50,  216,10238,   69
  215,20240919,   16,   40,   50,  206,10233,   72
  215,20240919,   17,   40,   50,  197,10232,   74
  215,20240919,   18,   40,   40,  186,10232,   77
  215,20240919,   19,   40,   50,  180,10233,   81
  215,20240919,   20,   70,   60,  176,10236,   82
  215,20240919,   21,   80,   50,  164,10240,   84
  215,20240919,   22,   80,   40,  159,10238,   88
  215,20240919,   23,   60,   30,  155,10234,   91
  215,20240919,   24,   60,   30,  154,10230,   92
  215,20240920,    1,   60,   40,  158,10229,   91
  215,20240920,    2,   60,   40,  154,10227,   91
  215,20240920,    3,   60,   40,  157,10224,   89
  215,20240920,    4,   70,   40,  157,10224,   91
  215,20240920,    5,   70,   40,  154,10224,   92
  215,20240920,    6,   70,   40,  153,10226,   91
  215,20240920,    7,   70,   40,  160,10227,   86
  215,20240920,    8,   80,   50,  169,10228,   81
  215,20240920,    9,   80,   50,  182,10228,   77
  215,20240920,   10,   70,   60,  193,10225,   69
  215,20240920,   11,   80,   60,  207,10222,   62
  215,20240920,   12,   90,   70,  216,10218,   58
  215,20240920,   13,   90,   70,  222,10214,   55
  215,20240920,   14,   90,   60,  225,10210,   56
  215,20240920,   15,   70,   50,  224,10206,   55
  215,20240920,   16,   80,   50,  219,10204,   55
  215,20240920,   17,   70,   40,  209,10205,   58
  215,20240920,   18,   70,   30,  191,10208,   66
  215,20240920,   19,   80,   40,  186,10211,   67
  215,20240920,   20,   70,   30,  176,10212,   71
  215,20240920,   21,   70,   30,  169,10212,   74
  215,20240920,   22,   80,   30,  166,10212,   76
  215,20240920,   23,   80,   30,  152,10209,   83
  215,20240920,   24,   70,   20,  149,10208,   84
  215,20240921,    1,   70,   20,  142,10207,   87
  215,20240921,    2,   60,   10,  121,10207,   92
  215,20240921,    3,   80,   10,  120,10204,   97
  215,20240921,    4,   60,   10,  122,10205,   96
  215,20240921,    5,   60,   10,  118,10203,   97
  215,20240921,    6,   70,   10,  121,10205,   98
  215,20240921,    7,   90,   20,  147,10206,   88
  215,20240921,    8,   90,   30,  166,10205,   82
  215,20240921,    9,   90,   30,  180,10205,   78
  215,20240921,   10,   70,   20,  192,10202,   75
  215,20240921,   11,   80,   30,  212,10198,   67
  215,20240921,   12,  100,   30,  226,10194,   62
  215,20240921,   13,  110,   40,  230,10189,   61
  215,20240921,   14,  120,   40,  238,10185,   54
  215,20240921,   15,  110,   40,  236,10183,   53
  215,20240921,   16,  100,   30,  229,10181,   58
  215,20240921,   17,  100,   30,  211,10181,   65
  215,20240921,   18,   70,   20,  183,10183,   73
  215,20240921,   19,   70,   20,  180,10185,   78
  215,20240921,   20,   70,   20,  152,10186,   89
  215,20240921,   21,   70,   20,  149,10184,   91
  215,20240921,   22,   60,   10,  135,10182,   97
  215,20240921,   23,   60,   10,  131,10180,   97
  215,20240921,   24,   70,   30,  150,10177,   90
  215,20240922,    1,   60,   20,  135,10175,   94
  215,20240922,    2,    0,    0,  131,10170,   95
  215,20240922,    3,   60,   20,  134,10165,   96
  215,20240922,    4,   20,   10,  126,10163,   97
  215,20240922,    5,   60,   10,  121,10160,   98
  215,20240922,    6,   70,   20,  140,10159,   94
  215,20240922,    7,   90,   30,  158,10158,   88
  215,20240922,    8,  110,   30,  175,10158,   80
  215,20240922,    9,  100,   20,  186,10154,   77
  215,20240922,   10,  100,   30,  212,10151,   71
  215,20240922,   11,  110,   30,  223,10147,   65
  215,20240922,   12,  100,   30,  218,10141,   70
  215,20240922,   13,  120,   30,  224,10135,   64
  215,20240922,   14,  120,   30,  219,10132,   70
  215,20240922,   15,  120,   30,  205,10129,   77
  215,20240922,   16,  120,   20,  201,10126,   78
  215,20240922,   17,  110,   20,  194,10123,   83
  215,20240922,   18,   90,   20,  187,10120,   87
  215,20240922,   19,  100,   20,  181,10119,   86
  215,20240922,   20,  120,   30,  185,10116,   82
  215,20240922,   21,  110,   20,  180,10112,   85
  215,20240922,   22,  100,   20,  170,10108,   91
  215,20240922,   23,  160,   20,  174,10107,   90
  215,20240922,   24,  100,   10,  167,10096,   92
  215,20240923,    1,  100,   20,  155,10088,   93
  215,20240923,    2,  110,   20,  162,10081,   90
  215,20240923,    3,  140,   30,  165,10078,   88
  215,20240923,    4,  160,   30,  167,10073,   87
  215,20240923,    5,  140,   30,  165,10073,   89
  215,20240923,    6,  140,   30,  163,10071,   91
  215,20240923,    7,  160,   30,  162,10072,   95
  215,20240923,    8,  190,   40,  171,10074,   92
  215,20240923,    9,  200,   50,  182,10076,   82
  215,20240923,   10,  190,   60,  193,10074,   75
  215,20240923,   11,  190,   70,  196,10073,   72
  215,20240923,   12,  210,   50,  199,10069,   73
  215,20240923,   13,  200,   70,  198,10066,   68
  215,20240923,   14,  220,   50,  199,10062,   68
  215,20240923,   15,  180,   50,  188,10058,   77
  215,20240923,   16,  200,   30,  184,10056,   82
  215,20240923,   17,  220,   40,  177,10055,   78
  215,20240923,   18,  170,   10,  157,10055,   87
  215,20240923,   19,  190,   40,  169,10056,   84
  215,20240923,   20,  230,   30,  151,10057,   89
  215,20240923,   21,  180,   20,  134,10054,   93
  215,20240923,   22,  160,   30,  144,10050,   93
  215,20240923,   23,  170,   20,  132,10047,   95
  215,20240923,   24,  180,   20,  126,10044,   95
  215,20240924,    1,  170,   30,  134,10039,   93
  215,20240924,    2,  160,   30,  128,10034,   94
  215,20240924,    3,  180,   30,  125,10030,   93
  215,20240924,    4,  180,   30,  119,10025,   95
  215,20240924,    5,  170,   30,  122,10023,   95
  215,20240924,    6,  190,   40,  133,10022,   94
  215,20240924,    7,  190,   40,  136,10022,   95
  215,20240924,    8,  190,   50,  141,10022,   90
  215,20240924,    9,  190,   50,  151,10021,   85
  215,20240924,   10,  200,   50,  159,10020,   84
  215,20240924,   11,  200,   60,  164,10019,   81
  215,20240924,   12,  220,   60,  173,10016,   76
  215,20240924,   13,  220,   40,  172,10011,   80
  215,20240924,   14,  230,   50,  156,10011,   91
  215,20240924,   15,  270,   40,  160,10011,   93
  215,20240924,   16,  280,   70,  160,10015,   86
  215,20240924,   17,  290,   50,  159,10021,   81
  215,20240924,   18,  290,   50,  154,10027,   79
  215,20240924,   19,  280,   40,  154,10031,   79
  215,20240924,   20,  260,   20,  137,10032,   86
  215,20240924,   21,  200,   30,  139,10032,   90
  215,20240924,   22,  270,   50,  148,10034,   76
  215,20240924,   23,  260,   50,  154,10035,   68
  215,20240924,   24,  250,   30,  152,10034,   68
  215,20240925,    1,  250,   40,  153,10032,   69
  215,20240925,    2,  240,   30,  153,10029,   71
  215,20240925,    3,  200,   30,  145,10025,   81
  215,20240925,    4,  210,   30,  141,10021,   93
  215,20240925,    5,  220,   20,  137,10020,   94
  215,20240925,    6,  210,   20,  137,10022,   90
  215,20240925,    7,  210,   40,  139,10026,   92
  215,20240925,    8,  210,   30,  138,10027,   90
  215,20240925,    9,  200,   30,  147,10028,   85
  215,20240925,   10,  210,   40,  150,10029,   83
  215,20240925,   11,  210,   40,  160,10028,   80
  215,20240925,   12,  210,   50,  162,10023,   75
  215,20240925,   13,  190,   40,  169,10017,   70
  215,20240925,   14,  170,   20,  158,10010,   79
  215,20240925,   15,  180,   30,  169,10002,   78
  215,20240925,   16,  190,   40,  158, 9996,   84
  215,20240925,   17,  180,   10,  147, 9990,   94
  215,20240925,   18,  180,   20,  148, 9985,   92
  215,20240925,   19,  170,   20,  142, 9978,   92
  215,20240925,   20,  150,   20,  143, 9970,   89
  215,20240925,   21,  150,   20,  141, 9961,   90
  215,20240925,   22,  150,   40,  145, 9950,   88
  215,20240925,   23,  130,   30,  139, 9935,   93
  215,20240925,   24,  120,   40,  140, 9920,   96
  215,20240926,    1,  120,   50,  139, 9905,   96
  215,20240926,    2,  110,   40,  138, 9888,   97
  215,20240926,    3,  130,   40,  141, 9875,   97
  215,20240926,    4,  190,   50,  148, 9868,   97
  215,20240926,    5,  200,   70,  154, 9864,   94
  215,20240926,    6,  230,   60,  160, 9872,   91
  215,20240926,    7,  210,   40,  161, 9877,   92
  215,20240926,    8,  220,   90,  161, 9885,   86
  215,20240926,    9,  230,   70,  159, 9890,   91
  215,20240926,   10,  210,   70,  170, 9891,   82
  215,20240926,   11,  210,   70,  175, 9896,   80
  215,20240926,   12,  220,   70,  181, 9895,   79
  215,20240926,   13,  220,   60,  169, 9899,   86
  215,20240926,   14,  220,   60,  173, 9895,   85
  215,20240926,   15,  240,   30,  177, 9887,   83
  215,20240926,   16,  170,   30,  179, 9882,   83
  215,20240926,   17,  160,   30,  170, 9880,   85
  215,20240926,   18,  170,   30,  151, 9883,   80
  215,20240926,   19,  200,   40,  135, 9887,   87
  215,20240926,   20,  200,   60,  151, 9889,   84
  215,20240926,   21,  210,   80,  151, 9889,   79
  215,20240926,   22,  210,   90,  146, 9887,   85
  215,20240926,   23,  210,  110,  146, 9891,   82
  215,20240926,   24,  220,  110,  136, 9899,   86
  215,20240927,    1,  210,  100,  129, 9906,   89
  215,20240927,    2,  210,  100,  132, 9909,   86
  215,20240927,    3,  220,  120,  118, 9914,   87
  215,20240927,    4,  210,  110,  120, 9908,   85
  215,20240927,    5,  200,  100,  115, 9908,   86
  215,20240927,    6,  210,  100,  115, 9909,   88
  215,20240927,    7,  210,  110,  116, 9911,   87
  215,20240927,    8,  210,  120,  121, 9911,   83
  215,20240927,    9,  210,  110,  120, 9918,   83
  215,20240927,   10,  210,  110,  116, 9926,   88
  215,20240927,   11,  210,  100,  118, 9929,   89
  215,20240927,   12,  250,   60,  118, 9941,   93
  215,20240927,   13,  300,   30,  130, 9950,   96
  215,20240927,   14,  320,   50,  130, 9965,   93
  215,20240927,   15,  340,   70,  137, 9979,   74
  215,20240927,   16,  340,   80,  127, 9998,   82
  215,20240927,   17,  340,   90,  137,10013,   71
  215,20240927,   18,  340,  100,  132,10031,   71
  215,20240927,   19,  340,   90,  132,10048,   66
  215,20240927,   20,  330,   90,  128,10064,   73
  215,20240927,   21,  340,   90,  122,10077,   72
  215,20240927,   22,  330,   80,  125,10088,   64
  215,20240927,   23,  330,   80,  124,10097,   62
  215,20240927,   24,  330,   70,  118,10105,   70
  215,20240928,    1,  360,   50,  103,10116,   77
  215,20240928,    2,  350,   60,  111,10127,   77
  215,20240928,    3,  340,   70,  109,10131,   75
  215,20240928,    4,  330,   50,  104,10143,   78
  215,20240928,    5,  330,   30,   94,10151,   90
  215,20240928,    6,  310,   40,  106,10159,   76
  215,20240928,    7,  330,   60,  117,10173,   69
  215,20240928,    8,  320,   70,  126,10184,   67
  215,20240928,    9,  330,   70,  136,10194,   66
  215,20240928,   10,  320,   60,  127,10203,   68
  215,20240928,   11,  290,   20,  118,10210,   79
  215,20240928,   12,  320,   60,  136,10214,   67
  215,20240928,   13,  310,   80,  116,10223,   74
  215,20240928,   14,  310,   50,  134,10228,   61
  215,20240928,   15,  320,   50,  128,10234,   62
  215,20240928,   16,  310,   40,  122,10237,   62
  215,20240928,   17,  310,   30,  116,10244,   67
  215,20240928,   18,  310,   30,  109,10250,   72
  215,20240928,   19,  300,   20,   99,10256,   70
  215,20240928,   20,  270,   20,   81,10260,   86
  215,20240928,   21,  210,   20,   59,10265,   94
  215,20240928,   22,  110,   10,   59,10271,   95
  215,20240928,   23,  220,   10,   54,10273,   98
  215,20240928,   24,  160,   10,   63,10275,   98
  215,20240929,    1,  120,   10,   62,10275,   98
  215,20240929,    2,    0,    0,   55,10271,   98
  215,20240929,    3,  120,   10,   46,10270,   98
  215,20240929,    4,  120,   10,   49,10268,   99
  215,20240929,    5,  170,   10,   46,10269,   99
  215,20240929,    6,  200,   10,   53,10271,  100
  215,20240929,    7,  180,   20,   82,10274,   96
  215,20240929,    8,  180,   30,  109,10276,   83
  215,20240929,    9,  180,   40,  128,10274,   72
  215,20240929,   10,  180,   50,  131,10270,   66
  215,20240929,   11,  160,   40,  136,10266,   61
  215,20240929,   12,  160,   50,  131,10261,   62
  215,20240929,   13,  160,   40,  131,10252,   63
  215,20240929,   14,  140,   50,  128,10245,   67
  215,20240929,   15,  130,   40,  127,10236,   70
  215,20240929,   16,  130,   40,  127,10229,   70
  215,20240929,   17,  110,   40,  115,10220,   75
  215,20240929,   18,  110,   30,  107,10215,   79
  215,20240929,   19,  110,   30,   97,10210,   82
  215,20240929,   20,  100,   40,   93,10200,   83
  215,20240929,   21,  110,   50,   92,10191,   82
  215,20240929,   22,  120,   40,   96,10184,   82
  215,20240929,   23,  120,   40,   94,10175,   81
  215,20240929,   24,  120,   40,   93,10163,   82
  215,20240930,    1,  120,   60,   96,10152,   80
  215,20240930,    2,  120,   60,   94,10139,   81
  215,20240930,    3,  120,   60,   90,10130,   82
  215,20240930,    4,  130,   50,   88,10123,   82
  215,20240930,    5,  120,   60,   91,10113,   82
  215,20240930,    6,  120,   60,   88,10107,   84
  215,20240930,    7,  120,   60,   95,10101,   83
  215,20240930,    8,  130,   60,  103,10098,   83
  215,20240930,    9,  130,   60,  110,10092,   82
  215,20240930,   10,  130,   70,  111,10085,   88
  215,20240930,   11,  120,   70,  117,10079,   90
  215,20240930,   12,  120,   70,  115,10072,   95
  215,20240930,   13,  130,   70,  121,10062,   95
  215,20240930,   14,  130,   70,  129,10051,   96
  215,20240930,   15,  130,   70,  139,10037,   96
  215,20240930,   16,  150,   70,  147,10030,   96
  215,20240930,   17,  190,   70,  149,10027,   96
  215,20240930,   18,  210,   80,  148,10028,   90
  215,20240930,   19,  210,   80,  148,10031,   85
  215,20240930,   20,  210,   80,  142,10030,   89
  215,20240930,   21,  200,   70,  137,10031,   93
  215,20240930,   22,  210,   70,  138,10029,   92
  215,20240930,   23,  210,   70,  133,10028,   94
  215,20240930,   24,  210,   60,  132,10028,   93
  215,20241001,    1,  200,   60,  131,10028,   94
  215,20241001,    2,  200,   60,  129,10026,   94
  215,20241001,    3,  200,   60,  128,10024,   95
  215,20241001,    4,  190,   60,  125,10021,   96
  215,20241001,    5,  200,   40,  128,10023,   97
  215,20241001,    6,  230,   50,  140,10025,   89
  215,20241001,    7,  220,   70,  135,10026,   94
  215,20241001,    8,  230,   50,  136,10030,   96
  215,20241001,    9,  230,   70,  139,10033,   95
  215,20241001,   10,  230,   70,  141,10035,   94
  215,20241001,   11,  230,   70,  142,10040,   92
  215,20241001,   12,  210,   60,  145,10042,   90
  215,20241001,   13,  210,   70,  141,10045,   91
  215,20241001,   14,  200,   40,  139,10046,   95
  215,20241001,   15,  200,   50,  137,10047,   93
  215,20241001,   16,  210,   60,  138,10045,   89
  215,20241001,   17,  180,   40,  133,10050,   91
  215,20241001,   18,  160,   30,  123,10053,   94
  215,20241001,   19,  180,   20,  129,10057,   94
  215,20241001,   20,  140,   20,  128,10055,   95
  215,20241001,   21,  130,   20,  123,10060,   96
  215,20241001,   22,  120,   20,  120,10064,   96
  215,20241001,   23,  120,   10,  116,10067,   97
  215,20241001,   24,   80,   10,  117,10070,   97
  215,20241002,    1,    0,    0,  109,10074,   97
  215,20241002,    2,   80,   10,  111,10076,   98
  215,20241002,    3,    0,    0,  112,10078,   98
  215,20241002,    4,   60,   10,  111,10082,   98
  215,20241002,    5,   30,   10,  120,10088,   98
  215,20241002,    6,   50,   50,  123,10097,   95
  215,20241002,    7,   50,   60,  117,10105,   91
  215,20241002,    8,   50,   50,  116,10113,   89
  215,20241002,    9,   60,   40,  120,10119,   88
  215,20241002,   10,   40,   40,  121,10125,   87
  215,20241002,   11,   50,   50,  120,10128,   86
  215,20241002,   12,   50,   50,  123,10130,   84
  215,20241002,   13,   50,   50,  129,10133,   78
  215,20241002,   14,   50,   60,  137,10136,   74
  215,20241002,   15,   50,   70,  132,10140,   72
  215,20241002,   16,   60,   60,  128,10144,   72
  215,20241002,   17,   60,   60,  120,10151,   75
  215,20241002,   18,   60,   50,  119,10159,   73
  215,20241002,   19,   60,   50,  119,10167,   68
  215,20241002,   20,   60,   40,  117,10174,   71
  215,20241002,   21,   30,   20,  112,10178,   78
  215,20241002,   22,   60,   50,  119,10180,   76
  215,20241002,   23,   50,   30,  110,10184,   77
  215,20241002,   24,   40,   30,   98,10186,   80
  215,20241003,    1,   50,   40,   93,10190,   81
  215,20241003,    2,   50,   30,   83,10191,   83
  215,20241003,    3,   40,   30,   83,10192,   82
  215,20241003,    4,   60,   20,   77,10194,   86
  215,20241003,    5,   50,   20,   70,10196,   89
  215,20241003,    6,   30,   20,   58,10201,   91
  215,20241003,    7,   10,   20,   85,10206,   90
  215,20241003,    8,   20,   30,  111,10212,   78
  215,20241003,    9,   40,   40,  126,10214,   74
  215,20241003,   10,   40,   40,  134,10214,   67
  215,20241003,   11,   50,   70,  140,10214,   59
  215,20241003,   12,   60,   60,  146,10210,   60
  215,20241003,   13,   60,   70,  144,10210,   58
  215,20241003,   14,   60,   70,  145,10208,   55
  215,20241003,   15,   60,   50,  145,10208,   56
  215,20241003,   16,   50,   50,  135,10208,   61
  215,20241003,   17,   40,   30,  129,10212,   66
  215,20241003,   18,   10,   20,   94,10216,   79
  215,20241003,   19,   20,   30,   88,10218,   83
  215,20241003,   20,   20,   20,   76,10219,   87
  215,20241003,   21,   20,   20,   69,10221,   92
  215,20241003,   22,   20,   20,   60,10222,   95
  215,20241003,   23,   10,   20,   48,10221,   97
  215,20241003,   24,  340,   10,   53,10219,   98
  215,20241004,    1,  330,   10,   46,10219,   99
  215,20241004,    2,  330,   10,   46,10217,   98
  215,20241004,    3,  330,   10,   43,10218,   99
  215,20241004,    4,  350,   10,   37,10219,   98
  215,20241004,    5,  340,   10,   35,10220,   98
  215,20241004,    6,  340,   10,   27,10224,   99
  215,20241004,    7,   30,   10,   51,10227,   98
  215,20241004,    8,   60,   20,  105,10231,   83
  215,20241004,    9,  100,   20,  127,10231,   67
  215,20241004,   10,   90,   30,  136,10229,   67
  215,20241004,   11,  100,   30,  135,10227,   64
  215,20241004,   12,  140,   30,  144,10224,   58
  215,20241004,   13,  130,   20,  149,10221,   52
  215,20241004,   14,  130,   20,  151,10217,   58
  215,20241004,   15,   90,   20,  149,10216,   57
  215,20241004,   16,  140,   20,  143,10215,   60
  215,20241004,   17,  120,   10,  118,10217,   74
  215,20241004,   18,   90,   10,   81,10221,   90
  215,20241004,   19,   90,   10,   73,10221,   97
  215,20241004,   20,   10,   10,   60,10222,   99
  215,20241004,   21,   90,   10,   57,10220,   97
  215,20241004,   22,    0,    0,   51,10220,   99
  215,20241004,   23,  270,   10,   45,10217,   98
  215,20241004,   24,    0,    0,   40,10215,   99
  215,20241005,    1,    0,    0,   39,10213,   98
  215,20241005,    2,    0,    0,   32,10211,   99
  215,20241005,    3,    0,    0,   29,10210,   99
  215,20241005,    4,    0,    0,   28,10209,   99
  215,20241005,    5,    0,    0,   25,10207,   99
  215,20241005,    6,   80,   10,   23,10206,   99
  215,20241005,    7,    0,    0,   35,10207,  100
  215,20241005,    8,  130,   10,   94,10205,   89
  215,20241005,    9,  140,   30,  116,10204,   80
  215,20241005,   10,  130,   30,  133,10198,   74
  215,20241005,   11,  130,   40,  144,10197,   65
  215,20241005,   12,  130,   40,  149,10186,   61
  215,20241005,   13,  130,   40,  154,10177,   60
  215,20241005,   14,  150,   50,  151,10171,   59
  215,20241005,   15,  140,   50,  147,10165,   60
  215,20241005,   16,  130,   30,  140,10163,   63
  215,20241005,   17,  110,   30,  116,10156,   72
  215,20241005,   18,  100,   30,   93,10153,   81
  215,20241005,   19,  100,   50,  102,10146,   78
  215,20241005,   20,  120,   30,   87,10146,   82
  215,20241005,   21,  120,   30,   84,10144,   84
  215,20241005,   22,  110,   30,   79,10137,   87
  215,20241005,   23,  110,   30,   76,10128,   89
  215,20241005,   24,  120,   30,   71,10124,   90
  215,20241006,    1,  120,   20,   61,10122,   93
  215,20241006,    2,  120,   30,   65,10114,   92
  215,20241006,    3,  120,   30,   66,10107,   93
  215,20241006,    4,  120,   40,   64,10098,   93
  215,20241006,    5,  140,   30,   68,10096,   92
  215,20241006,    6,  130,   30,   67,10096,   92
  215,20241006,    7,  120,   40,   72,10094,   91
  215,20241006,    8,  120,   40,   83,10090,   89
  215,20241006,    9,  120,   70,  101,10082,   84
  215,20241006,   10,  120,   50,  115,10072,   80
  215,20241006,   11,  120,   70,  130,10063,   77
  215,20241006,   12,  130,   60,  135,10050,   73
  215,20241006,   13,  120,   70,  142,10038,   70
  215,20241006,   14,  140,   70,  148,10034,   68
  215,20241006,   15,  140,   70,  148,10027,   68
  215,20241006,   16,  130,   60,  145,10024,   69
  215,20241006,   17,  120,   50,  130,10021,   76
  215,20241006,   18,  120,   50,  131,10016,   78
  215,20241006,   19,  140,   50,  134,10010,   78
  215,20241006,   20,  180,   60,  134,10010,   80
  215,20241006,   21,  160,   40,  123,10006,   94
  215,20241006,   22,  160,   40,  126, 9998,   95
  215,20241006,   23,  160,   40,  129, 9993,   93
  215,20241006,   24,  150,   40,  132, 9986,   93
  215,20241007,    1,  170,   30,  135, 9985,   95
  215,20241007,    2,  170,   30,  139, 9983,   95
  215,20241007,    3,  200,   30,  146, 9982,   95
  215,20241007,    4,  210,   70,  153, 9985,   89
  215,20241007,    5,  220,   80,  149, 9988,   87
  215,20241007,    6,  220,   60,  138, 9995,   86
  215,20241007,    7,  220,   70,  142,10005,   87
  215,20241007,    8,  210,   60,  145,10011,   87
  215,20241007,    9,  220,   50,  160,10016,   83
  215,20241007,   10,  210,   60,  169,10020,   78
  215,20241007,   11,  240,   50,  163,10021,   76
  215,20241007,   12,  210,   60,  175,10024,   74
  215,20241007,   13,  210,   50,  176,10022,   72
  215,20241007,   14,  190,   40,  175,10018,   71
  215,20241007,   15,  160,   40,  177,10012,   68
  215,20241007,   16,  180,   30,  166,10009,   71
  215,20241007,   17,  150,   30,  158,10012,   76
  215,20241007,   18,  110,   20,  149,10011,   82
  215,20241007,   19,  100,   20,  137,10004,   86
  215,20241007,   20,  110,   30,  145, 9997,   83
  215,20241007,   21,  110,   30,  145, 9991,   82
  215,20241007,   22,   90,   30,  139, 9982,   89
  215,20241007,   23,   90,   30,  139, 9977,   90
  215,20241007,   24,  110,   30,  140, 9969,   93
  215,20241008,    1,  130,   40,  143, 9960,   94
  215,20241008,    2,  160,   40,  149, 9954,   95
  215,20241008,    3,  180,   30,  152, 9952,   97
  215,20241008,    4,  200,   40,  156, 9956,   96
  215,20241008,    5,  210,   50,  156, 9963,   94
  215,20241008,    6,  210,   50,  152, 9967,   92
  215,20241008,    7,  210,   50,  147, 9974,   92
  215,20241008,    8,  210,   60,  154, 9976,   87
  215,20241008,    9,  200,   70,  155, 9973,   82
  215,20241008,   10,  190,   80,  164, 9977,   77
  215,20241008,   11,  210,   70,  164, 9979,   78
  215,20241008,   12,  200,   50,  167, 9978,   77
  215,20241008,   13,  210,   50,  167, 9978,   76
  215,20241008,   14,  210,   60,  170, 9976,   75
  215,20241008,   15,  190,   50,  178, 9972,   75
  215,20241008,   16,  190,   50,  169, 9970,   75
  215,20241008,   17,  170,   30,  151, 9970,   82
  215,20241008,   18,  160,   30,  148, 9969,   85
  215,20241008,   19,  160,   30,  151, 9967,   84
  215,20241008,   20,  180,   40,  146, 9964,   85
  215,20241008,   21,  170,   40,  147, 9960,   85
  215,20241008,   22,  170,   40,  149, 9953,   84
  215,20241008,   23,  180,   40,  146, 9949,   84
  215,20241008,   24,  180,   50,  139, 9945,   87
  215,20241009,    1,  180,   50,  144, 9939,   85
  215,20241009,    2,  180,   50,  140, 9933,   85
  215,20241009,    3,  180,   60,  141, 9930,   86
  215,20241009,    4,  180,   60,  141, 9922,   86
  215,20241009,    5,  180,   60,  142, 9915,   85
  215,20241009,    6,  190,   60,  144, 9912,   83
  215,20241009,    7,  180,   70,  145, 9907,   82
  215,20241009,    8,  170,   60,  149, 9901,   81
  215,20241009,    9,  180,   70,  152, 9893,   81
  215,20241009,   10,  180,   70,  152, 9890,   81
  215,20241009,   11,  190,   70,  163, 9883,   77
  215,20241009,   12,  180,   60,  159, 9879,   80
  215,20241009,   13,  180,   40,  159, 9872,   82
  215,20241009,   14,  180,   40,  158, 9867,   80
  215,20241009,   15,  180,   40,  152, 9863,   81
  215,20241009,   16,  180,   10,  146, 9857,   86
  215,20241009,   17,  170,   20,  139, 9854,   90
  215,20241009,   18,    0,    0,  127, 9851,   96
  215,20241009,   19,    0,    0,  120, 9852,   98
  215,20241009,   20,    0,    0,  118, 9851,   98
  215,20241009,   21,    0,    0,  116, 9850,   98
  215,20241009,   22,  990,   10,  112, 9850,   99
  215,20241009,   23,  260,   20,  119, 9850,   98
  215,20241009,   24,  290,   20,  129, 9858,   98
  215,20241010,    1,  310,   30,  139, 9868,   90
  215,20241010,    2,  310,   30,  133, 9878,   92
  215,20241010,    3,  350,   60,  134, 9891,   94
  215,20241010,    4,  340,  100,  137, 9905,   86
  215,20241010,    5,  340,  100,  134, 9923,   82
  215,20241010,    6,  340,   80,  132, 9940,   81
  215,20241010,    7,  340,   80,  127, 9959,   80
  215,20241010,    8,  340,  100,  128, 9977,   74
  215,20241010,    9,  350,   80,  127, 9991,   79
  215,20241010,   10,  340,   70,  137,10003,   72
  215,20241010,   11,  330,   70,  135,10016,   65
  215,20241010,   12,  330,   70,  134,10025,   63
  215,20241010,   13,  330,   60,  119,10036,   73
  215,20241010,   14,  320,   60,  126,10043,   67
  215,20241010,   15,  340,   60,  118,10051,   68
  215,20241010,   16,  350,   40,  112,10057,   75
  215,20241010,   17,  310,   30,  101,10065,   79
  215,20241010,   18,  320,   40,  100,10073,   80
  215,20241010,   19,  320,   30,   91,10077,   84
  215,20241010,   20,  320,   50,   96,10088,   78
  215,20241010,   21,  320,   10,   86,10093,   85
  215,20241010,   22,  320,   50,   92,10100,   83
  215,20241010,   23,  280,   10,   76,10103,   88
  215,20241010,   24,  340,   40,   93,10109,   76
  215,20241011,    1,  330,   20,   91,10114,   73
  215,20241011,    2,  330,   10,   76,10120,   81
  215,20241011,    3,  230,   20,   50,10125,   92
  215,20241011,    4,   40,   10,   71,10130,   84
  215,20241011,    5,  160,   20,   66,10135,   92
  215,20241011,    6,  140,   10,   72,10141,   93
  215,20241011,    7,  200,   20,   83,10151,   93
  215,20241011,    8,  200,   20,   96,10159,   82
  215,20241011,    9,  210,   40,   98,10165,   85
  215,20241011,   10,  190,   30,  109,10169,   78
  215,20241011,   11,  220,   40,  108,10174,   80
  215,20241011,   12,  250,   30,  121,10175,   70
  215,20241011,   13,  260,   30,  119,10176,   62
  215,20241011,   14,  260,   40,  118,10179,   58
  215,20241011,   15,  260,   20,  126,10180,   54
  215,20241011,   16,  250,   20,  109,10180,   66
  215,20241011,   17,    0,    0,   86,10180,   81
  215,20241011,   18,  180,   10,   54,10181,   95
  215,20241011,   19,    0,    0,   46,10180,   97
  215,20241011,   20,    0,    0,   43,10181,   98
  215,20241011,   21,    0,    0,   40,10179,   98
  215,20241011,   22,  190,   10,   34,10180,   98
  215,20241011,   23,    0,    0,   24,10173,   99
  215,20241011,   24,  190,   10,   25,10171,   99
  215,20241012,    1,  130,   10,   24,10165,   99
  215,20241012,    2,  130,   20,   21,10158,   99
  215,20241012,    3,  140,   10,   37,10152,   98
  215,20241012,    4,  130,   20,   44,10144,   98
  215,20241012,    5,  120,   20,   46,10140,   97
  215,20241012,    6,  130,   30,   54,10131,   96
  215,20241012,    7,  130,   20,   58,10128,   97
  215,20241012,    8,  130,   30,   66,10124,   95
  215,20241012,    9,  130,   30,   79,10121,   93
  215,20241012,   10,  140,   30,   94,10113,   90
  215,20241012,   11,  140,   40,  101,10103,   86
  215,20241012,   12,  150,   40,  108,10094,   82
  215,20241012,   13,  160,   50,  122,10083,   77
  215,20241012,   14,  170,   40,  123,10075,   77
  215,20241012,   15,  160,   40,  126,10066,   77
  215,20241012,   16,  170,   50,  123,10059,   77
  215,20241012,   17,  170,   40,  119,10050,   79
  215,20241012,   18,  170,   40,  115,10045,   81
  215,20241012,   19,  200,   70,  121,10038,   79
  215,20241012,   20,  210,   70,  117,10033,   86
  215,20241012,   21,  260,   70,  108,10038,   92
  215,20241012,   22,  290,  100,  119,10038,   73
  215,20241012,   23,  290,   80,  117,10044,   69
  215,20241012,   24,  290,  100,  111,10055,   62
  215,20241013,    1,  280,  120,  106,10066,   59
  215,20241013,    2,  280,  110,  103,10070,   65
  215,20241013,    3,  280,  110,  105,10076,   65
  215,20241013,    4,  280,  100,  108,10086,   70
  215,20241013,    5,  280,  100,  102,10095,   76
  215,20241013,    6,  290,  100,  109,10106,   64
  215,20241013,    7,  290,   80,  102,10119,   84
  215,20241013,    8,  290,  100,  112,10132,   75
  215,20241013,    9,  300,   80,  114,10146,   72
  215,20241013,   10,  300,   70,  123,10157,   64
  215,20241013,   11,  300,   80,  129,10168,   62
  215,20241013,   12,  310,   70,  123,10176,   62
  215,20241013,   13,  290,   50,  113,10181,   73
  215,20241013,   14,  310,   60,  124,10188,   64
  215,20241013,   15,  300,   50,  118,10192,   69
  215,20241013,   16,  280,   40,  114,10190,   73
  215,20241013,   17,  280,   30,  107,10195,   73
  215,20241013,   18,  250,   20,   92,10202,   78
  215,20241013,   19,  210,   20,   77,10202,   87
  215,20241013,   20,  190,   10,   75,10199,   91
  215,20241013,   21,  200,   20,   74,10206,   92
  215,20241013,   22,  200,   20,   72,10203,   91
  215,20241013,   23,  190,   20,   70,10199,   91
  215,20241013,   24,  220,   20,   75,10199,   91
  215,20241014,    1,   70,   10,   69,10195,   95
  215,20241014,    2,  120,   10,   63,10188,   94
  215,20241014,    3,  100,   10,   67,10183,   96
  215,20241014,    4,  130,   10,   69,10178,   97
  215,20241014,    5,  170,   30,   82,10172,   89
  215,20241014,    6,  130,   20,   79,10172,   90
  215,20241014,    7,   80,   20,   79,10172,   89
  215,20241014,    8,  100,   20,   84,10173,   86
  215,20241014,    9,  100,   30,   90,10172,   84
  215,20241014,   10,  120,   20,   94,10174,   85
  215,20241014,   11,  110,   40,  100,10169,   82
  215,20241014,   12,  110,   30,  100,10168,   82
  215,20241014,   13,  100,   20,  106,10166,   79
  215,20241014,   14,  160,   20,  118,10169,   75
  215,20241014,   15,  110,   20,  105,10174,   76
  215,20241014,   16,   70,   30,  108,10175,   74
  215,20241014,   17,  140,   10,   83,10184,   86
  215,20241014,   18,    0,    0,   59,10189,   98
  215,20241014,   19,  990,   10,   54,10193,   98
  215,20241014,   20,  220,   10,   36,10198,   98
  215,20241014,   21,   30,   10,   29,10206,   99
  215,20241014,   22,   30,   10,   20,10207,   99
  215,20241014,   23,    0,    0,   25,10208,   98
  215,20241014,   24,   80,   30,   57,10206,   97
  215,20241015,    1,   90,   30,   60,10205,   95
  215,20241015,    2,  100,   30,   49,10204,   94
  215,20241015,    3,  100,   40,   56,10204,   92
  215,20241015,    4,  100,   40,   63,10203,   89
  215,20241015,    5,   90,   30,   58,10203,   90
  215,20241015,    6,   90,   30,   55,10204,   91
  215,20241015,    7,   80,   30,   61,10205,   90
  215,20241015,    8,  110,   50,   79,10208,   83
  215,20241015,    9,  100,   50,   90,10201,   84
  215,20241015,   10,  110,   50,  112,10195,   82
  215,20241015,   11,  110,   60,  125,10192,   80
  215,20241015,   12,  120,   60,  134,10188,   80
  215,20241015,   13,  100,   50,  134,10184,   80
  215,20241015,   14,  110,   60,  137,10179,   80
  215,20241015,   15,  100,   50,  136,10172,   81
  215,20241015,   16,  110,   60,  128,10168,   82
  215,20241015,   17,  100,   50,  117,10168,   86
  215,20241015,   18,  100,   50,  116,10167,   86
  215,20241015,   19,  110,   50,  114,10159,   85
  215,20241015,   20,  110,   60,  110,10154,   87
  215,20241015,   21,  120,   60,  111,10147,   87
  215,20241015,   22,  120,   60,  112,10141,   88
  215,20241015,   23,  120,   60,  109,10135,   89
  215,20241015,   24,  120,   60,  111,10130,   89
  215,20241016,    1,  120,   60,  111,10126,   90
  215,20241016,    2,  110,   50,  115,10114,   91
  215,20241016,    3,  120,   70,  118,10109,   90
  215,20241016,    4,  130,   60,  120,10104,   89
  215,20241016,    5,  130,   70,  121,10098,   90
  215,20241016,    6,  130,   50,  126,10094,   90
  215,20241016,    7,  130,   50,  129,10093,   89
  215,20241016,    8,  130,   50,  139,10094,   87
  215,20241016,    9,  140,   60,  159,10090,   82
  215,20241016,   10,  140,   60,  180,10084,   77
  215,20241016,   11,  130,   70,  186,10087,   75
  215,20241016,   12,  140,   60,  183,10086,   77
  215,20241016,   13,  140,   60,  188,10080,   77
  215,20241016,   14,  140,   60,  194,10077,   77
  215,20241016,   15,  130,   50,  194,10073,   78
  215,20241016,   16,  130,   50,  191,10073,   78
  215,20241016,   17,  130,   50,  184,10070,   81
  215,20241016,   18,  130,   50,  179,10071,   83
  215,20241016,   19,  140,   50,  171,10069,   85
  215,20241016,   20,  130,   50,  166,10068,   88
  215,20241016,   21,  130,   50,  169,10067,   85
  215,20241016,   22,  140,   50,  168,10067,   84
  215,20241016,   23,  140,   50,  164,10067,   83
  215,20241016,   24,  130,   40,  158,10065,   84
  215,20241017,    1,  140,   40,  153,10064,   85
  215,20241017,    2,  140,   50,  152,10060,   86
  215,20241017,    3,  140,   40,  149,10057,   90
  215,20241017,    4,  140,   50,  150,10055,   90
  215,20241017,    5,  140,   40,  152,10057,   93
  215,20241017,    6,  160,   40,  164,10059,   93
  215,20241017,    7,  170,   50,  169,10068,   94
  215,20241017,    8,  230,   60,  170,10081,   93
  215,20241017,    9,  240,   60,  171,10095,   92
  215,20241017,   10,  230,   70,  180,10103,   85
  215,20241017,   11,  230,   60,  186,10110,   83
  215,20241017,   12,  230,   60,  177,10113,   85
  215,20241017,   13,  240,   40,  181,10115,   82
  215,20241017,   14,  240,   40,  179,10120,   83
  215,20241017,   15,  250,   30,  177,10123,   83
  215,20241017,   16,  260,   20,  170,10127,   90
  215,20241017,   17,  260,   10,  155,10131,   95
  215,20241017,   18,    0,    0,  140,10135,   98
  215,20241017,   19,    0,    0,  129,10138,   99
  215,20241017,   20,  300,   20,  139,10143,   97
  215,20241017,   21,  310,   10,  144,10144,   98
  215,20241017,   22,  290,   10,  149,10145,   98
  215,20241017,   23,  300,   20,  152,10144,   98
  215,20241017,   24,  310,   20,  148,10147,   97
  215,20241018,    1,  310,   20,  146,10146,   95
  215,20241018,    2,  360,   10,  143,10145,   95
  215,20241018,    3,  180,   10,  135,10144,   98
  215,20241018,    4,   10,   20,  131,10141,   97
  215,20241018,    5,  260,   10,  138,10148,   98
  215,20241018,    6,  310,   30,  144,10151,   96
  215,20241018,    7,  320,   30,  152,10151,   95
  215,20241018,    8,  350,   20,  156,10152,   94
  215,20241018,    9,   10,   20,  159,10152,   90
  215,20241018,   10,   30,   20,  168,10149,   81
  215,20241018,   11,   70,   20,  178,10140,   76
  215,20241018,   12,   70,   10,  185,10136,   80
  215,20241018,   13,  990,   10,  193,10138,   76
  215,20241018,   14,  320,   40,  160,10140,   87
  215,20241018,   15,  340,   30,  158,10138,   90
  215,20241018,   16,  350,   20,  155,10135,   89
  215,20241018,   17,  350,   10,  134,10136,   97
  215,20241018,   18,    0,    0,  134,10140,   97
  215,20241018,   19,  180,   10,  131,10137,   97
  215,20241018,   20,  220,   10,  133,10134,   97
  215,20241018,   21,  180,   10,  129,10135,   98
  215,20241018,   22,  280,   20,  141,10132,   96
  215,20241018,   23,  230,   10,  139,10132,   95
  215,20241018,   24,  200,   20,  140,10131,   95
  215,20241019,    1,  160,   10,  138,10128,   97
  215,20241019,    2,  200,   10,  138,10128,   96
  215,20241019,    3,  260,   10,  139,10126,   96
  215,20241019,    4,  180,   10,  139,10123,   96
  215,20241019,    5,  210,   30,  138,10125,   95
  215,20241019,    6,  180,   20,  137,10126,   93
  215,20241019,    7,  190,   20,  135,10130,   93
  215,20241019,    8,  170,   30,  138,10132,   92
  215,20241019,    9,  170,   40,  145,10133,   87
  215,20241019,   10,  180,   50,  153,10137,   82
  215,20241019,   11,  190,   60,  157,10137,   78
  215,20241019,   12,  200,   40,  154,10137,   82
  215,20241019,   13,  190,   50,  156,10138,   82
  215,20241019,   14,  190,   60,  156,10140,   82
  215,20241019,   15,  190,   60,  155,10144,   83
  215,20241019,   16,  180,   50,  149,10146,   84
  215,20241019,   17,  170,   50,  148,10148,   85
  215,20241019,   18,  190,   50,  144,10155,   89
  215,20241019,   19,  180,   50,  141,10159,   93
  215,20241019,   20,  180,   40,  141,10162,   95
  215,20241019,   21,  210,   40,  148,10165,   89
  215,20241019,   22,  200,   60,  144,10167,   90
  215,20241019,   23,  200,   30,  144,10172,   92
  215,20241019,   24,  200,   30,  142,10172,   93
  215,20241020,    1,  160,   20,  140,10170,   95
  215,20241020,    2,  180,   20,  133,10168,   96
  215,20241020,    3,  160,   20,  131,10168,   97
  215,20241020,    4,  180,   30,  134,10167,   97
  215,20241020,    5,  180,   40,  135,10166,   96
  215,20241020,    6,  190,   40,  133,10170,   96
  215,20241020,    7,  170,   40,  131,10164,   95
  215,20241020,    8,  170,   50,  135,10160,   94
  215,20241020,    9,  180,   50,  142,10162,   91
  215,20241020,   10,  180,   50,  154,10157,   87
  215,20241020,   11,  180,   80,  162,10151,   80
  215,20241020,   12,  180,   90,  168,10140,   75
  215,20241020,   13,  180,   90,  170,10132,   72
  215,20241020,   14,  180,   90,  167,10129,   71
  215,20241020,   15,  190,   90,  167,10127,   74
  215,20241020,   16,  190,   90,  165,10130,   75
  215,20241020,   17,  200,   90,  163,10134,   80
  215,20241020,   18,  190,   90,  166,10133,   81
  215,20241020,   19,  190,   90,  170,10134,   83
  215,20241020,   20,  210,   70,  172,10139,   85
  215,20241020,   21,  240,   70,  151,10152,   93
  215,20241020,   22,  220,   70,  150,10157,   89
  215,20241020,   23,  210,   60,  144,10161,   87
  215,20241020,   24,  220,   60,  146,10169,   86
  215,20241021,    1,  220,   60,  145,10174,   86
  215,20241021,    2,  230,   70,  148,10177,   86
  215,20241021,    3,  230,   60,  143,10181,   88
  215,20241021,    4,  230,   50,  140,10186,   90
  215,20241021,    5,  230,   50,  143,10192,   90
  215,20241021,    6,  220,   50,  146,10198,   87
  215,20241021,    7,  240,   30,  146,10208,   86
  215,20241021,    8,  220,   50,  148,10216,   89
  215,20241021,    9,  230,   40,  151,10227,   88
  215,20241021,   10,  220,   40,  149,10229,   90
  215,20241021,   11,  230,   40,  152,10232,   91
  215,20241021,   12,  210,   40,  153,10230,   88
  215,20241021,   13,  220,   40,  149,10235,   88
  215,20241021,   14,  220,   20,  145,10229,   89
  215,20241021,   15,  260,   20,  142,10233,   88
  215,20241021,   16,  240,   20,  139,10228,   89
  215,20241021,   17,  170,   10,  134,10226,   92
  215,20241021,   18,    0,    0,  129,10224,   95
  215,20241021,   19,  990,   10,  121,10216,   94
  215,20241021,   20,  290,   20,  119,10223,   94
  215,20241021,   21,  360,   10,  105,10223,   98
  215,20241021,   22,  270,   10,  103,10228,   97
  215,20241021,   23,    0,    0,  105,10225,   98
  215,20241021,   24,  340,   20,  113,10230,   93
  215,20241022,    1,  110,   10,  108,10231,   94
  215,20241022,    2,  230,   20,   89,10236,   96
  215,20241022,    3,  190,   20,   83,10242,   97
  215,20241022,    4,  220,   40,   88,10249,   97
  215,20241022,    5,  200,   30,   93,10253,   96
  215,20241022,    6,  200,   30,   87,10257,   97
  215,20241022,    7,  210,   40,   99,10266,   97
  215,20241022,    8,  210,   40,  121,10271,   94
  215,20241022,    9,  210,   50,  136,10277,   89
  215,20241022,   10,  240,   50,  147,10281,   79
  215,20241022,   11,  230,   60,  156,10285,   74
  215,20241022,   12,  240,   60,  151,10288,   73
  215,20241022,   13,  230,   70,  159,10290,   69
  215,20241022,   14,  230,   70,  154,10292,   67
  215,20241022,   15,  240,   50,  148,10295,   72
  215,20241022,   16,  230,   40,  138,10298,   76
  215,20241022,   17,  230,   20,  119,10304,   86
  215,20241022,   18,  210,   20,  101,10308,   91
  215,20241022,   19,  220,   20,  117,10313,   92
  215,20241022,   20,  200,   20,  123,10316,   94
  215,20241022,   21,  210,   30,  121,10321,   93
  215,20241022,   22,  210,   30,  111,10323,   94
  215,20241022,   23,  200,   20,   92,10324,   97
  215,20241022,   24,  200,   20,  107,10327,   97
  215,20241023,    1,  200,   20,  103,10328,   98
  215,20241023,    2,  180,   10,   91,10328,   98
  215,20241023,    3,  190,   20,   85,10330,   99
  215,20241023,    4,  200,   20,   80,10334,   99
  215,20241023,    5,  190,   20,  111,10337,   99
  215,20241023,    6,  180,   20,  112,10339,   99
  215,20241023,    7,  190,   40,  113,10340,   99
  215,20241023,    8,  180,   30,  117,10342,   99
  215,20241023,    9,  180,   20,  122,10346,   99
  215,20241023,   10,  200,   20,  129,10346,   98
  215,20241023,   11,  180,   20,  146,10344,   93
  215,20241023,   12,  160,   30,  152,10339,   87
  215,20241023,   13,  280,   20,  158,10337,   83
  215,20241023,   14,  260,   20,  158,10333,   84
  215,20241023,   15,  260,   10,  164,10328,   80
  215,20241023,   16,    0,    0,  151,10325,   87
  215,20241023,   17,  990,   10,  133,10324,   90
  215,20241023,   18,  990,   10,  107,10324,   98
  215,20241023,   19,  120,   10,  117,10324,   98
  215,20241023,   20,  120,   20,  113,10322,   97
  215,20241023,   21,  120,   30,   98,10318,   98
  215,20241023,   22,  120,   20,   84,10315,   99
  215,20241023,   23,  120,   20,   84,10310,   98
  215,20241023,   24,  110,   30,   82,10302,   98
  215,20241024,    1,  120,   30,   85,10295,   98
  215,20241024,    2,  130,   30,   88,10290,   99
  215,20241024,    3,  130,   40,   89,10282,   99
  215,20241024,    4,  110,   30,   79,10278,   99
  215,20241024,    5,  110,   30,   74,10272,   99
  215,20241024,    6,  110,   30,   72,10269,   99
  215,20241024,    7,  110,   30,   70,10265,   99
  215,20241024,    8,  120,   30,   74,10264,   98
  215,20241024,    9,  130,   40,  102,10259,   94
  215,20241024,   10,  130,   40,  115,10253,   84
  215,20241024,   11,  150,   50,  126,10244,   78
  215,20241024,   12,  130,   50,  134,10234,   77
  215,20241024,   13,  110,   40,  140,10224,   76
  215,20241024,   14,  140,   50,  142,10218,   76
  215,20241024,   15,  130,   40,  141,10209,   77
  215,20241024,   16,  130,   40,  133,10205,   79
  215,20241024,   17,  120,   30,  116,10203,   86
  215,20241024,   18,  130,   40,  113,10201,   87
  215,20241024,   19,  130,   30,  109,10198,   90
  215,20241024,   20,  120,   30,  101,10193,   93
  215,20241024,   21,  120,   30,   94,10189,   96
  215,20241024,   22,  120,   30,   94,10183,   97
  215,20241024,   23,  110,   20,   95,10177,   97
  215,20241024,   24,  140,   20,   96,10174,   97
  215,20241025,    1,  130,   30,  105,10170,   95
  215,20241025,    2,  130,   20,  106,10165,   95
  215,20241025,    3,  140,   30,  111,10161,   94
  215,20241025,    4,  130,   30,  108,10161,   95
  215,20241025,    5,  150,   30,  109,10159,   96
  215,20241025,    6,  150,   30,  115,10160,   95
  215,20241025,    7,  140,   20,  107,10163,   97
  215,20241025,    8,  140,   20,  121,10166,   94
  215,20241025,    9,  150,   30,  141,10168,   89
  215,20241025,   10,  180,   50,  158,10170,   84
  215,20241025,   11,  170,   30,  166,10170,   81
  215,20241025,   12,  180,   40,  175,10168,   79
  215,20241025,   13,  180,   40,  192,10165,   74
  215,20241025,   14,  160,   40,  194,10164,   73
  215,20241025,   15,  130,   30,  186,10164,   80
  215,20241025,   16,  140,   20,  170,10166,   84
  215,20241025,   17,  140,   20,  147,10171,   90
  215,20241025,   18,  140,   20,  142,10175,   93
  215,20241025,   19,  150,   10,  133,10177,   98
  215,20241025,   20,  130,   20,  119,10182,   98
  215,20241025,   21,  110,   10,  122,10183,   98
  215,20241025,   22,  110,   10,  121,10183,   99
  215,20241025,   23,  100,   10,  100,10183,   99
  215,20241025,   24,  120,   20,  106,10182,   99
  215,20241026,    1,  120,   10,  113,10180,   98
  215,20241026,    2,  120,   10,  102,10179,   99
  215,20241026,    3,  120,   10,  112,10175,   99
  215,20241026,    4,  140,   10,   97,10175,  100
  215,20241026,    5,  120,   20,  113,10172,   98
  215,20241026,    6,  130,   10,  106,10170,   99
  215,20241026,    7,  150,   10,  104,10172,  100
  215,20241026,    8,  110,   20,  123,10172,   98
  215,20241026,    9,  110,   20,  140,10170,   94
  215,20241026,   10,  110,   20,  162,10167,   88
  215,20241026,   11,  140,   30,  185,10163,   81
  215,20241026,   12,  130,   40,  187,10155,   77
  215,20241026,   13,  130,   40,  196,10147,   76
  215,20241026,   14,  130,   40,  196,10145,   78
  215,20241026,   15,  130,   30,  189,10145,   80
  215,20241026,   16,  130,   20,  178,10143,   84
  215,20241026,   17,  150,   10,  146,10143,   95
  215,20241026,   18,  280,   10,  121,10143,   98
  215,20241026,   19,  270,   10,  128,10146,   98
  215,20241026,   20,  330,   10,  136,10145,   98
  215,20241026,   21,  220,   10,  128,10145,   98
  215,20241026,   22,  210,   10,  131,10145,   98
  215,20241026,   23,  280,   30,  145,10147,   96
  215,20241026,   24,  280,   20,  148,10149,   97
  215,20241027,    1,  310,   30,  147,10150,   97
  215,20241027,    2,  300,   30,  139,10156,   96
  215,20241027,    3,  310,   30,  137,10161,   87
  215,20241027,    4,  300,   10,  131,10167,   95
  215,20241027,    5,  190,   20,  127,10175,   97
  215,20241027,    6,  260,   20,  127,10183,   94
  215,20241027,    7,  260,   20,  115,10191,   95
  215,20241027,    8,  250,   20,  127,10200,   93
  215,20241027,    9,  290,   50,  147,10205,   77
  215,20241027,   10,  290,   60,  146,10212,   76
  215,20241027,   11,  290,   50,  155,10219,   77
  215,20241027,   12,  290,   40,  144,10223,   79
  215,20241027,   13,  260,   30,  150,10224,   76
  215,20241027,   14,  270,   40,  145,10225,   78
  215,20241027,   15,  240,   20,  132,10227,   81
  215,20241027,   16,  250,   30,  134,10231,   79
  215,20241027,   17,  250,   30,  134,10237,   82
  215,20241027,   18,  220,   20,  120,10240,   87
  215,20241027,   19,  210,   20,   95,10243,   94
  215,20241027,   20,  200,   20,   83,10242,   97
  215,20241027,   21,  200,   20,   77,10244,   97
  215,20241027,   22,  210,   10,   78,10243,   99
  215,20241027,   23,  190,   30,   71,10241,   98
  215,20241027,   24,  180,   20,   86,10235,   98
  215,20241028,    1,  190,   30,   87,10233,   98
  215,20241028,    2,  200,   30,   94,10228,   97
  215,20241028,    3,  190,   30,   97,10225,   96
  215,20241028,    4,  200,   40,  101,10221,   95
  215,20241028,    5,  200,   50,  109,10219,   93
  215,20241028,    6,  210,   50,  117,10217,   92
  215,20241028,    7,  210,   50,  121,10217,   92
  215,20241028,    8,  210,   50,  124,10221,   93
  215,20241028,    9,  210,   50,  127,10224,   94
  215,20241028,   10,  210,   70,  132,10223,   94
  215,20241028,   11,  210,   70,  140,10223,   91
  215,20241028,   12,  230,   70,  149,10222,   87
  215,20241028,   13,  230,   80,  148,10219,   86
  215,20241028,   14,  220,   60,  149,10219,   85
  215,20241028,   15,  230,   60,  149,10216,   85
  215,20241028,   16,  230,   70,  143,10216,   88
  215,20241028,   17,  230,   60,  146,10220,   85
  215,20241028,   18,  230,   60,  144,10222,   86
  215,20241028,   19,  230,   40,  138,10226,   93
  215,20241028,   20,  220,   40,  136,10227,   96
  215,20241028,   21,  210,   40,  134,10228,   97
  215,20241028,   22,  210,   40,  132,10228,   97
  215,20241028,   23,  210,   40,  132,10230,   97
  215,20241028,   24,  210,   40,  133,10228,   98
  215,20241029,    1,  210,   40,  135,10227,   98
  215,20241029,    2,  220,   50,  134,10227,   97
  215,20241029,    3,  210,   40,  135,10228,   97
  215,20241029,    4,  220,   40,  135,10227,   97
  215,20241029,    5,  210,   30,  135,10230,   98
  215,20241029,    6,  220,   30,  134,10232,   98
  215,20241029,    7,  210,   40,  137,10233,   98
  215,20241029,    8,  220,   40,  142,10237,   97
  215,20241029,    9,  220,   30,  144,10240,   97
  215,20241029,   10,  220,   40,  142,10240,   97
  215,20241029,   11,  210,   50,  150,10240,   95
  215,20241029,   12,  220,   50,  146,10240,   94
  215,20241029,   13,  240,   30,  144,10238,   95
  215,20241029,   14,  220,   40,  147,10238,   93
  215,20241029,   15,  210,   30,  145,10239,   95
  215,20241029,   16,  240,   30,  140,10240,   94
  215,20241029,   17,  230,   20,  137,10245,   97
  215,20241029,   18,  230,   20,  137,10247,   96
  215,20241029,   19,  300,   20,  136,10249,   95
  215,20241029,   20,  320,   20,  132,10252,   96
  215,20241029,   21,  230,   10,  128,10254,   97
  215,20241029,   22,  210,   20,  129,10256,   97
  215,20241029,   23,  210,   20,  132,10259,   96
  215,20241029,   24,    0,    0,  130,10261,   98
  215,20241030,    1,  280,   10,  128,10263,   98
  215,20241030,    2,  200,   10,  128,10264,   97
  215,20241030,    3,  120,   10,  131,10266,   96
  215,20241030,    4,  130,   10,  125,10267,   97
  215,20241030,    5,  240,   10,  120,10271,   98
  215,20241030,    6,  210,   10,  120,10272,   98
  215,20241030,    7,  190,   10,  122,10277,   97
  215,20241030,    8,  230,   10,  131,10283,   96
  215,20241030,    9,  310,   30,  134,10287,   94
  215,20241030,   10,  240,   10,  136,10289,   92
  215,20241030,   11,  270,   10,  148,10289,   86
  215,20241030,   12,  310,   10,  151,10286,   80
  215,20241030,   13,  300,   20,  144,10286,   88
  215,20241030,   14,  310,   20,  147,10285,   87
  215,20241030,   15,  310,   20,  141,10286,   87
  215,20241030,   16,  320,   20,  134,10286,   91
  215,20241030,   17,  280,   10,  129,10288,   94
  215,20241030,   18,  250,   10,  127,10290,   95
  215,20241030,   19,  310,   10,  126,10292,   94
  215,20241030,   20,  350,   10,  126,10292,   94
  215,20241030,   21,  360,   10,  125,10292,   94
  215,20241030,   22,   10,   10,  123,10291,   96
  215,20241030,   23,  250,   10,  120,10291,   96
  215,20241030,   24,  350,   20,  120,10290,   96
  215,20241031,    1,    0,    0,  120,10291,   97
  215,20241031,    2,    0,    0,  118,10288,   97
  215,20241031,    3,  990,   10,  118,10284,   97
  215,20241031,    4,  200,   10,  115,10283,   98
  215,20241031,    5,  200,   10,  114,10283,   98
  215,20241031,    6,  200,   10,  114,10285,   98
  215,20241031,    7,  200,   10,  117,10283,   98
  215,20241031,    8,  190,   10,  128,10283,   95
  215,20241031,    9,  200,   20,  133,10283,   90
  215,20241031,   10,  200,   20,  139,10282,   89
  215,20241031,   11,  230,   30,  147,10280,   76
  215,20241031,   12,  240,   30,  147,10277,   74
  215,20241031,   13,  260,   40,  145,10273,   75
  215,20241031,   14,  260,   40,  144,10267,   73
  215,20241031,   15,  260,   40,  140,10265,   74
  215,20241031,   16,  230,   30,  137,10262,   76
  215,20241031,   17,  240,   20,  133,10261,   77
  215,20241031,   18,  230,   20,  113,10258,   84
  215,20241031,   19,  220,   10,   90,10256,   95
  215,20241031,   20,  190,   20,   85,10255,   95
  215,20241031,   21,  190,   10,   77,10254,   98
  215,20241031,   22,  190,   10,   66,10253,   98
  215,20241031,   23,  200,   10,   60,10250,   98
  215,20241031,   24,  210,   20,   91,10245,   95
  215,20241101,    1,  200,   30,  108,10242,   92
  215,20241101,    2,  200,   30,  113,10239,   91
  215,20241101,    3,  210,   20,  116,10235,   92
  215,20241101,    4,  200,   40,  117,10232,   93
  215,20241101,    5,  210,   40,  115,10232,   94
  215,20241101,    6,  210,   50,  106,10233,   95
  215,20241101,    7,  210,   50,  106,10235,   94
  215,20241101,    8,  200,   40,  109,10236,   93
  215,20241101,    9,  200,   40,  109,10237,   93
  215,20241101,   10,  210,   40,  112,10239,   91
  215,20241101,   11,  210,   40,  113,10238,   92
  215,20241101,   12,  210,   40,  114,10233,   92
  215,20241101,   13,  210,   40,  120,10231,   91
  215,20241101,   14,  220,   30,  125,10235,   90
  215,20241101,   15,  300,   40,  131,10238,   77
  215,20241101,   16,  280,   30,  129,10241,   80
  215,20241101,   17,  290,   40,  122,10245,   84
  215,20241101,   18,  310,   30,  120,10251,   86
  215,20241101,   19,  250,   10,  117,10257,   92
  215,20241101,   20,  300,   10,  121,10262,   89
  215,20241101,   21,  200,   10,  117,10269,   93
  215,20241101,   22,  990,   10,  118,10273,   93
  215,20241101,   23,  160,   10,  118,10278,   95
  215,20241101,   24,  240,   10,  116,10282,   97
  215,20241102,    1,    0,    0,  116,10285,   97
  215,20241102,    2,    0,    0,  112,10286,   98
  215,20241102,    3,   40,   40,  119,10291,   94
  215,20241102,    4,   40,   20,  115,10294,   92
  215,20241102,    5,   50,   30,  107,10300,   89
  215,20241102,    6,   40,   20,  105,10306,   88
  215,20241102,    7,   60,   20,  110,10313,   88
  215,20241102,    8,   40,   20,  114,10319,   84
  215,20241102,    9,   70,   30,  114,10325,   81
  215,20241102,   10,   80,   40,  123,10326,   71
  215,20241102,   11,   80,   40,  117,10322,   72
  215,20241102,   12,   70,   40,  124,10318,   68
  215,20241102,   13,   70,   30,  120,10316,   71
  215,20241102,   14,   70,   30,  125,10316,   70
  215,20241102,   15,   80,   40,  115,10315,   72
  215,20241102,   16,   70,   30,  104,10316,   74
  215,20241102,   17,   70,   30,   97,10318,   76
  215,20241102,   18,   70,   30,   89,10321,   78
  215,20241102,   19,   70,   20,   78,10324,   82
  215,20241102,   20,   80,   10,   65,10323,   88
  215,20241102,   21,   70,   10,   53,10325,   93
  215,20241102,   22,   60,   20,   42,10324,   97
  215,20241102,   23,   70,   10,   45,10322,   98
  215,20241102,   24,   70,   20,   38,10321,   97
  215,20241103,    1,    0,    0,   30,10318,   96
  215,20241103,    2,    0,    0,   27,10313,   96
  215,20241103,    3,   30,   10,   19,10309,   97
  215,20241103,    4,   80,   10,   25,10307,   98
  215,20241103,    5,   60,   10,   27,10306,   97
  215,20241103,    6,   70,   20,   30,10305,   94
  215,20241103,    7,   70,   10,   27,10308,   98
  215,20241103,    8,   70,   10,   43,10312,   95
  215,20241103,    9,  100,   20,   69,10310,   85
  215,20241103,   10,  110,   20,   87,10308,   83
  215,20241103,   11,   90,   20,   99,10302,   83
  215,20241103,   12,   80,   30,  115,10299,   78
  215,20241103,   13,   90,   30,  118,10296,   80
  215,20241103,   14,  120,   30,  121,10292,   77
  215,20241103,   15,   90,   30,  115,10290,   79
  215,20241103,   16,   80,   20,   98,10290,   84
  215,20241103,   17,  100,   10,   74,10291,   93
  215,20241103,   18,   70,   10,   50,10295,   98
  215,20241103,   19,   50,   10,   54,10295,   97
  215,20241103,   20,   70,   20,   57,10293,   97
  215,20241103,   21,   80,   20,   61,10295,   95
  215,20241103,   22,  100,   20,   58,10298,   96
  215,20241103,   23,  130,   10,   40,10297,   98
  215,20241103,   24,    0,    0,   31,10295,   98
  215,20241104,    1,  310,   10,   20,10293,   98
  215,20241104,    2,    0,    0,   21,10291,   98
  215,20241104,    3,    0,    0,   15,10289,   98
  215,20241104,    4,   60,   20,   15,10289,   98
  215,20241104,    5,   70,   20,   38,10287,   96
  215,20241104,    6,   70,   30,   46,10286,   95
  215,20241104,    7,   70,   20,   44,10287,   95
  215,20241104,    8,   90,   30,   59,10285,   93
  215,20241104,    9,   80,   30,   78,10286,   88
  215,20241104,   10,  100,   40,  101,10283,   84
  215,20241104,   11,  110,   50,  114,10279,   81
  215,20241104,   12,  100,   40,  125,10273,   77
  215,20241104,   13,  110,   50,  129,10266,   73
  215,20241104,   14,  110,   40,  133,10262,   71
  215,20241104,   15,  110,   30,  127,10262,   73
  215,20241104,   16,  110,   30,  108,10258,   81
  215,20241104,   17,  100,   20,   87,10255,   88
  215,20241104,   18,  100,   30,   82,10256,   87
  215,20241104,   19,  110,   20,   72,10253,   86
  215,20241104,   20,  100,   20,   58,10252,   91
  215,20241104,   21,  100,   30,   65,10250,   89
  215,20241104,   22,   70,   10,   58,10247,   95
  215,20241104,   23,   80,   30,   66,10242,   92
  215,20241104,   24,   90,   30,   62,10241,   93
  215,20241105,    1,   80,   20,   55,10237,   94
  215,20241105,    2,  100,   30,   52,10235,   93
  215,20241105,    3,  100,   10,   40,10233,   97
  215,20241105,    4,  130,   10,   33,10228,   97
  215,20241105,    5,  120,   20,   30,10228,   97
  215,20241105,    6,  140,   10,   32,10230,   97
  215,20241105,    7,  130,   20,   32,10231,   97
  215,20241105,    8,  140,   20,   49,10236,   95
  215,20241105,    9,  120,   20,   62,10238,   90
  215,20241105,   10,  150,   20,   83,10237,   87
  215,20241105,   11,  160,   20,   99,10236,   83
  215,20241105,   12,  990,   10,  107,10232,   78
  215,20241105,   13,  990,   10,  120,10230,   75
  215,20241105,   14,  220,   10,  119,10230,   78
  215,20241105,   15,  290,   30,   91,10234,   89
  215,20241105,   16,  220,   40,   74,10240,   91
  215,20241105,   17,  230,   20,   69,10247,   92
  215,20241105,   18,    0,    0,   72,10248,   94
  215,20241105,   19,  220,   20,   72,10250,   93
  215,20241105,   20,  230,   10,   70,10253,   94
  215,20241105,   21,  200,   10,   69,10256,   94
  215,20241105,   22,  170,   10,   70,10258,   94
  215,20241105,   23,   90,   10,   68,10261,   94
  215,20241105,   24,   90,   10,   70,10266,   94
  215,20241106,    1,  110,   20,   71,10269,   94
  215,20241106,    2,  120,   10,   73,10272,   94
  215,20241106,    3,  110,   20,   73,10273,   93
  215,20241106,    4,  120,   20,   73,10276,   94
  215,20241106,    5,  130,   20,   75,10282,   93
  215,20241106,    6,  130,   20,   77,10284,   93
  215,20241106,    7,  140,   20,   81,10289,   93
  215,20241106,    8,  150,   30,   86,10298,   91
  215,20241106,    9,  170,   20,   93,10306,   91
  215,20241106,   10,  180,   20,   97,10312,   90
  215,20241106,   11,  170,   20,  104,10313,   89
  215,20241106,   12,  170,   10,  109,10314,   87
  215,20241106,   13,  160,   10,  113,10313,   87
  215,20241106,   14,  180,   20,  115,10311,   86
  215,20241106,   15,  180,   10,  114,10310,   86
  215,20241106,   16,  200,   10,  110,10313,   89
  215,20241106,   17,  170,   10,  108,10317,   91
  215,20241106,   18,  110,   10,  107,10324,   91
  215,20241106,   19,  100,   20,  103,10326,   92
  215,20241106,   20,  110,   10,  100,10330,   91
  215,20241106,   21,  120,   20,   98,10331,   92
  215,20241106,   22,  110,   10,   96,10330,   92
  215,20241106,   23,  130,   20,   92,10329,   91
  215,20241106,   24,  130,   10,   90,10331,   92
  215,20241107,    1,  130,   20,   89,10329,   93
  215,20241107,    2,  120,   20,   86,10330,   93
  215,20241107,    3,  120,   20,   83,10329,   91
  215,20241107,    4,  110,   20,   81,10330,   92
  215,20241107,    5,  110,   20,   79,10330,   92
  215,20241107,    6,   90,   20,   79,10330,   90
  215,20241107,    7,  100,   40,   76,10334,   87
  215,20241107,    8,  100,   40,   75,10334,   88
  215,20241107,    9,   90,   40,   70,10335,   89
  215,20241107,   10,  120,   40,   69,10337,   90
  215,20241107,   11,  130,   40,   65,10334,   92
  215,20241107,   12,  120,   40,   61,10331,   92
  215,20241107,   13,  120,   30,   60,10328,   92
  215,20241107,   14,  110,   30,   55,10327,   93
  215,20241107,   15,  120,   30,   54,10324,   94
  215,20241107,   16,  110,   40,   53,10324,   95
  215,20241107,   17,  100,   40,   52,10320,   95
  215,20241107,   18,  120,   40,   51,10324,   96
  215,20241107,   19,  110,   40,   45,10323,   98
  215,20241107,   20,  110,   40,   37,10323,   98
  215,20241107,   21,  100,   40,   36,10322,   97
  215,20241107,   22,  110,   50,   36,10320,   97
  215,20241107,   23,  120,   40,   41,10318,   96
  215,20241107,   24,  110,   40,   43,10314,   96
  215,20241108,    1,  130,   40,   42,10310,   95
  215,20241108,    2,  120,   50,   42,10306,   95
  215,20241108,    3,  110,   50,   41,10300,   94
  215,20241108,    4,  130,   40,   42,10295,   94
  215,20241108,    5,  130,   30,   44,10295,   94
  215,20241108,    6,  110,   40,   45,10293,   94
  215,20241108,    7,  110,   50,   45,10293,   92
  215,20241108,    8,  110,   30,   46,10293,   93
  215,20241108,    9,  130,   40,   48,10291,   90
  215,20241108,   10,  110,   50,   50,10290,   89
  215,20241108,   11,  120,   40,   53,10286,   88
  215,20241108,   12,  130,   40,   55,10277,   88
  215,20241108,   13,  110,   40,   54,10271,   87
  215,20241108,   14,  120,   40,   55,10267,   87
  215,20241108,   15,  100,   50,   53,10264,   86
  215,20241108,   16,  100,   40,   51,10262,   87
  215,20241108,   17,  110,   30,   51,10262,   88
  215,20241108,   18,  130,   30,   51,10261,   87
  215,20241108,   19,  120,   40,   49,10260,   85
  215,20241108,   20,  110,   30,   49,10259,   86
  215,20241108,   21,  110,   20,   50,10258,   86
  215,20241108,   22,  120,   20,   52,10256,   83
  215,20241108,   23,  130,   30,   51,10254,   81
  215,20241108,   24,  130,   30,   51,10254,   82
  215,20241109,    1,  100,   20,   51,10251,   84
  215,20241109,    2,  110,   20,   50,10251,   87
  215,20241109,    3,  110,   20,   47,10249,   92
  215,20241109,    4,   90,   20,   48,10247,   94
  215,20241109,    5,  100,   20,   50,10247,   94
  215,20241109,    6,  100,   10,   51,10247,   94
  215,20241109,    7,  110,   20,   53,10249,   94
  215,20241109,    8,  110,   20,   54,10252,   94
  215,20241109,    9,  110,   20,   58,10253,   94
  215,20241109,   10,  120,   20,   61,10254,   93
  215,20241109,   11,  110,   20,   66,10253,   92
  215,20241109,   12,  120,   30,   69,10251,   91
  215,20241109,   13,  110,   20,   72,10249,   92
  215,20241109,   14,  100,   20,   70,10248,   93
  215,20241109,   15,   90,   20,   70,10250,   95
  215,20241109,   16,   80,   20,   72,10249,   96
  215,20241109,   17,   90,   10,   73,10252,   96
  215,20241109,   18,  110,   20,   74,10255,   96
  215,20241109,   19,  130,   10,   76,10257,   97
  215,20241109,   20,  100,   10,   77,10256,   96
  215,20241109,   21,  150,   30,   78,10257,   95
  215,20241109,   22,  160,   30,   81,10255,   95
  215,20241109,   23,  180,   20,   83,10257,   95
  215,20241109,   24,  160,   40,   83,10257,   95
  215,20241110,    1,  190,   20,   82,10260,   95
  215,20241110,    2,  170,   20,   82,10258,   94
  215,20241110,    3,  170,   20,   81,10258,   95
  215,20241110,    4,  150,   20,   81,10260,   95
  215,20241110,    5,  180,   20,   82,10260,   95
  215,20241110,    6,  160,   20,   83,10262,   95
  215,20241110,    7,  160,   30,   85,10264,   94
  215,20241110,    8,  200,   20,   85,10269,   94
  215,20241110,    9,  180,   30,   88,10271,   94
  215,20241110,   10,  200,   30,   94,10275,   92
  215,20241110,   11,  210,   20,   99,10274,   90
  215,20241110,   12,  200,   20,  106,10272,   88
  215,20241110,   13,  230,   20,  111,10271,   87
  215,20241110,   14,  240,   20,  109,10271,   85
  215,20241110,   15,  210,   20,  103,10274,   90
  215,20241110,   16,  220,   20,  100,10277,   92
  215,20241110,   17,  200,   10,   96,10281,   94
  215,20241110,   18,  210,   10,   93,10286,   95
  215,20241110,   19,  240,   20,   99,10290,   90
  215,20241110,   20,  220,   20,   93,10292,   90
  215,20241110,   21,  230,   30,   65,10294,   93
  215,20241110,   22,  190,   20,   45,10292,   95
  215,20241110,   23,  190,   20,   72,10288,   96
  215,20241110,   24,  160,   10,   77,10287,   97
  215,20241111,    1,  190,   20,   88,10283,   92
  215,20241111,    2,  200,   30,   99,10280,   91
  215,20241111,    3,  200,   30,  101,10274,   94
  215,20241111,    4,  270,   30,  121,10277,   96
  215,20241111,    5,  330,   40,  113,10278,   88
  215,20241111,    6,  330,   60,  113,10283,   82
  215,20241111,    7,  340,   80,  114,10288,   78
  215,20241111,    8,  340,   70,  115,10295,   78
  215,20241111,    9,  340,   70,  123,10297,   74
  215,20241111,   10,  330,   70,  116,10302,   74
  215,20241111,   11,  340,   80,  128,10303,   65
  215,20241111,   12,  330,   90,  127,10303,   71
  215,20241111,   13,  330,   90,  114,10304,   79
  215,20241111,   14,  330,   80,  114,10301,   77
  215,20241111,   15,  340,   80,  111,10299,   75
  215,20241111,   16,  340,   80,  113,10300,   77
  215,20241111,   17,  340,   80,  115,10301,   77
  215,20241111,   18,  350,   80,  109,10301,   84
  215,20241111,   19,  350,   80,  112,10303,   71
  215,20241111,   20,  350,  100,  115,10302,   75
  215,20241111,   21,  360,   90,  110,10302,   83
  215,20241111,   22,   10,   90,  102,10301,   88
  215,20241111,   23,   10,   60,   98,10301,   88
  215,20241111,   24,   20,   60,   98,10302,   88
  215,20241112,    1,   10,   50,   97,10305,   88
  215,20241112,    2,   10,   50,   95,10307,   88
  215,20241112,    3,   20,   50,   91,10307,   86
  215,20241112,    4,   20,   50,   88,10308,   86
  215,20241112,    5,   30,   50,   88,10312,   84
  215,20241112,    6,   20,   50,   82,10316,   87
  215,20241112,    7,   30,   50,   87,10320,   87
  215,20241112,    8,   50,   40,   89,10326,   87
  215,20241112,    9,   60,   60,   95,10334,   85
  215,20241112,   10,   70,   60,   86,10341,   83
  215,20241112,   11,   60,   60,   99,10336,   79
  215,20241112,   12,   50,   50,  107,10337,   72
  215,20241112,   13,   30,   50,  110,10339,   68
  215,20241112,   14,   40,   50,  108,10338,   69
  215,20241112,   15,   50,   40,   97,10338,   75
  215,20241112,   16,   60,   40,   84,10341,   80
  215,20241112,   17,   20,   30,   62,10346,   87
  215,20241112,   18,   30,   30,   76,10352,   85
  215,20241112,   19,   30,   30,   70,10351,   88
  215,20241112,   20,   40,   20,   80,10351,   85
  215,20241112,   21,   30,   20,   81,10354,   84
  215,20241112,   22,   40,   20,   83,10353,   83
  215,20241112,   23,   60,   10,   78,10350,   87
  215,20241112,   24,  360,   10,   70,10348,   92
  215,20241113,    1,  360,   20,   70,10346,   93
  215,20241113,    2,  320,   10,   57,10341,   94
  215,20241113,    3,  290,   10,   49,10338,   97
  215,20241113,    4,  210,   10,   49,10340,   96
  215,20241113,    5,  990,   10,   40,10341,   98
  215,20241113,    6,  270,   10,   35,10337,   98
  215,20241113,    7,    0,    0,   46,10341,   98
  215,20241113,    8,    0,    0,   59,10341,   98
  215,20241113,    9,  210,   10,   80,10342,   96
  215,20241113,   10,  300,   20,  105,10338,   92
  215,20241113,   11,  360,   10,  120,10333,   86
  215,20241113,   12,  350,   30,  124,10332,   78
  215,20241113,   13,  350,   40,  122,10327,   79
  215,20241113,   14,  340,   50,  123,10323,   79
  215,20241113,   15,  330,   40,  117,10320,   83
  215,20241113,   16,  340,   40,  113,10319,   82
  215,20241113,   17,  320,   20,   96,10315,   85
  215,20241113,   18,  320,   30,  108,10314,   82
  215,20241113,   19,  310,   30,  102,10313,   85
  215,20241113,   20,  320,   30,  112,10309,   83
  215,20241113,   21,  320,   30,  115,10307,   82
  215,20241113,   22,  320,   40,  115,10303,   83
  215,20241113,   23,  320,   30,  114,10301,   83
  215,20241113,   24,  310,   30,  116,10296,   83
  215,20241114,    1,  320,   30,  115,10289,   86
  215,20241114,    2,  310,   30,  114,10286,   88
  215,20241114,    3,  310,   20,  114,10284,   96
  215,20241114,    4,  320,   20,  117,10280,   96
  215,20241114,    5,  340,   30,  115,10278,   94
  215,20241114,    6,  360,   50,  117,10282,   86
  215,20241114,    7,  360,   30,  110,10283,   83
  215,20241114,    8,  360,   40,  107,10288,   79
  215,20241114,    9,  360,   50,  111,10288,   75
  215,20241114,   10,   20,   30,  112,10292,   75
  215,20241114,   11,  360,   50,  111,10296,   79
  215,20241114,   12,  360,   30,  115,10292,   78
  215,20241114,   13,  330,   40,  108,10290,   83
  215,20241114,   14,  350,   30,  108,10288,   85
  215,20241114,   15,  340,   50,  104,10289,   90
  215,20241114,   16,   10,   30,   99,10290,   90
  215,20241114,   17,   10,   20,   85,10291,   93
  215,20241114,   18,  350,   10,   80,10293,   96
  215,20241114,   19,  350,   10,   83,10294,   96
  215,20241114,   20,    0,    0,   86,10295,   96
  215,20241114,   21,  150,   10,   73,10296,   97
  215,20241114,   22,  280,   10,   84,10297,   97
  215,20241114,   23,  230,   20,   77,10294,   98
  215,20241114,   24,  210,   10,   86,10292,   97
  215,20241115,    1,  240,   10,   68,10290,   98
  215,20241115,    2,  210,   10,   72,10287,   98
  215,20241115,    3,  200,   10,   58,10285,   99
  215,20241115,    4,  210,   20,   81,10283,   97
  215,20241115,    5,  200,   10,   82,10282,   98
  215,20241115,    6,  200,   20,   83,10280,   97
  215,20241115,    7,  200,   10,   84,10279,   98
  215,20241115,    8,  320,   20,   88,10281,   96
  215,20241115,    9,    0,    0,   91,10278,   98
  215,20241115,   10,  210,   20,   99,10277,   93
  215,20241115,   11,  990,   10,  103,10275,   93
  215,20241115,   12,  230,   20,  103,10271,   91
  215,20241115,   13,  210,   10,  107,10264,   90
  215,20241115,   14,  210,   20,  104,10258,   91
  215,20241115,   15,  190,   20,  103,10255,   90
  215,20241115,   16,  180,   20,   98,10251,   92
  215,20241115,   17,  200,   20,   96,10251,   93
  215,20241115,   18,  230,   20,   96,10251,   92
  215,20241115,   19,  210,   30,   96,10248,   91
  215,20241115,   20,  210,   40,   95,10243,   90
  215,20241115,   21,  200,   30,   97,10237,   92
  215,20241115,   22,  190,   30,   98,10231,   90
  215,20241115,   23,  200,   40,   97,10227,   88
  215,20241115,   24,  220,   40,   97,10224,   88
  215,20241116,    1,  210,   50,   95,10214,   86
  215,20241116,    2,  220,   40,   95,10207,   88
  215,20241116,    3,  210,   40,   95,10201,   88
  215,20241116,    4,  250,   50,   97,10199,   83
  215,20241116,    5,  240,   50,  101,10195,   78
  215,20241116,    6,  250,   50,  103,10193,   76
  215,20241116,    7,  210,   50,   89,10190,   85
  215,20241116,    8,  210,   50,   90,10186,   86
  215,20241116,    9,  220,   40,   92,10186,   87
  215,20241116,   10,  210,   60,   94,10183,   85
  215,20241116,   11,  210,   60,  102,10175,   83
  215,20241116,   12,  210,   70,   96,10169,   85
  215,20241116,   13,  210,   60,   95,10161,   85
  215,20241116,   14,  210,   50,   91,10154,   90
  215,20241116,   15,  210,   30,   90,10151,   94
  215,20241116,   16,  210,   30,   95,10146,   95
  215,20241116,   17,  240,   40,  105,10143,   94
  215,20241116,   18,  250,   60,  110,10138,   90
  215,20241116,   19,  240,   30,  108,10134,   93
  215,20241116,   20,  270,   60,  112,10130,   90
  215,20241116,   21,  320,   60,   98,10128,   94
  215,20241116,   22,  260,   20,   96,10122,   92
  215,20241116,   23,  270,   30,   99,10118,   89
  215,20241116,   24,  280,   40,  102,10115,   84
  215,20241117,    1,  300,   40,  100,10112,   83
  215,20241117,    2,  290,   60,  101,10110,   76
  215,20241117,    3,  300,   60,   98,10107,   76
  215,20241117,    4,  290,   50,  101,10104,   76
  215,20241117,    5,  290,   60,   98,10102,   72
  215,20241117,    6,  290,   70,  100,10101,   71
  215,20241117,    7,  280,   80,   95,10103,   68
  215,20241117,    8,  280,   90,   69,10111,   76
  215,20241117,    9,  300,   90,   95,10112,   67
  215,20241117,   10,  300,   80,   88,10116,   64
  215,20241117,   11,  300,   60,   92,10116,   58
  215,20241117,   12,  290,   80,   96,10114,   60
  215,20241117,   13,  280,   80,   92,10112,   62
  215,20241117,   14,  280,   90,   91,10111,   66
  215,20241117,   15,  270,   90,   83,10111,   67
  215,20241117,   16,  280,   70,   81,10109,   64
  215,20241117,   17,  280,   80,   86,10107,   62
  215,20241117,   18,  280,   70,   85,10106,   64
  215,20241117,   19,  280,   70,   90,10101,   62
  215,20241117,   20,  300,   50,   77,10097,   74
  215,20241117,   21,  280,   50,   69,10097,   85
  215,20241117,   22,  230,   40,   62,10085,   86
  215,20241117,   23,  240,   30,   57,10087,   90
  215,20241117,   24,  270,   50,   80,10086,   74
  215,20241118,    1,  290,   70,   81,10086,   69
  215,20241118,    2,  320,   70,   75,10088,   73
  215,20241118,    3,  330,   40,   70,10086,   81
  215,20241118,    4,  240,   60,   58,10092,   86
  215,20241118,    5,  270,   40,   54,10090,   88
  215,20241118,    6,  310,   20,   54,10092,   91
  215,20241118,    7,   20,   10,   50,10097,   91
  215,20241118,    8,  300,   50,   62,10103,   78
  215,20241118,    9,  170,   10,   59,10104,   90
  215,20241118,   10,  240,   60,   59,10108,   84
  215,20241118,   11,  310,   40,   81,10106,   63
  215,20241118,   12,  310,   40,   82,10107,   62
  215,20241118,   13,  310,   50,   84,10105,   59
  215,20241118,   14,  310,   40,   80,10104,   66
  215,20241118,   15,  290,   20,   73,10103,   68
  215,20241118,   16,  310,   20,   67,10101,   70
  215,20241118,   17,  260,   20,   62,10097,   73
  215,20241118,   18,  210,   20,   41,10093,   87
  215,20241118,   19,  210,   10,   38,10087,   91
  215,20241118,   20,  180,   20,   33,10077,   92
  215,20241118,   21,  170,   10,   41,10070,   91
  215,20241118,   22,  140,   20,   50,10058,   88
  215,20241118,   23,  120,   20,   50,10044,   91
  215,20241118,   24,  150,   30,   55,10028,   91
  215,20241119,    1,  120,   30,   52,10004,   94
  215,20241119,    2,  110,   40,   52, 9978,   94
  215,20241119,    3,  120,   50,   56, 9950,   94
  215,20241119,    4,  110,   60,   57, 9927,   93
  215,20241119,    5,   90,   50,   58, 9907,   95
  215,20241119,    6,   50,   60,   53, 9901,   93
  215,20241119,    7,   30,   40,   48, 9912,   92
  215,20241119,    8,   40,   70,   36, 9920,   91
  215,20241119,    9,   40,   50,   37, 9929,   89
  215,20241119,   10,   30,   40,   39, 9930,   90
  215,20241119,   11,   30,   30,   41, 9930,   90
  215,20241119,   12,   30,   30,   39, 9929,   90
  215,20241119,   13,  360,   30,   44, 9934,   90
  215,20241119,   14,  360,   20,   44, 9938,   89
  215,20241119,   15,  250,   10,   36, 9942,   93
  215,20241119,   16,  320,   10,   34, 9945,   94
  215,20241119,   17,   80,   10,   41, 9951,   90
  215,20241119,   18,   70,   20,   39, 9959,   91
  215,20241119,   19,  140,   10,   24, 9960,   94
  215,20241119,   20,  100,   20,   33, 9960,   87
  215,20241119,   21,  330,   70,   56, 9963,   71
  215,20241119,   22,  350,   50,   45, 9969,   78
  215,20241119,   23,  330,   20,   26, 9972,   86
  215,20241119,   24,  310,   90,   48, 9976,   75
  215,20241120,    1,  320,   50,   44, 9979,   83
  215,20241120,    2,  310,   50,   44, 9980,   86
  215,20241120,    3,  320,   60,   42, 9980,   76
  215,20241120,    4,  300,   50,   40, 9982,   87
  215,20241120,    5,  310,   70,   55, 9987,   76
  215,20241120,    6,  280,   70,   54, 9992,   80
  215,20241120,    7,  310,   60,   65,10000,   65
  215,20241120,    8,  350,   60,   28,10018,   91
  215,20241120,    9,  350,   40,   34,10017,   90
  215,20241120,   10,  990,   10,   37,10017,   90
  215,20241120,   11,  300,   80,   60,10020,   71
  215,20241120,   12,  310,   70,   48,10019,   67
  215,20241120,   13,  290,  100,   61,10019,   73
  215,20241120,   14,  280,   90,   54,10022,   64
  215,20241120,   15,  280,   70,   51,10018,   64
  215,20241120,   16,  260,   90,   50,10007,   69
  215,20241120,   17,  270,   60,   50, 9993,   82
  215,20241120,   18,   20,   40,   29, 9995,   89
  215,20241120,   19,  360,   30,   23,10011,   91
  215,20241120,   20,   30,   50,   38,10022,   85
  215,20241120,   21,  340,   40,   25,10036,   90
  215,20241120,   22,   30,   50,   25,10039,   89
  215,20241120,   23,   90,   10,   22,10039,   94
  215,20241120,   24,  250,   40,   23,10042,   90
  215,20241121,    1,  320,   10,   25,10039,   90
  215,20241121,    2,  290,   60,   46,10033,   54
  215,20241121,    3,  270,   70,   40,10029,   54
  215,20241121,    4,  300,   30,   35,10022,   54
  215,20241121,    5,  280,   70,   41,10016,   54
  215,20241121,    6,  250,   80,   19,10017,   83
  215,20241121,    7,  260,   60,   37,10007,   67
  215,20241121,    8,  270,   60,   36,10004,   64
  215,20241121,    9,  270,   60,   45, 9998,   58
  215,20241121,   10,  270,   60,   47, 9989,   62
  215,20241121,   11,  260,   60,   51, 9982,   57
  215,20241121,   12,  280,   60,   53, 9970,   51
  215,20241121,   13,  290,   50,   52, 9961,   55
  215,20241121,   14,  290,   50,   53, 9952,   56
  215,20241121,   15,  300,   40,   41, 9945,   54
  215,20241121,   16,  360,   30,   23, 9943,   78
  215,20241121,   17,   80,   10,   16, 9944,   84
  215,20241121,   18,  200,   20,   -4, 9945,   89
  215,20241121,   19,  300,   50,   36, 9945,   56
  215,20241121,   20,  310,   60,   46, 9947,   47
  215,20241121,   21,  290,   50,   47, 9951,   55
  215,20241121,   22,  280,   60,   43, 9952,   59
  215,20241121,   23,  270,   70,   48, 9953,   62
  215,20241121,   24,  270,   80,   56, 9954,   66
  215,20241122,    1,  280,   90,   56, 9959,   66
  215,20241122,    2,  270,   70,   51, 9964,   70
  215,20241122,    3,  270,   80,   52, 9969,   65
  215,20241122,    4,  270,   90,   53, 9971,   63
  215,20241122,    5,  280,   90,   54, 9973,   68
  215,20241122,    6,  270,   80,   56, 9975,   67
  215,20241122,    7,  270,   80,   59, 9979,   68
  215,20241122,    8,  270,   80,   57, 9980,   72
  215,20241122,    9,  280,  100,   60, 9986,   67
  215,20241122,   10,  280,   90,   59, 9993,   68
  215,20241122,   11,  270,  110,   62, 9993,   70
  215,20241122,   12,  270,  120,   64, 9995,   77
  215,20241122,   13,  290,  100,   59,10005,   80
  215,20241122,   14,  290,  110,   64,10011,   83
  215,20241122,   15,  320,   90,   69,10034,   70
  215,20241122,   16,  350,  100,   64,10057,   69
  215,20241122,   17,  340,   20,   54,10077,   77
  215,20241122,   18,  310,   50,   50,10097,   78
  215,20241122,   19,  240,   30,   44,10104,   82
  215,20241122,   20,  240,   40,   45,10117,   80
  215,20241122,   21,  240,   40,   52,10126,   80
  215,20241122,   22,  250,   50,   58,10135,   71
  215,20241122,   23,  250,   40,   52,10141,   69
  215,20241122,   24,  180,   30,   19,10144,   89
  215,20241123,    1,  180,   30,   11,10150,   90
  215,20241123,    2,  190,   30,   14,10150,   90
  215,20241123,    3,  200,   40,   31,10150,   88
  215,20241123,    4,  200,   50,   34,10152,   85
  215,20241123,    5,  200,   40,   33,10150,   86
  215,20241123,    6,  180,   40,   29,10147,   87
  215,20241123,    7,  180,   60,   25,10148,   88
  215,20241123,    8,  180,   50,   28,10147,   89
  215,20241123,    9,  180,   60,   35,10144,   89
  215,20241123,   10,  180,   60,   46,10142,   84
  215,20241123,   11,  170,   60,   46,10127,   84
  215,20241123,   12,  170,   70,   49,10114,   82
  215,20241123,   13,  170,   80,   55,10095,   79
  215,20241123,   14,  170,   80,   59,10079,   77
  215,20241123,   15,  170,   80,   62,10063,   72
  215,20241123,   16,  180,   80,   67,10052,   64
  215,20241123,   17,  190,  100,   57,10043,   80
  215,20241123,   18,  190,  110,   54,10038,   88
  215,20241123,   19,  190,  100,   60,10030,   90
  215,20241123,   20,  200,  110,   73,10022,   86
  215,20241123,   21,  200,  110,   83,10022,   81
  215,20241123,   22,  210,   90,   92,10021,   82
  215,20241123,   23,  210,  110,   96,10026,   84
  215,20241123,   24,  210,  110,   99,10025,   87
  215,20241124,    1,  210,  100,  106,10026,   85
  215,20241124,    2,  200,  110,  114,10027,   81
  215,20241124,    3,  200,   90,  116,10025,   80
  215,20241124,    4,  210,  110,  123,10024,   74
  215,20241124,    5,  200,  100,  119,10022,   73
  215,20241124,    6,  200,  100,  125,10023,   71
  215,20241124,    7,  200,  110,  129,10023,   69
  215,20241124,    8,  200,  110,  131,10025,   69
  215,20241124,    9,  190,   90,  133,10029,   67
  215,20241124,   10,  190,   90,  137,10028,   67
  215,20241124,   11,  190,  110,  149,10027,   63
  215,20241124,   12,  200,  110,  157,10027,   62
  215,20241124,   13,  190,  110,  162,10023,   60
  215,20241124,   14,  190,  100,  162,10019,   59
  215,20241124,   15,  190,  100,  159,10021,   60
  215,20241124,   16,  190,  110,  159,10018,   59
  215,20241124,   17,  190,  100,  161,10018,   58
  215,20241124,   18,  190,  110,  163,10016,   58
  215,20241124,   19,  190,  100,  162,10013,   61
  215,20241124,   20,  190,  110,  164,10008,   62
  215,20241124,   21,  190,  110,  165,10002,   61
  215,20241124,   22,  190,  100,  164,10000,   62
  215,20241124,   23,  190,  110,  163,10000,   62
  215,20241124,   24,  190,  110,  162, 9999,   61
  215,20241125,    1,  190,  110,  162, 9995,   60
  215,20241125,    2,  190,  100,  156, 9991,   61
  215,20241125,    3,  190,  110,  157, 9986,   60
  215,20241125,    4,  200,  110,  150, 9983,   67
  215,20241125,    5,  200,  100,  155, 9980,   63
  215,20241125,    6,  200,   90,  150, 9980,   67
  215,20241125,    7,  200,   80,  145, 9984,   73
  215,20241125,    8,  250,   50,  117, 9996,   90
  215,20241125,    9,  230,   40,  110,10003,   91
  215,20241125,   10,  230,   40,  105,10010,   90
  215,20241125,   11,  210,   50,  104,10011,   90
  215,20241125,   12,  210,   60,  101,10015,   89
  215,20241125,   13,  210,   50,  100,10017,   90
  215,20241125,   14,  210,   50,  101,10025,   87
  215,20241125,   15,  220,   70,  103,10035,   86
  215,20241125,   16,  220,   70,  103,10043,   87
  215,20241125,   17,  230,   50,   98,10055,   89
  215,20241125,   18,  220,   40,   93,10066,   89
  215,20241125,   19,  210,   50,   89,10073,   88
  215,20241125,   20,  220,   50,   91,10077,   86
  215,20241125,   21,  230,   50,   90,10086,   82
  215,20241125,   22,  230,   40,   83,10092,   83
  215,20241125,   23,  240,   60,   99,10102,   69
  215,20241125,   24,  190,   30,   68,10110,   87
  215,20241126,    1,  190,   30,   65,10117,   89
  215,20241126,    2,  190,   40,   60,10123,   91
  215,20241126,    3,  190,   30,   56,10125,   91
  215,20241126,    4,  190,   40,   58,10131,   91
  215,20241126,    5,  200,   40,   60,10133,   91
  215,20241126,    6,  190,   40,   62,10136,   91
  215,20241126,    7,  200,   40,   66,10140,   91
  215,20241126,    8,  260,   80,   78,10153,   87
  215,20241126,    9,  190,   40,   78,10150,   89
  215,20241126,   10,  220,   50,   98,10150,   74
  215,20241126,   11,  220,   70,   93,10153,   78
  215,20241126,   12,  220,   60,   97,10154,   75
  215,20241126,   13,  230,   70,   99,10159,   76
  215,20241126,   14,  230,   70,   95,10162,   80
  215,20241126,   15,  220,   50,   88,10169,   85
  215,20241126,   16,  230,   40,   85,10173,   85
  215,20241126,   17,  220,   30,   58,10178,   92
  215,20241126,   18,  220,   20,   48,10183,   94
  215,20241126,   19,  200,   30,   30,10186,   95
  215,20241126,   20,  200,   30,   25,10190,   95
  215,20241126,   21,  180,   20,   42,10193,   96
  215,20241126,   22,  180,   20,   42,10191,   97
  215,20241126,   23,  180,   30,   44,10193,   96
  215,20241126,   24,  170,   20,   50,10192,   96
  215,20241127,    1,  170,   20,   48,10189,   95
  215,20241127,    2,  130,   20,   53,10185,   96
  215,20241127,    3,  150,   30,   57,10180,   94
  215,20241127,    4,  130,   30,   57,10170,   94
  215,20241127,    5,  130,   50,   62,10161,   95
  215,20241127,    6,  110,   50,   66,10147,   94
  215,20241127,    7,  110,   60,   67,10134,   94
  215,20241127,    8,  130,   70,   71,10118,   94
  215,20241127,    9,  140,   60,   78,10101,   95
  215,20241127,   10,  170,   70,   94,10089,   93
  215,20241127,   11,  180,   80,  103,10071,   91
  215,20241127,   12,  190,  100,  112,10059,   86
  215,20241127,   13,  190,  100,  110,10044,   88
  215,20241127,   14,  200,  110,  110,10032,   91
  215,20241127,   15,  240,  100,   96,10034,   88
  215,20241127,   16,  260,  120,   90,10047,   83
  215,20241127,   17,  290,  120,   82,10070,   80
  215,20241127,   18,  300,  120,   82,10091,   79
  215,20241127,   19,  300,  110,   83,10109,   79
  215,20241127,   20,  310,  110,   86,10124,   75
  215,20241127,   21,  310,   80,   89,10138,   75
  215,20241127,   22,  310,   90,   78,10152,   83
  215,20241127,   23,  330,   90,   77,10162,   85
  215,20241127,   24,  320,   70,   81,10173,   76
  215,20241128,    1,  320,   70,   78,10183,   79
  215,20241128,    2,  310,   40,   75,10191,   83
  215,20241128,    3,  310,   70,   82,10198,   79
  215,20241128,    4,  320,   60,   83,10206,   71
  215,20241128,    5,  330,   70,   84,10214,   73
  215,20241128,    6,  330,   60,   79,10224,   76
  215,20241128,    7,  330,   60,   76,10232,   73
  215,20241128,    8,  330,   70,   80,10241,   68
  215,20241128,    9,  330,   60,   85,10252,   71
  215,20241128,   10,  340,   60,   84,10261,   74
  215,20241128,   11,  330,   60,   90,10265,   71
  215,20241128,   12,  330,   60,   95,10269,   67
  215,20241128,   13,  330,   50,   95,10273,   65
  215,20241128,   14,  330,   40,   91,10279,   69
  215,20241128,   15,  330,   40,   85,10284,   62
  215,20241128,   16,  330,   30,   83,10286,   70
  215,20241128,   17,  360,   30,   77,10291,   70
  215,20241128,   18,  350,   20,   71,10299,   71
  215,20241128,   19,  260,   10,   46,10307,   84
  215,20241128,   20,  990,   10,   56,10309,   79
  215,20241128,   21,    0,    0,   61,10312,   73
  215,20241128,   22,  120,   10,   43,10314,   83
  215,20241128,   23,    0,    0,   17,10317,   92
  215,20241128,   24,  200,   10,   13,10318,   96
  215,20241129,    1,    0,    0,    7,10316,   98
  215,20241129,    2,    0,    0,   -1,10317,   97
  215,20241129,    3,  140,   10,   -3,10316,   98
  215,20241129,    4,  110,   10,   -9,10316,   98
  215,20241129,    5,    0,    0,  -14,10315,   98
  215,20241129,    6,    0,    0,  -18,10316,   98
  215,20241129,    7,  130,   10,  -13,10320,   98
  215,20241129,    8,  120,   10,  -14,10325,   98
  215,20241129,    9,  150,   10,   14,10326,   98
  215,20241129,   10,  140,   20,   48,10325,   87
  215,20241129,   11,  140,   30,   65,10320,   79
  215,20241129,   12,  140,   40,   76,10313,   74
  215,20241129,   13,  150,   40,   80,10309,   71
  215,20241129,   14,  150,   40,   76,10303,   72
  215,20241129,   15,  130,   50,   62,10301,   81
  215,20241129,   16,  130,   40,   50,10300,   84
  215,20241129,   17,  140,   40,   43,10298,   86
  215,20241129,   18,  140,   40,   40,10298,   87
  215,20241129,   19,  140,   40,   32,10297,   90
  215,20241129,   20,  140,   40,   31,10296,   90
  215,20241129,   21,  140,   40,   27,10292,   90
  215,20241129,   22,  140,   50,   25,10284,   90
  215,20241129,   23,  150,   40,   21,10284,   91
  215,20241129,   24,  130,   40,   12,10280,   92
  215,20241130,    1,  130,   30,    7,10278,   92
  215,20241130,    2,  140,   30,    4,10279,   93
  215,20241130,    3,  140,   30,   -1,10277,   93
  215,20241130,    4,  160,   30,    4,10273,   91
  215,20241130,    5,  150,   30,    6,10269,   91
  215,20241130,    6,  150,   30,   10,10268,   90
  215,20241130,    7,  160,   30,   13,10267,   90
  215,20241130,    8,  160,   40,   21,10270,   87
  215,20241130,    9,  190,   40,   30,10275,   85
  215,20241130,   10,  190,   40,   41,10277,   83
  215,20241130,   11,  190,   40,   58,10271,   78
  215,20241130,   12,  190,   40,   56,10266,   80
  215,20241130,   13,  180,   40,   61,10262,   81
  215,20241130,   14,  200,   30,   61,10261,   84
  215,20241130,   15,  170,   30,   61,10260,   83
  215,20241130,   16,  170,   30,   60,10263,   84
  215,20241130,   17,  170,   30,   63,10262,   82
  215,20241130,   18,  170,   30,   65,10261,   81
  215,20241130,   19,  170,   40,   66,10257,   82
  215,20241130,   20,  170,   30,   68,10254,   80
  215,20241130,   21,  180,   40,   69,10251,   80
  215,20241130,   22,  180,   40,   70,10251,   80
  215,20241130,   23,  170,   40,   70,10249,   81
  215,20241130,   24,  170,   30,   71,10243,   82
  215,20241201,    1,  170,   30,   71,10238,   82
  215,20241201,    2,  170,   30,   71,10235,   83
  215,20241201,    3,  180,   20,   71,10229,   84
  215,20241201,    4,  150,   20,   70,10223,   83
  215,20241201,    5,  150,   30,   68,10218,   83
  215,20241201,    6,  160,   30,   63,10214,   83
  215,20241201,    7,  160,   30,   49,10211,   85
  215,20241201,    8,  150,   40,   44,10206,   83
  215,20241201,    9,  160,   40,   52,10203,   81
  215,20241201,   10,  170,   40,   58,10198,   76
  215,20241201,   11,  160,   50,   59,10187,   71
  215,20241201,   12,  160,   60,   72,10175,   65
  215,20241201,   13,  180,   60,   77,10169,   65
  215,20241201,   14,  170,   60,   75,10160,   67
  215,20241201,   15,  170,   50,   77,10157,   67
  215,20241201,   16,  180,   60,   68,10153,   79
  215,20241201,   17,  190,   60,   70,10152,   85
  215,20241201,   18,  200,   70,   66,10151,   90
  215,20241201,   19,  200,   70,   70,10150,   92
  215,20241201,   20,  210,   70,   74,10147,   93
  215,20241201,   21,  210,   70,   77,10146,   93
  215,20241201,   22,  200,   70,   80,10146,   94
  215,20241201,   23,  200,   60,   85,10143,   93
  215,20241201,   24,  200,   60,   90,10139,   91
  215,20241202,    1,  200,   50,   92,10134,   92
  215,20241202,    2,  200,   60,   97,10130,   91
  215,20241202,    3,  200,   50,  100,10123,   92
  215,20241202,    4,  200,   60,  102,10118,   92
  215,20241202,    5,  210,   60,  107,10115,   92
  215,20241202,    6,  210,   60,  110,10113,   90
  215,20241202,    7,  220,   50,  110,10112,   91
  215,20241202,    8,  210,   50,  108,10114,   90
  215,20241202,    9,  210,   60,  109,10112,   91
  215,20241202,   10,  210,   50,  110,10109,   90
  215,20241202,   11,  220,   70,  112,10106,   88
  215,20241202,   12,  230,   50,  108,10103,   90
  215,20241202,   13,  230,   50,  109,10102,   89
  215,20241202,   14,  250,   50,  105,10103,   86
  215,20241202,   15,  240,   50,   96,10105,   89
  215,20241202,   16,  240,   30,   89,10106,   89
  215,20241202,   17,  220,   30,   81,10107,   91
  215,20241202,   18,  260,   30,   86,10107,   92
  215,20241202,   19,  260,   50,   91,10109,   90
  215,20241202,   20,  290,   40,   88,10111,   88
  215,20241202,   21,  270,   30,   86,10113,   91
  215,20241202,   22,  280,   40,   85,10117,   88
  215,20241202,   23,  330,   60,   90,10123,   91
  215,20241202,   24,  350,   90,   81,10131,   89
  215,20241203,    1,  350,   80,   79,10139,   81
  215,20241203,    2,  340,   60,   81,10149,   76
  215,20241203,    3,  340,   70,   78,10155,   70
  215,20241203,    4,  330,   50,   70,10162,   72
  215,20241203,    5,  330,   60,   72,10166,   72
  215,20241203,    6,  340,   50,   64,10174,   81
  215,20241203,    7,  350,   60,   55,10181,   87
  215,20241203,    8,  330,   80,   59,10190,   80
  215,20241203,    9,  340,   20,   61,10194,   76
  215,20241203,   10,  350,   60,   67,10202,   80
  215,20241203,   11,  330,   40,   75,10202,   72
  215,20241203,   12,  360,   50,   71,10204,   77
  215,20241203,   13,  340,   40,   71,10205,   67
  215,20241203,   14,  330,   40,   67,10209,   72
  215,20241203,   15,  330,   20,   47,10214,   79
  215,20241203,   16,  280,   20,   54,10216,   80
  215,20241203,   17,  340,   30,   50,10218,   78
  215,20241203,   18,  320,   10,   25,10220,   90
  215,20241203,   19,   30,   10,   36,10224,   84
  215,20241203,   20,  330,   20,   39,10229,   84
  215,20241203,   21,  290,   40,   53,10232,   79
  215,20241203,   22,  340,   30,   49,10232,   82
  215,20241203,   23,  250,   10,   31,10229,   89
  215,20241203,   24,  290,   30,   52,10232,   75
  215,20241204,    1,  200,   20,    9,10232,   93
  215,20241204,    2,  230,   10,    8,10239,   94
  215,20241204,    3,  220,   20,   19,10239,   94
  215,20241204,    4,  170,   10,   21,10238,   92
  215,20241204,    5,  230,   20,   41,10238,   93
  215,20241204,    6,  990,   10,   48,10241,   89
  215,20241204,    7,  270,   30,   54,10246,   79
  215,20241204,    8,  210,   20,   45,10247,   89
  215,20241204,    9,  280,   30,   64,10250,   73
  215,20241204,   10,  260,   30,   64,10254,   78
  215,20241204,   11,  200,   10,   63,10255,   84
  215,20241204,   12,  210,   40,   62,10255,   88
  215,20241204,   13,  220,   40,   60,10252,   90
  215,20241204,   14,  210,   40,   60,10253,   91
  215,20241204,   15,  200,   30,   55,10254,   91
  215,20241204,   16,  190,   30,   40,10256,   94
  215,20241204,   17,  170,   20,   43,10255,   94
  215,20241204,   18,  190,   20,   28,10255,   95
  215,20241204,   19,  160,   30,   32,10252,   94
  215,20241204,   20,  180,   30,   39,10250,   95
  215,20241204,   21,  170,   30,   34,10250,   95
  215,20241204,   22,  170,   30,   39,10245,   95
  215,20241204,   23,  170,   40,   47,10240,   94
  215,20241204,   24,  190,   40,   49,10234,   93
  215,20241205,    1,  180,   50,   57,10223,   93
  215,20241205,    2,  180,   50,   62,10212,   92
  215,20241205,    3,  190,   60,   63,10202,   88
  215,20241205,    4,  190,   70,   60,10191,   88
  215,20241205,    5,  180,   80,   60,10181,   86
  215,20241205,    6,  180,   80,   60,10169,   86
  215,20241205,    7,  180,   80,   59,10153,   86
  215,20241205,    8,  180,   80,   58,10141,   88
  215,20241205,    9,  180,  100,   57,10128,   91
  215,20241205,   10,  180,   80,   59,10119,   93
  215,20241205,   11,  190,   90,   61,10108,   93
  215,20241205,   12,  200,   80,   67,10098,   93
  215,20241205,   13,  200,   80,   74,10091,   92
  215,20241205,   14,  200,   90,   78,10083,   93
  215,20241205,   15,  210,   80,   81,10076,   93
  215,20241205,   16,  200,   70,   86,10069,   94
  215,20241205,   17,  210,   80,   89,10056,   94
  215,20241205,   18,  200,   80,   93,10040,   94
  215,20241205,   19,  200,   80,   99,10024,   94
  215,20241205,   20,  190,   70,  105,10002,   94
  215,20241205,   21,  200,   60,  107, 9976,   93
  215,20241205,   22,  210,  100,  109, 9963,   93
  215,20241205,   23,  250,   90,  117, 9957,   82
  215,20241205,   24,  290,  100,  105, 9971,   76
  215,20241206,    1,  280,  130,   99, 9983,   74
  215,20241206,    2,  290,  120,   92, 9994,   76
  215,20241206,    3,  290,  120,   93,10004,   75
  215,20241206,    4,  290,  110,   89,10013,   78
  215,20241206,    5,  300,  100,   90,10025,   77
  215,20241206,    6,  290,  110,   89,10039,   79
  215,20241206,    7,  300,  110,   90,10054,   81
  215,20241206,    8,  300,  110,   90,10071,   83
  215,20241206,    9,  300,  120,   92,10089,   81
  215,20241206,   10,  290,  110,   96,10104,   78
  215,20241206,   11,  300,  110,   94,10117,   77
  215,20241206,   12,  300,   90,   95,10133,   79
  215,20241206,   13,  310,   90,   96,10139,   74
  215,20241206,   14,  300,   70,   94,10147,   72
  215,20241206,   15,  290,   70,   92,10155,   71
  215,20241206,   16,  290,   60,   88,10160,   75
  215,20241206,   17,  270,   50,   80,10162,   77
  215,20241206,   18,  260,   40,   70,10159,   80
  215,20241206,   19,  220,   30,   60,10155,   81
  215,20241206,   20,  190,   30,   47,10149,   86
  215,20241206,   21,  180,   30,   59,10135,   85
  215,20241206,   22,  170,   30,   61,10121,   87
  215,20241206,   23,  170,   60,   67,10106,   82
  215,20241206,   24,  170,   60,   69,10081,   82
  215,20241207,    1,  180,   70,   70,10061,   83
  215,20241207,    2,  170,   80,   72,10033,   83
  215,20241207,    3,  170,   70,   71,10006,   91
  215,20241207,    4,  180,   90,   76, 9984,   92
  215,20241207,    5,  180,  100,   80, 9966,   92
  215,20241207,    6,  190,  100,   89, 9947,   90
  215,20241207,    7,  200,  100,   95, 9932,   88
  215,20241207,    8,  210,   90,   96, 9924,   84
  215,20241207,    9,  200,   90,   99, 9914,   82
  215,20241207,   10,  200,  100,   99, 9906,   80
  215,20241207,   11,  210,  100,   89, 9899,   81
  215,20241207,   12,  200,   90,   86, 9891,   81
  215,20241207,   13,  210,   90,   79, 9881,   84
  215,20241207,   14,  220,   70,   72, 9880,   86
  215,20241207,   15,  210,   80,   73, 9875,   87
  215,20241207,   16,  200,   90,   68, 9878,   89
  215,20241207,   17,  190,   80,   66, 9878,   92
  215,20241207,   18,  190,   70,   68, 9877,   93
  215,20241207,   19,  220,   30,   66, 9881,   93
  215,20241207,   20,  230,   30,   73, 9885,   90
  215,20241207,   21,  210,   40,   70, 9887,   93
  215,20241207,   22,  150,   40,   71, 9888,   93
  215,20241207,   23,   90,   50,   71, 9898,   94
  215,20241207,   24,   40,   50,   68, 9919,   94
  215,20241208,    1,   30,   50,   70, 9937,   94
  215,20241208,    2,   30,   60,   70, 9958,   93
  215,20241208,    3,   30,   50,   69, 9974,   93
  215,20241208,    4,   20,   60,   69, 9989,   93
  215,20241208,    5,   30,   60,   68,10005,   92
  215,20241208,    6,   30,   60,   68,10022,   91
  215,20241208,    7,   30,   50,   67,10039,   90
  215,20241208,    8,   40,   50,   66,10060,   90
  215,20241208,    9,   30,   50,   66,10077,   90
  215,20241208,   10,   30,   40,   70,10090,   90
  215,20241208,   11,   40,   50,   74,10100,   88
  215,20241208,   12,   40,   50,   74,10110,   87
  215,20241208,   13,   50,   60,   76,10118,   85
  215,20241208,   14,   50,   60,   76,10131,   82
  215,20241208,   15,   50,   60,   71,10144,   82
  215,20241208,   16,   40,   50,   68,10160,   85
  215,20241208,   17,   40,   60,   63,10172,   87
  215,20241208,   18,   40,   70,   65,10186,   85
  215,20241208,   19,   40,   60,   68,10200,   86
  215,20241208,   20,   30,   60,   70,10210,   85
  215,20241208,   21,   40,   60,   70,10219,   84
  215,20241208,   22,   40,   50,   69,10228,   82
  215,20241208,   23,   40,   80,   65,10237,   80
  215,20241208,   24,   40,   50,   58,10242,   80
  215,20241209,    1,   30,   50,   65,10248,   84
  215,20241209,    2,   30,   50,   68,10252,   82
  215,20241209,    3,   40,   60,   67,10254,   81
  215,20241209,    4,   30,   60,   66,10256,   81
  215,20241209,    5,   30,   60,   65,10259,   81
  215,20241209,    6,   30,   60,   64,10263,   78
  215,20241209,    7,   30,   60,   63,10267,   76
  215,20241209,    8,   40,   50,   63,10274,   77
  215,20241209,    9,   30,   70,   64,10275,   77
  215,20241209,   10,   30,   70,   65,10276,   80
  215,20241209,   11,   40,   70,   67,10275,   80
  215,20241209,   12,   40,   80,   69,10272,   78
  215,20241209,   13,   40,   80,   69,10272,   78
  215,20241209,   14,   40,   80,   68,10277,   79
  215,20241209,   15,   50,   80,   67,10287,   79
  215,20241209,   16,   50,   70,   66,10292,   79
  215,20241209,   17,   50,   80,   65,10296,   78
  215,20241209,   18,   40,   70,   61,10299,   82
  215,20241209,   19,   50,   70,   60,10302,   82
  215,20241209,   20,   50,   70,   60,10309,   82
  215,20241209,   21,   50,   80,   60,10311,   82
  215,20241209,   22,   60,   70,   59,10312,   82
  215,20241209,   23,   50,   70,   59,10313,   81
  215,20241209,   24,   40,   50,   59,10314,   81
  215,20241210,    1,   40,   60,   57,10314,   81
  215,20241210,    2,   40,   50,   54,10315,   82
  215,20241210,    3,   40,   50,   53,10314,   85
  215,20241210,    4,   50,   60,   53,10311,   84
  215,20241210,    5,   50,   60,   54,10310,   82
  215,20241210,    6,   50,   70,   51,10314,   82
  215,20241210,    7,   50,   60,   52,10315,   82
  215,20241210,    8,   50,   60,   51,10318,   82
  215,20241210,    9,   50,   70,   51,10319,   84
  215,20241210,   10,   60,   70,   54,10318,   80
  215,20241210,   11,   60,   70,   54,10317,   79
  215,20241210,   12,   60,   80,   52,10314,   79
  215,20241210,   13,   60,   80,   52,10312,   81
  215,20241210,   14,   60,   50,   52,10312,   82
  215,20241210,   15,   60,   70,   51,10313,   81
  215,20241210,   16,   60,   80,   50,10313,   81
  215,20241210,   17,   60,   60,   50,10315,   81
  215,20241210,   18,   70,   60,   50,10317,   80
  215,20241210,   19,   70,   50,   49,10319,   82
  215,20241210,   20,   60,   50,   49,10321,   82
  215,20241210,   21,   60,   40,   49,10322,   83
  215,20241210,   22,   70,   50,   49,10321,   83
  215,20241210,   23,   80,   40,   48,10322,   84
  215,20241210,   24,   60,   40,   47,10320,   84
  215,20241211,    1,   70,   30,   46,10317,   85
  215,20241211,    2,   80,   40,   46,10318,   85
  215,20241211,    3,   80,   30,   45,10317,   86
  215,20241211,    4,   80,   40,   44,10317,   84
  215,20241211,    5,   70,   30,   43,10317,   86
  215,20241211,    6,   70,   30,   42,10318,   86
  215,20241211,    7,   70,   40,   41,10317,   88
  215,20241211,    8,   60,   40,   40,10323,   88
  215,20241211,    9,   30,   40,   39,10328,   87
  215,20241211,   10,   70,   30,   38,10331,   88
  215,20241211,   11,   40,   40,   39,10329,   85
  215,20241211,   12,   60,   40,   41,10325,   84
  215,20241211,   13,   70,   30,   38,10322,   83
  215,20241211,   14,   30,   30,   38,10323,   82
  215,20241211,   15,   50,   50,   36,10325,   80
  215,20241211,   16,   60,   20,   35,10324,   82
  215,20241211,   17,   60,   20,   35,10328,   83
  215,20241211,   18,  110,   20,   35,10328,   85
  215,20241211,   19,  160,   20,   33,10328,   86
  215,20241211,   20,  150,   20,   33,10330,   84
  215,20241211,   21,  140,   10,   31,10332,   86
  215,20241211,   22,  180,   10,   15,10331,   90
  215,20241211,   23,  270,   10,   22,10331,   92
  215,20241211,   24,  210,   10,   26,10327,   91
  215,20241212,    1,  190,   10,   30,10325,   91
  215,20241212,    2,  200,   20,   31,10324,   90
  215,20241212,    3,  200,   20,   29,10324,   93
  215,20241212,    4,  220,   10,   30,10321,   94
  215,20241212,    5,  220,   20,   30,10321,   96
  215,20241212,    6,  210,   10,   33,10319,   97
  215,20241212,    7,  200,   20,   34,10318,   96
  215,20241212,    8,  210,   20,   34,10320,   96
  215,20241212,    9,  210,   20,   39,10320,   97
  215,20241212,   10,  180,   10,   44,10321,   97
  215,20241212,   11,  160,   10,   43,10319,   97
  215,20241212,   12,  120,   10,   46,10315,   98
  215,20241212,   13,  100,   20,   48,10314,   95
  215,20241212,   14,  110,   20,   47,10312,   95
  215,20241212,   15,  100,   20,   48,10311,   95
  215,20241212,   16,   70,   30,   46,10310,   92
  215,20241212,   17,   60,   30,   43,10312,   91
  215,20241212,   18,   90,   30,   39,10311,   91
  215,20241212,   19,  100,   30,   39,10313,   91
  215,20241212,   20,   90,   30,   38,10311,   90
  215,20241212,   21,   90,   30,   36,10309,   90
  215,20241212,   22,  100,   30,   37,10307,   92
  215,20241212,   23,  110,   30,   36,10308,   91
  215,20241212,   24,  110,   40,   34,10306,   88
  215,20241213,    1,  100,   40,   32,10302,   88
  215,20241213,    2,  100,   30,   32,10298,   91
  215,20241213,    3,  100,   40,   30,10297,   89
  215,20241213,    4,  100,   40,   30,10292,   88
  215,20241213,    5,  110,   30,   29,10289,   89
  215,20241213,    6,  110,   40,   26,10286,   92
  215,20241213,    7,  110,   30,   25,10287,   92
  215,20241213,    8,  120,   40,   25,10286,   90
  215,20241213,    9,  130,   40,   24,10288,   87
  215,20241213,   10,  160,   40,   21,10288,   87
  215,20241213,   11,  140,   40,   15,10283,   86
  215,20241213,   12,  130,   40,   10,10277,   85
  215,20241213,   13,  140,   30,    5,10269,   85
  215,20241213,   14,  160,   30,    6,10262,   86
  215,20241213,   15,  170,   30,    7,10259,   88
  215,20241213,   16,  190,   30,    8,10256,   88
  215,20241213,   17,  170,   30,    8,10254,   87
  215,20241213,   18,  210,   10,    6,10250,   89
  215,20241213,   19,  170,   10,    9,10246,   87
  215,20241213,   20,  170,   20,   13,10241,   86
  215,20241213,   21,  200,   30,   18,10234,   83
  215,20241213,   22,  190,   30,   18,10228,   83
  215,20241213,   23,  200,   30,   21,10224,   81
  215,20241213,   24,  210,   40,   23,10216,   81
  215,20241214,    1,  190,   50,   26,10206,   83
  215,20241214,    2,  200,   40,   24,10202,   87
  215,20241214,    3,  200,   50,   22,10197,   88
  215,20241214,    4,  210,   50,   24,10189,   92
  215,20241214,    5,  210,   50,   32,10187,   92
  215,20241214,    6,  210,   50,   34,10185,   91
  215,20241214,    7,  200,   40,   35,10182,   91
  215,20241214,    8,  210,   40,   37,10184,   92
  215,20241214,    9,  200,   40,   42,10184,   92
  215,20241214,   10,  210,   50,   46,10185,   92
  215,20241214,   11,  210,   50,   51,10182,   92
  215,20241214,   12,  250,   30,   66,10179,   88
  215,20241214,   13,  270,   50,   69,10176,   88
  215,20241214,   14,  270,   60,   74,10174,   85
  215,20241214,   15,  290,   60,   74,10178,   89
  215,20241214,   16,  320,   60,   70,10184,   89
  215,20241214,   17,  320,   40,   65,10192,   91
  215,20241214,   18,  300,   50,   73,10198,   81
  215,20241214,   19,  290,   50,   69,10203,   80
  215,20241214,   20,  300,   50,   64,10210,   77
  215,20241214,   21,  290,   40,   58,10211,   76
  215,20241214,   22,  290,   40,   62,10214,   72
  215,20241214,   23,  270,   30,   55,10217,   82
  215,20241214,   24,  270,   50,   70,10216,   81
  215,20241215,    1,  280,   60,   70,10220,   81
  215,20241215,    2,  280,   50,   74,10224,   82
  215,20241215,    3,  270,   50,   78,10224,   83
  215,20241215,    4,  270,   40,   77,10226,   85
  215,20241215,    5,  260,   50,   81,10224,   85
  215,20241215,    6,  250,   60,   83,10227,   83
  215,20241215,    7,  260,   60,   85,10235,   84
  215,20241215,    8,  250,   50,   88,10238,   86
  215,20241215,    9,  230,   50,   85,10244,   91
  215,20241215,   10,  250,   60,   89,10245,   94
  215,20241215,   11,  260,   80,   90,10248,   93
  215,20241215,   12,  250,   70,   95,10247,   92
  215,20241215,   13,  250,   80,  100,10247,   91
  215,20241215,   14,  250,   80,  101,10250,   91
  215,20241215,   15,  260,   80,  103,10252,   90
  215,20241215,   16,  250,   80,  105,10256,   90
  215,20241215,   17,  240,   80,  105,10257,   89
  215,20241215,   18,  240,   70,  103,10262,   90
  215,20241215,   19,  240,   70,  107,10265,   89
  215,20241215,   20,  250,   70,  109,10266,   89
  215,20241215,   21,  240,   70,  111,10266,   88
  215,20241215,   22,  240,   80,  111,10270,   87
  215,20241215,   23,  250,   70,  108,10272,   88
  215,20241215,   24,  240,   80,  110,10273,   87
  215,20241216,    1,  250,   80,  109,10277,   87
  215,20241216,    2,  260,   70,  107,10279,   88
  215,20241216,    3,  260,   80,  106,10284,   86
  215,20241216,    4,  260,   80,  108,10283,   85
  215,20241216,    5,  250,   80,  107,10283,   85
  215,20241216,    6,  250,   90,  109,10285,   83
  215,20241216,    7,  250,   80,  108,10290,   83
  215,20241216,    8,  250,   80,  106,10292,   85
  215,20241216,    9,  250,   80,  106,10297,   83
  215,20241216,   10,  260,   70,  105,10300,   82
  215,20241216,   11,  250,   70,  105,10294,   82
  215,20241216,   12,  250,   80,  103,10293,   85
  215,20241216,   13,  240,   60,  101,10289,   85
  215,20241216,   14,  250,   70,  101,10286,   85
  215,20241216,   15,  250,   70,  103,10286,   81
  215,20241216,   16,  250,   70,  101,10288,   83
  215,20241216,   17,  250,   70,   97,10286,   84
  215,20241216,   18,  250,   80,  101,10285,   82
  215,20241216,   19,  240,   70,   99,10285,   83
  215,20241216,   20,  250,   70,  100,10286,   83
  215,20241216,   21,  240,   60,  101,10285,   82
  215,20241216,   22,  250,   60,  102,10288,   80
  215,20241216,   23,  240,   60,   99,10281,   82
  215,20241216,   24,  260,   60,   99,10286,   83
  215,20241217,    1,  250,   50,   93,10283,   87
  215,20241217,    2,  250,   60,   94,10286,   87
  215,20241217,    3,  250,   50,   93,10284,   87
  215,20241217,    4,  240,   50,   91,10280,   87
  215,20241217,    5,  220,   30,   77,10279,   91
  215,20241217,    6,  220,   40,   64,10277,   94
  215,20241217,    7,  220,   40,   64,10276,   95
  215,20241217,    8,  230,   50,   80,10284,   94
  215,20241217,    9,  230,   40,   85,10283,   93
  215,20241217,   10,  210,   40,   90,10278,   90
  215,20241217,   11,  220,   50,   94,10275,   91
  215,20241217,   12,  200,   50,   93,10267,   90
  215,20241217,   13,  210,   40,   92,10261,   90
  215,20241217,   14,  210,   50,   93,10253,   88
  215,20241217,   15,  200,   50,   89,10247,   89
  215,20241217,   16,  180,   40,   88,10242,   87
  215,20241217,   17,  180,   40,   86,10231,   89
  215,20241217,   18,  190,   50,   86,10221,   85
  215,20241217,   19,  180,   60,   84,10211,   85
  215,20241217,   20,  180,   50,   80,10201,   87
  215,20241217,   21,  200,   80,   77,10195,   87
  215,20241217,   22,  210,   80,   72,10186,   85
  215,20241217,   23,  200,   60,   71,10180,   85
  215,20241217,   24,  200,   80,   68,10170,   87
  215,20241218,    1,  190,   70,   68,10156,   89
  215,20241218,    2,  190,   80,   66,10146,   87
  215,20241218,    3,  200,   70,   70,10138,   84
  215,20241218,    4,  190,   70,   76,10126,   81
  215,20241218,    5,  200,   80,   87,10116,   79
  215,20241218,    6,  200,   80,   92,10106,   80
  215,20241218,    7,  200,   90,   96,10099,   84
  215,20241218,    8,  200,   90,   94,10098,   91
  215,20241218,    9,  200,  100,  105,10091,   86
  215,20241218,   10,  210,  100,  114,10086,   85
  215,20241218,   11,  210,  110,  117,10077,   84
  215,20241218,   12,  220,  100,  116,10080,   90
  215,20241218,   13,  230,  130,  123,10076,   89
  215,20241218,   14,  230,  110,  129,10082,   83
  215,20241218,   15,  240,  100,  125,10085,   84
  215,20241218,   16,  240,  100,  124,10087,   86
  215,20241218,   17,  240,   80,  121,10088,   90
  215,20241218,   18,  240,   90,  122,10083,   90
  215,20241218,   19,  230,   80,  122,10076,   91
  215,20241218,   20,  220,   90,  123,10063,   91
  215,20241218,   21,  210,   90,  119,10049,   91
  215,20241218,   22,  200,   80,  118,10033,   89
  215,20241218,   23,  190,   80,  115,10013,   91
  215,20241218,   24,  210,   90,  120, 9992,   92
  215,20241219,    1,  210,  100,  128, 9973,   89
  215,20241219,    2,  210,   90,  126, 9957,   91
  215,20241219,    3,  210,  100,  116, 9948,   87
  215,20241219,    4,  220,   90,  119, 9942,   86
  215,20241219,    5,  220,  120,  120, 9932,   84
  215,20241219,    6,  230,  120,  120, 9926,   83
  215,20241219,    7,  310,   90,   83, 9946,   90
  215,20241219,    8,  310,   70,   82, 9965,   84
  215,20241219,    9,  310,   80,   76, 9975,   88
  215,20241219,   10,  310,   90,   76, 9985,   83
  215,20241219,   11,  320,   90,   71, 9996,   81
  215,20241219,   12,  320,   80,   65,10009,   83
  215,20241219,   13,  320,   60,   60,10017,   83
  215,20241219,   14,  310,   60,   61,10024,   83
  215,20241219,   15,  310,   90,   73,10035,   72
  215,20241219,   16,  310,   60,   68,10051,   77
  215,20241219,   17,  300,   80,   67,10061,   74
  215,20241219,   18,  300,   90,   63,10072,   81
  215,20241219,   19,  310,   60,   68,10086,   80
  215,20241219,   20,  310,   90,   59,10097,   83
  215,20241219,   21,  310,   70,   67,10108,   77
  215,20241219,   22,  310,   90,   72,10120,   70
  215,20241219,   23,  310,   80,   64,10130,   61
  215,20241219,   24,  310,   70,   69,10140,   70
  215,20241220,    1,  320,   80,   71,10147,   64
  215,20241220,    2,  320,   80,   70,10156,   62
  215,20241220,    3,  280,   70,   59,10165,   78
  215,20241220,    4,  300,   60,   66,10170,   71
  215,20241220,    5,  290,   60,   60,10173,   78
  215,20241220,    6,  280,   60,   52,10180,   82
  215,20241220,    7,  300,   30,   53,10185,   88
  215,20241220,    8,  280,   50,   52,10189,   80
  215,20241220,    9,  270,   50,   58,10192,   74
  215,20241220,   10,  270,   60,   70,10192,   71
  215,20241220,   11,  260,   60,   73,10191,   75
  215,20241220,   12,  250,   60,   78,10187,   73
  215,20241220,   13,  250,   70,   76,10181,   72
  215,20241220,   14,  230,   60,   72,10176,   75
  215,20241220,   15,  220,   60,   70,10173,   80
  215,20241220,   16,  210,   50,   66,10168,   83
  215,20241220,   17,  200,   60,   65,10165,   83
  215,20241220,   18,  210,   80,   65,10160,   83
  215,20241220,   19,  210,   60,   69,10156,   84
  215,20241220,   20,  210,   70,   67,10152,   91
  215,20241220,   21,  210,   70,   66,10149,   90
  215,20241220,   22,  200,   70,   68,10143,   91
  215,20241220,   23,  210,   60,   73,10139,   90
  215,20241220,   24,  220,   70,   75,10138,   93
  215,20241221,    1,  230,   40,   77,10138,   95
  215,20241221,    2,  230,   30,   83,10141,   94
  215,20241221,    3,  270,   50,   86,10142,   87
  215,20241221,    4,  250,   40,   82,10140,   88
  215,20241221,    5,  260,   40,   79,10138,   87
  215,20241221,    6,  240,   40,   75,10134,   88
  215,20241221,    7,  230,   40,   80,10137,   88
  215,20241221,    8,  220,   40,   76,10135,   88
  215,20241221,    9,  220,   70,   81,10130,   87
  215,20241221,   10,  220,   70,   83,10121,   86
  215,20241221,   11,  220,   80,   83,10110,   86
  215,20241221,   12,  230,   80,   85,10100,   86
  215,20241221,   13,  230,  100,   82,10085,   90
  215,20241221,   14,  230,  100,   87,10073,   91
  215,20241221,   15,  230,   90,   93,10061,   92
  215,20241221,   16,  230,   90,  101,10054,   90
  215,20241221,   17,  230,   80,  103,10043,   92
  215,20241221,   18,  240,   90,  108,10033,   90
  215,20241221,   19,  250,   80,  106,10025,   87
  215,20241221,   20,  260,   80,  103,10024,   86
  215,20241221,   21,  280,   90,  100,10026,   73
  215,20241221,   22,  260,   80,   97,10021,   77
  215,20241221,   23,  260,  100,   98,10016,   75
  215,20241221,   24,  260,   90,   95,10009,   75
  215,20241222,    1,  260,   90,   91,10001,   73
  215,20241222,    2,  270,  110,   84, 9992,   71
  215,20241222,    3,  280,  100,   82, 9988,   70
  215,20241222,    4,  270,   80,   69, 9982,   73
  215,20241222,    5,  280,   90,   75, 9975,   68
  215,20241222,    6,  270,  110,   73, 9968,   70
  215,20241222,    7,  280,  130,   54, 9967,   77
  215,20241222,    8,  280,  120,   61, 9970,   73
  215,20241222,    9,  280,  130,   61, 9976,   72
  215,20241222,   10,  290,  110,   62, 9984,   66
  215,20241222,   11,  280,  110,   60, 9989,   68
  215,20241222,   12,  290,   90,   58, 9991,   73
  215,20241222,   13,  300,   90,   53, 9994,   74
  215,20241222,   14,  290,   90,   58, 9997,   66
  215,20241222,   15,  290,   90,   55,10001,   72
  215,20241222,   16,  280,   80,   58,10008,   73
  215,20241222,   17,  290,   70,   57,10013,   68
  215,20241222,   18,  280,   70,   63,10017,   73
  215,20241222,   19,  280,   60,   67,10019,   74
  215,20241222,   20,  270,   90,   68,10016,   79
  215,20241222,   21,  190,   30,   39,10013,   90
  215,20241222,   22,  310,   70,   74,10010,   87
  215,20241222,   23,  360,   80,   71,10027,   87
  215,20241222,   24,  330,  120,   79,10040,   83
  215,20241223,    1,  330,  110,   82,10056,   77
  215,20241223,    2,  330,  120,   79,10072,   73
  215,20241223,    3,  330,  110,   79,10083,   75
  215,20241223,    4,  340,  130,   71,10102,   72
  215,20241223,    5,  340,   90,   78,10106,   68
  215,20241223,    6,  350,  100,   67,10120,   72
  215,20241223,    7,  330,   90,   71,10132,   77
  215,20241223,    8,  340,  100,   75,10148,   68
  215,20241223,    9,  330,   90,   77,10157,   72
  215,20241223,   10,  320,   90,   77,10164,   74
  215,20241223,   11,  320,   80,   73,10172,   78
  215,20241223,   12,  320,   70,   77,10176,   77
  215,20241223,   13,  340,   70,   67,10180,   81
  215,20241223,   14,  340,   70,   67,10184,   79
  215,20241223,   15,  340,   40,   67,10188,   81
  215,20241223,   16,  340,   70,   68,10193,   79
  215,20241223,   17,  320,   70,   61,10200,   86
  215,20241223,   18,  300,   40,   67,10207,   84
  215,20241223,   19,  310,   50,   64,10213,   82
  215,20241223,   20,  330,   50,   60,10214,   85
  215,20241223,   21,  310,   40,   62,10217,   80
  215,20241223,   22,  300,   50,   66,10221,   80
  215,20241223,   23,  300,   40,   67,10227,   73
  215,20241223,   24,  280,   20,   53,10232,   80
  215,20241224,    1,  230,   20,   25,10231,   88
  215,20241224,    2,  220,   20,   15,10232,   91
  215,20241224,    3,  200,   20,   23,10235,   92
  215,20241224,    4,  200,   30,   44,10233,   87
  215,20241224,    5,  210,   30,   54,10236,   86
  215,20241224,    6,  210,   40,   56,10239,   92
  215,20241224,    7,  210,   50,   56,10239,   90
  215,20241224,    8,  200,   50,   56,10243,   92
  215,20241224,    9,  200,   50,   56,10244,   94
  215,20241224,   10,  200,   40,   59,10246,   95
  215,20241224,   11,  200,   50,   62,10244,   94
  215,20241224,   12,  190,   50,   65,10243,   95
  215,20241224,   13,  200,   50,   68,10247,   95
  215,20241224,   14,  200,   40,   71,10246,   95
  215,20241224,   15,  200,   40,   73,10253,   96
  215,20241224,   16,  200,   40,   74,10257,   96
  215,20241224,   17,  210,   40,   78,10262,   96
  215,20241224,   18,  200,   30,   83,10266,   97
  215,20241224,   19,  200,   20,   83,10272,   97
  215,20241224,   20,  210,   20,   86,10276,   97
  215,20241224,   21,  210,   20,   91,10280,   97
  215,20241224,   22,  220,   30,   95,10285,   97
  215,20241224,   23,  220,   30,   94,10292,   97
  215,20241224,   24,  210,   20,   98,10295,   97
  215,20241225,    1,  200,   20,   96,10297,   98
  215,20241225,    2,  190,   20,   98,10303,   97
  215,20241225,    3,  210,   20,   97,10305,   97
  215,20241225,    4,  220,   20,   98,10306,   97
  215,20241225,    5,  240,   20,  102,10308,   97
  215,20241225,    6,  220,   20,  100,10314,   97
  215,20241225,    7,  210,   20,   98,10320,   97
  215,20241225,    8,  210,   20,   97,10326,   97
  215,20241225,    9,  220,   30,   98,10331,   96
  215,20241225,   10,  230,   30,   98,10336,   95
  215,20241225,   11,  240,   40,   96,10338,   94
  215,20241225,   12,  220,   30,   96,10337,   95
  215,20241225,   13,  210,   30,   95,10337,   93
  215,20241225,   14,  220,   40,   93,10336,   93
  215,20241225,   15,  200,   40,   89,10340,   94
  215,20241225,   16,  200,   20,   88,10343,   95
  215,20241225,   17,  210,   40,   90,10345,   94
  215,20241225,   18,  200,   30,   90,10347,   94
  215,20241225,   19,  230,   30,   90,10352,   94
  215,20241225,   20,  210,   30,   89,10350,   93
  215,20241225,   21,  210,   40,   89,10352,   94
  215,20241225,   22,  230,   30,   89,10353,   94
  215,20241225,   23,  240,   20,   87,10355,   94
  215,20241225,   24,  210,   20,   85,10353,   96
  215,20241226,    1,  210,   20,   85,10354,   95
  215,20241226,    2,  200,   20,   82,10355,   95
  215,20241226,    3,  210,   20,   83,10354,   94
  215,20241226,    4,  210,   30,   82,10353,   92
  215,20241226,    5,  220,   30,   81,10354,   93
  215,20241226,    6,  210,   30,   81,10358,   93
  215,20241226,    7,  200,   20,   80,10362,   93
  215,20241226,    8,  190,   20,   79,10365,   93
  215,20241226,    9,  210,   20,   78,10367,   93
  215,20241226,   10,  210,   20,   78,10370,   94
  215,20241226,   11,  170,   20,   77,10369,   95
  215,20241226,   12,  150,   20,   76,10365,   95
  215,20241226,   13,  140,   20,   75,10363,   95
  215,20241226,   14,  140,   20,   74,10358,   95
  215,20241226,   15,  130,   20,   72,10360,   96
  215,20241226,   16,  130,   30,   68,10358,   96
  215,20241226,   17,  150,   20,   66,10359,   97
  215,20241226,   18,  130,   20,   66,10361,   97
  215,20241226,   19,  170,   20,   63,10360,   97
  215,20241226,   20,  140,   20,   59,10361,   98
  215,20241226,   21,  160,   20,   56,10361,   98
  215,20241226,   22,  100,   20,   53,10360,   97
  215,20241226,   23,  110,   20,   49,10358,   97
  215,20241226,   24,  120,   20,   44,10353,   97
  215,20241227,    1,  130,   30,   40,10352,   97
  215,20241227,    2,  130,   30,   38,10351,   97
  215,20241227,    3,  130,   30,   39,10348,   98
  215,20241227,    4,  130,   30,   39,10345,   97
  215,20241227,    5,  120,   20,   39,10346,   99
  215,20241227,    6,  160,   30,   37,10345,   98
  215,20241227,    7,  140,   30,   35,10344,   97
  215,20241227,    8,  150,   30,   34,10342,   97
  215,20241227,    9,  190,   20,   32,10346,   99
  215,20241227,   10,  210,   10,   31,10347,   99
  215,20241227,   11,  110,   10,   29,10344,   99
  215,20241227,   12,  110,   10,   30,10338,   97
  215,20241227,   13,  140,   20,   31,10332,   96
  215,20241227,   14,  990,   10,   32,10328,   98
  215,20241227,   15,   90,   10,   30,10327,   97
  215,20241227,   16,  990,   10,   29,10327,   98
  215,20241227,   17,  190,   10,   29,10325,   97
  215,20241227,   18,   60,   10,   29,10328,   99
  215,20241227,   19,  990,   10,   26,10329,   98
  215,20241227,   20,  200,   10,   25,10326,   98
  215,20241227,   21,  990,   10,   24,10325,   96
  215,20241227,   22,  990,   10,   25,10323,   97
  215,20241227,   23,  210,   10,   27,10322,   97
  215,20241227,   24,  190,   10,   26,10318,   98
  215,20241228,    1,  990,   10,   28,10315,   97
  215,20241228,    2,  230,   20,   27,10314,   96
  215,20241228,    3,  270,   20,   24,10313,   96
  215,20241228,    4,  190,   10,   21,10307,   99
  215,20241228,    5,  200,   20,   22,10302,   96
  215,20241228,    6,  170,   20,   25,10301,   97
  215,20241228,    7,  160,   20,   25,10300,   97
  215,20241228,    8,  190,   30,   21,10303,   96
  215,20241228,    9,  210,   20,   21,10304,   96
  215,20241228,   10,  220,   30,   19,10304,   96
  215,20241228,   11,  210,   30,   21,10303,   94
  215,20241228,   12,  170,   20,   24,10295,   94
  215,20241228,   13,  200,   20,   24,10292,   93
  215,20241228,   14,  190,   30,   23,10285,   94
  215,20241228,   15,  170,   20,   19,10286,   94
  215,20241228,   16,  200,   20,   20,10284,   94
  215,20241228,   17,  230,   30,   16,10286,   94
  215,20241228,   18,  240,   20,   20,10286,   94
  215,20241228,   19,  210,   40,   28,10286,   92
  215,20241228,   20,  240,   30,   33,10286,   91
  215,20241228,   21,  200,   30,   33,10286,   92
  215,20241228,   22,  180,   30,   33,10283,   92
  215,20241228,   23,  200,   20,   36,10282,   91
  215,20241228,   24,  200,   30,   38,10278,   92
  215,20241229,    1,  220,   30,   40,10278,   92
  215,20241229,    2,  210,   20,   43,10277,   93
  215,20241229,    3,  210,   30,   46,10277,   92
  215,20241229,    4,  200,   30,   45,10273,   94
  215,20241229,    5,  200,   40,   44,10275,   94
  215,20241229,    6,  200,   30,   44,10279,   96
  215,20241229,    7,  210,   40,   45,10282,   95
  215,20241229,    8,  210,   40,   44,10285,   95
  215,20241229,    9,  200,   50,   45,10287,   95
  215,20241229,   10,  210,   30,   50,10292,   96
  215,20241229,   11,  210,   30,   56,10290,   95
  215,20241229,   12,  210,   40,   60,10285,   95
  215,20241229,   13,  210,   30,   63,10282,   95
  215,20241229,   14,  210,   30,   65,10282,   96
  215,20241229,   15,  220,   30,   64,10284,   95
  215,20241229,   16,  220,   40,   63,10285,   95
  215,20241229,   17,  210,   40,   63,10286,   94
  215,20241229,   18,  220,   40,   64,10286,   94
  215,20241229,   19,  210,   40,   64,10288,   94
  215,20241229,   20,  220,   40,   65,10291,   94
  215,20241229,   21,  230,   50,   70,10290,   93
  215,20241229,   22,  220,   60,   63,10289,   94
  215,20241229,   23,  220,   50,   60,10289,   94
  215,20241229,   24,  220,   50,   58,10288,   94
  215,20241230,    1,  210,   40,   62,10283,   95
  215,20241230,    2,  220,   40,   71,10283,   93
  215,20241230,    3,  240,   50,   79,10282,   86
  215,20241230,    4,  240,   60,   79,10277,   84
  215,20241230,    5,  250,   50,   78,10278,   85
  215,20241230,    6,  240,   50,   76,10276,   85
  215,20241230,    7,  240,   50,   79,10278,   83
  215,20241230,    8,  230,   50,   80,10277,   84
  215,20241230,    9,  240,   60,   80,10277,   83
  215,20241230,   10,  240,   60,   82,10278,   82
  215,20241230,   11,  240,   60,   84,10273,   84
  215,20241230,   12,  240,   70,   85,10268,   83
  215,20241230,   13,  240,   80,   86,10265,   84
  215,20241230,   14,  240,   70,   87,10260,   84
  215,20241230,   15,  230,   80,   86,10262,   84
  215,20241230,   16,  230,   90,   85,10259,   85
  215,20241230,   17,  230,   80,   85,10260,   85
  215,20241230,   18,  230,   80,   84,10259,   84
  215,20241230,   19,  230,   90,   84,10259,   83
  215,20241230,   20,  230,   80,   78,10261,   85
  215,20241230,   21,  230,   60,   79,10265,   84
  215,20241230,   22,  240,   60,   81,10270,   83
  215,20241230,   23,  230,   70,   79,10270,   84
  215,20241230,   24,  220,   60,   72,10265,   87
  215,20241231,    1,  210,   50,   64,10261,   89
  215,20241231,    2,  220,   60,   58,10260,   90
  215,20241231,    3,  200,   50,   52,10259,   91
  215,20241231,    4,  200,   60,   47,10254,   92
  215,20241231,    5,  210,   70,   45,10253,   89
  215,20241231,    6,  200,   70,   42,10249,   89
  215,20241231,    7,  200,   70,   38,10248,   91
  215,20241231,    8,  210,   80,   36,10247,   90
  215,20241231,    9,  200,   80,   36,10244,   89
  215,20241231,   10,  200,   80,   37,10242,   89
  215,20241231,   11,  210,   80,   43,10238,   88
  215,20241231,   12,  200,   80,   45,10232,   88
  215,20241231,   13,  200,   70,   51,10220,   88
  215,20241231,   14,  210,   90,   57,10208,   86
  215,20241231,   15,  200,   90,   56,10201,   86
  215,20241231,   16,  210,   90,   56,10196,   85
  215,20241231,   17,  200,   90,   55,10190,   85
  215,20241231,   18,  210,  100,   63,10184,   84
  215,20241231,   19,  210,  100,   62,10179,   85
  215,20241231,   20,  210,  110,   69,10173,   84
  215,20241231,   21,  210,  100,   73,10167,   83
  215,20241231,   22,  210,  110,   77,10159,   84
  215,20241231,   23,  210,  110,   83,10157,   84
  215,20241231,   24,  210,  110,   87,10149,   83
  215,20250101,    1,  220,  120,   90,10147,   81
  215,20250101,    2,  210,  120,   92,10141,   79
  215,20250101,    3,  210,  110,   91,10134,   79
  215,20250101,    4,  210,  110,   87,10124,   79
  215,20250101,    5,  210,  120,   86,10117,   78
  215,20250101,    6,  220,  110,   86,10109,   78
  215,20250101,    7,  210,  120,   83,10100,   79
  215,20250101,    8,  210,  120,   80,10090,   80
  215,20250101,    9,  210,  120,   84,10091,   79
  215,20250101,   10,  210,  130,   84,10086,   80
  215,20250101,   11,  210,  130,   89,10074,   80
  215,20250101,   12,  210,  140,   94,10061,   80
  215,20250101,   13,  220,  130,   93,10050,   83
  215,20250101,   14,  220,  140,   97,10040,   83
  215,20250101,   15,  210,  120,   93,10032,   89
  215,20250101,   16,  290,   70,   73,10049,   94
  215,20250101,   17,  290,   60,   66,10056,   90
  215,20250101,   18,  270,   60,   58,10060,   88
  215,20250101,   19,  240,   60,   55,10063,   89
  215,20250101,   20,  230,   60,   57,10066,   88
  215,20250101,   21,  240,   60,   60,10067,   90
  215,20250101,   22,  240,   60,   69,10066,   89
  215,20250101,   23,  310,   60,   69,10077,   82
  215,20250101,   24,  320,   60,   65,10083,   77
  215,20250102,    1,  330,   50,   59,10089,   77
  215,20250102,    2,  330,   50,   50,10097,   80
  215,20250102,    3,  360,   30,   48,10105,   85
  215,20250102,    4,  250,   20,   24,10105,   93
  215,20250102,    5,  230,   10,   10,10109,   97
  215,20250102,    6,  130,   10,    8,10115,   96
  215,20250102,    7,  990,   10,   11,10122,   96
  215,20250102,    8,  100,   20,   31,10130,   88
  215,20250102,    9,  230,   10,   25,10136,   90
  215,20250102,   10,  230,   20,   45,10142,   88
  215,20250102,   11,  300,   40,   47,10147,   76
  215,20250102,   12,  260,   20,   49,10144,   80
  215,20250102,   13,  310,   70,   51,10146,   74
  215,20250102,   14,  310,   40,   55,10147,   78
  215,20250102,   15,  320,   40,   50,10151,   73
  215,20250102,   16,  300,   30,   44,10154,   74
  215,20250102,   17,  320,   70,   38,10162,   83
  215,20250102,   18,  310,   70,   41,10164,   75
  215,20250102,   19,  300,   40,   43,10168,   80
  215,20250102,   20,  300,   60,   40,10173,   77
  215,20250102,   21,  320,   60,   43,10175,   77
  215,20250102,   22,  310,   30,   38,10177,   79
  215,20250102,   23,  320,   40,   35,10182,   85
  215,20250102,   24,  310,   40,   36,10188,   82
  215,20250103,    1,  280,   10,   14,10186,   94
  215,20250103,    2,  290,   20,   16,10186,   93
  215,20250103,    3,  290,   40,   34,10183,   80
  215,20250103,    4,  300,   70,   38,10179,   73
  215,20250103,    5,  290,   90,   40,10181,   68
  215,20250103,    6,  280,   90,   37,10179,   62
  215,20250103,    7,  280,   90,   35,10178,   64
  215,20250103,    8,  280,   90,   34,10180,   68
  215,20250103,    9,  280,   80,   35,10183,   67
  215,20250103,   10,  270,   80,   41,10183,   70
  215,20250103,   11,  280,   90,   48,10179,   75
  215,20250103,   12,  300,   80,   58,10176,   68
  215,20250103,   13,  310,   90,   43,10178,   84
  215,20250103,   14,  300,   60,   41,10177,   82
  215,20250103,   15,  330,   40,   36,10184,   89
  215,20250103,   16,  310,   50,   36,10187,   86
  215,20250103,   17,  310,   40,   31,10191,   84
  215,20250103,   18,  290,   20,   30,10197,   89
  215,20250103,   19,  320,   60,   34,10202,   82
  215,20250103,   20,  300,   50,   29,10207,   88
  215,20250103,   21,  240,   20,   18,10207,   89
  215,20250103,   22,   20,   50,   29,10209,   87
  215,20250103,   23,  230,   20,   25,10214,   90
  215,20250103,   24,  220,   20,   24,10212,   90
  215,20250104,    1,  360,   20,   22,10212,   90
  215,20250104,    2,   60,   20,   21,10213,   91
  215,20250104,    3,  200,   20,   19,10208,   93
  215,20250104,    4,  220,   20,   20,10205,   93
  215,20250104,    5,  190,   30,   17,10203,   93
  215,20250104,    6,  990,   10,   19,10200,   96
  215,20250104,    7,  180,   30,   16,10196,   93
  215,20250104,    8,  170,   30,   16,10190,   94
  215,20250104,    9,  190,   20,   21,10190,   94
  215,20250104,   10,  200,   40,   35,10186,   88
  215,20250104,   11,  210,   40,   40,10180,   88
  215,20250104,   12,  220,   40,   41,10176,   85
  215,20250104,   13,  230,   40,   45,10167,   85
  215,20250104,   14,  240,   40,   39,10160,   89
  215,20250104,   15,   10,   10,   38,10156,   93
  215,20250104,   16,  180,   30,   37,10151,   87
  215,20250104,   17,  180,   20,   28,10146,   90
  215,20250104,   18,  170,   30,   24,10139,   91
  215,20250104,   19,  170,   30,   18,10134,   89
  215,20250104,   20,  150,   20,   16,10126,   90
  215,20250104,   21,  150,   30,   17,10117,   88
  215,20250104,   22,  130,   30,   13,10105,   90
  215,20250104,   23,  120,   30,   12,10094,   90
  215,20250104,   24,  120,   30,   14,10078,   87
  215,20250105,    1,  110,   40,   14,10065,   87
  215,20250105,    2,  120,   40,   16,10053,   83
  215,20250105,    3,  130,   60,   13,10035,   84
  215,20250105,    4,  110,   50,    2,10023,   94
  215,20250105,    5,  100,   60,    0,10005,   96
  215,20250105,    6,  100,   80,    0, 9988,   96
  215,20250105,    7,  110,   70,    0, 9975,   96
  215,20250105,    8,  120,   80,    3, 9958,   94
  215,20250105,    9,  130,   80,    5, 9943,   94
  215,20250105,   10,  130,   70,    6, 9930,   95
  215,20250105,   11,  140,   60,    9, 9916,   95
  215,20250105,   12,  160,   40,   17, 9904,   97
  215,20250105,   13,  180,   30,   43, 9891,   98
  215,20250105,   14,  220,  100,  109, 9884,   92
  215,20250105,   15,  230,  110,  117, 9882,   90
  215,20250105,   16,  230,  100,  116, 9880,   92
  215,20250105,   17,  220,  100,  115, 9879,   92
  215,20250105,   18,  220,   90,  113, 9876,   93
  215,20250105,   19,  210,   90,  113, 9874,   93
  215,20250105,   20,  210,  100,  112, 9873,   92
  215,20250105,   21,  210,   90,  112, 9869,   90
  215,20250105,   22,  210,   90,  111, 9864,   89
  215,20250105,   23,  200,   90,  109, 9863,   89
  215,20250105,   24,  200,   90,  108, 9854,   87
  215,20250106,    1,  200,   90,  107, 9844,   87
  215,20250106,    2,  200,  100,  107, 9841,   86
  215,20250106,    3,  200,  100,  109, 9833,   84
  215,20250106,    4,  190,   90,  110, 9826,   83
  215,20250106,    5,  190,  100,  112, 9815,   83
  215,20250106,    6,  190,  100,  111, 9808,   82
  215,20250106,    7,  190,  110,  113, 9799,   79
  215,20250106,    8,  190,  100,  114, 9795,   77
  215,20250106,    9,  190,  100,  120, 9788,   74
  215,20250106,   10,  180,  110,  118, 9781,   77
  215,20250106,   11,  190,  110,  122, 9767,   75
  215,20250106,   12,  200,  110,  106, 9759,   88
  215,20250106,   13,  220,  150,   93, 9764,   78
  215,20250106,   14,  250,  120,   61, 9793,   84
  215,20250106,   15,  250,  120,   56, 9823,   86
  215,20250106,   16,  250,   90,   59, 9847,   81
  215,20250106,   17,  260,  120,   58, 9867,   78
  215,20250106,   18,  250,  100,   55, 9883,   77
  215,20250106,   19,  240,   90,   56, 9896,   75
  215,20250106,   20,  250,   90,   62, 9904,   71
  215,20250106,   21,  240,   70,   62, 9913,   73
  215,20250106,   22,  230,   60,   62, 9916,   73
  215,20250106,   23,  210,   60,   50, 9921,   83
  215,20250106,   24,  220,   70,   50, 9926,   86
  215,20250107,    1,  210,   70,   48, 9929,   86
  215,20250107,    2,  220,   70,   47, 9933,   86
  215,20250107,    3,  220,   60,   43, 9935,   88
  215,20250107,    4,  210,   50,   38, 9939,   89
  215,20250107,    5,  220,   40,   42, 9943,   87
  215,20250107,    6,  250,   50,   54, 9949,   79
  215,20250107,    7,  220,   30,   48, 9954,   82
  215,20250107,    8,  230,   50,   36, 9962,   83
  215,20250107,    9,  240,   50,   47, 9966,   71
  215,20250107,   10,  210,   40,   43, 9972,   83
  215,20250107,   11,  250,   70,   53, 9974,   64
  215,20250107,   12,  220,   60,   57, 9973,   68
  215,20250107,   13,  240,   80,   59, 9974,   58
  215,20250107,   14,  210,   70,   44, 9975,   77
  215,20250107,   15,  220,   80,   41, 9977,   83
  215,20250107,   16,  210,   60,   38, 9978,   87
  215,20250107,   17,  220,   60,   36, 9983,   88
  215,20250107,   18,  240,   60,   44, 9984,   73
  215,20250107,   19,  250,   60,   51, 9984,   72
  215,20250107,   20,  250,   60,   41, 9986,   84
  215,20250107,   21,  270,   80,   51, 9992,   75
  215,20250107,   22,  260,   70,   49, 9996,   72
  215,20250107,   23,  270,   70,   49, 9999,   73
  215,20250107,   24,  260,   80,   52, 9999,   68
  215,20250108,    1,  270,   70,   46,10001,   74
  215,20250108,    2,  270,   80,   44,10005,   73
  215,20250108,    3,  280,   80,   45,10010,   72
  215,20250108,    4,  270,   70,   48,10015,   75
  215,20250108,    5,  270,   70,   42,10014,   73
  215,20250108,    6,  260,   50,   40,10021,   76
  215,20250108,    7,  250,   50,   36,10024,   76
  215,20250108,    8,  270,   50,   38,10032,   72
  215,20250108,    9,  250,   40,   45,10031,   73
  215,20250108,   10,  250,   50,   52,10034,   72
  215,20250108,   11,  270,   40,   52,10035,   74
  215,20250108,   12,  270,   40,   50,10032,   73
  215,20250108,   13,  270,   30,   51,10024,   73
  215,20250108,   14,  260,   20,   54,10020,   74
  215,20250108,   15,  170,   20,   43,10016,   84
  215,20250108,   16,  170,   10,   35,10015,   87
  215,20250108,   17,  120,   20,   30,10009,   90
  215,20250108,   18,  110,   30,   29,10003,   91
  215,20250108,   19,  110,   20,   26,10000,   92
  215,20250108,   20,   70,   20,   25, 9993,   91
  215,20250108,   21,   70,   20,   27, 9990,   89
  215,20250108,   22,  100,   20,   28, 9987,   89
  215,20250108,   23,  110,   20,   22, 9988,   88
  215,20250108,   24,    0,    0,   17, 9995,   90
  215,20250109,    1,  280,   10,    8, 9996,   94
  215,20250109,    2,    0,    0,   -3, 9993,   96
  215,20250109,    3,   20,   10,  -12, 9986,   96
  215,20250109,    4,  320,   10,  -14, 9991,   96
  215,20250109,    5,  330,   10,  -10, 9993,   96
  215,20250109,    6,  180,   10,   -7, 9997,   96
  215,20250109,    7,  990,   10,   -3,10001,   96
  215,20250109,    8,  110,   20,    3,10007,   95
  215,20250109,    9,  240,   20,    2,10012,   94
  215,20250109,   10,  270,   10,   19,10017,   94
  215,20250109,   11,  360,   30,   35,10023,   80
  215,20250109,   12,  310,   40,   53,10031,   72
  215,20250109,   13,  320,   50,   54,10037,   66
  215,20250109,   14,  300,   70,   61,10046,   56
  215,20250109,   15,  290,   60,   53,10055,   64
  215,20250109,   16,  290,   80,   48,10064,   69
  215,20250109,   17,  290,   80,   44,10077,   64
  215,20250109,   18,  310,   80,   32,10088,   80
  215,20250109,   19,  280,   80,   40,10096,   71
  215,20250109,   20,  280,   80,   36,10106,   70
  215,20250109,   21,  280,   70,   39,10115,   71
  215,20250109,   22,  280,   90,   43,10118,   73
  215,20250109,   23,  270,   80,   41,10122,   88
  215,20250109,   24,  290,   50,   37,10128,   89
  215,20250110,    1,  310,   70,   38,10138,   83
  215,20250110,    2,  280,   70,   46,10142,   83
  215,20250110,    3,  290,   70,   49,10147,   78
  215,20250110,    4,  300,   60,   44,10153,   69
  215,20250110,    5,  290,   50,   39,10155,   74
  215,20250110,    6,  290,   50,   32,10159,   70
  215,20250110,    7,  280,   50,   30,10162,   74
  215,20250110,    8,  280,   50,   28,10170,   73
  215,20250110,    9,  280,   50,   34,10174,   72
  215,20250110,   10,  270,   60,   48,10179,   70
  215,20250110,   11,  270,   60,   40,10181,   71
  215,20250110,   12,  280,   60,   47,10181,   69
  215,20250110,   13,  270,   50,   45,10180,   66
  215,20250110,   14,  280,   50,   53,10181,   72
  215,20250110,   15,  280,   60,   54,10186,   75
  215,20250110,   16,  260,   20,   36,10188,   91
  215,20250110,   17,  300,   40,   38,10193,   84
  215,20250110,   18,  220,   20,   12,10194,   93
  215,20250110,   19,  220,   20,    6,10199,   94
  215,20250110,   20,  200,   20,    6,10204,   96
  215,20250110,   21,  230,   20,   -2,10208,   95
  215,20250110,   22,    0,    0,  -11,10214,   98
  215,20250110,   23,  290,   10,  -22,10217,   98
  215,20250110,   24,  280,   10,  -24,10222,   99
  215,20250111,    1,    0,    0,  -30,10224,   95
  215,20250111,    2,  270,   10,  -27,10229,   96
  215,20250111,    3,    0,    0,  -23,10233,   97
  215,20250111,    4,    0,    0,  -28,10239,   98
  215,20250111,    5,    0,    0,  -29,10243,   96
  215,20250111,    6,    0,    0,  -23,10248,   98
  215,20250111,    7,  280,   10,  -29,10254,   95
  215,20250111,    8,  210,   10,  -28,10261,   96
  215,20250111,    9,  260,   10,   -7,10266,   99
  215,20250111,   10,  230,   10,   10,10272,   98
  215,20250111,   11,  260,   20,   48,10276,   84
  215,20250111,   12,  310,   30,   61,10277,   73
  215,20250111,   13,  320,   40,   64,10278,   68
  215,20250111,   14,  330,   50,   57,10281,   76
  215,20250111,   15,  300,   30,   40,10287,   76
  215,20250111,   16,  310,   30,   42,10292,   81
  215,20250111,   17,  330,   30,   27,10299,   84
  215,20250111,   18,  330,   30,   39,10307,   89
  215,20250111,   19,  350,   50,   42,10312,   79
  215,20250111,   20,   20,   20,   23,10320,   82
  215,20250111,   21,   10,   20,   12,10327,   82
  215,20250111,   22,   10,   10,   19,10333,   84
  215,20250111,   23,   20,   10,   25,10338,   79
  215,20250111,   24,   60,   10,    9,10339,   90
  215,20250112,    1,  360,   20,   21,10344,   84
  215,20250112,    2,  270,   10,    9,10350,   91
  215,20250112,    3,  360,   30,   25,10356,   85
  215,20250112,    4,  260,   10,   -2,10360,   93
  215,20250112,    5,  290,   10,   -8,10365,   94
  215,20250112,    6,  260,   10,  -10,10370,   95
  215,20250112,    7,    0,    0,   -1,10376,   96
  215,20250112,    8,  240,   10,   -5,10386,   98
  215,20250112,    9,    0,    0,    1,10392,   96
  215,20250112,   10,  990,   10,   20,10397,   94
  215,20250112,   11,  990,   10,   50,10399,   83
  215,20250112,   12,  230,   10,   58,10401,   80
  215,20250112,   13,  340,   20,   67,10398,   68
  215,20250112,   14,  330,   30,   60,10397,   71
  215,20250112,   15,  310,   30,   58,10401,   75
  215,20250112,   16,  330,   20,   43,10406,   77
  215,20250112,   17,  290,   20,   41,10408,   75
  215,20250112,   18,  300,   20,   40,10413,   77
  215,20250112,   19,  990,   10,   35,10421,   80
  215,20250112,   20,  110,   10,   20,10424,   84
  215,20250112,   21,  230,   10,   16,10427,   88
  215,20250112,   22,   50,   10,    3,10426,   90
  215,20250112,   23,  240,   10,   -1,10427,   91
  215,20250112,   24,  170,   10,   -8,10423,   95
  215,20250113,    1,  230,   10,  -19,10419,   95
  215,20250113,    2,  140,   10,  -15,10419,   95
  215,20250113,    3,  210,   10,  -13,10420,   95
  215,20250113,    4,  180,   10,  -10,10420,   94
  215,20250113,    5,  200,   10,  -24,10418,   95
  215,20250113,    6,    0,    0,  -26,10418,   97
  215,20250113,    7,  170,   10,  -24,10417,   97
  215,20250113,    8,  180,   10,  -32,10421,   95
  215,20250113,    9,  190,   20,  -12,10422,   94
  215,20250113,   10,  200,   20,   24,10424,   86
  215,20250113,   11,  190,   40,   43,10419,   76
  215,20250113,   12,  200,   40,   49,10415,   68
  215,20250113,   13,  200,   50,   48,10408,   67
  215,20250113,   14,  220,   40,   44,10406,   67
  215,20250113,   15,  220,   40,   31,10405,   73
  215,20250113,   16,  200,   20,    8,10401,   80
  215,20250113,   17,  220,   20,   -5,10396,   82
  215,20250113,   18,  170,   30,    7,10388,   81
  215,20250113,   19,  180,   30,   -1,10383,   84
  215,20250113,   20,  260,   10,  -16,10383,   91
  215,20250113,   21,  200,   30,  -21,10382,   89
  215,20250113,   22,  180,   30,    0,10378,   84
  215,20250113,   23,  190,   40,   -5,10367,   87
  215,20250113,   24,  230,   20,   -2,10367,   87
  215,20250114,    1,  200,   30,   -2,10366,   87
  215,20250114,    2,  200,   40,    8,10365,   85
  215,20250114,    3,  200,   50,   10,10359,   85
  215,20250114,    4,  200,   30,   10,10352,   86
  215,20250114,    5,  190,   40,   12,10344,   87
  215,20250114,    6,  200,   40,   14,10343,   88
  215,20250114,    7,  190,   40,   17,10341,   87
  215,20250114,    8,  210,   50,   21,10339,   87
  215,20250114,    9,  230,   20,   28,10349,   88
  215,20250114,   10,  220,   50,   42,10344,   87
  215,20250114,   11,  230,   60,   46,10339,   86
  215,20250114,   12,  220,   70,   61,10328,   83
  215,20250114,   13,  240,   50,   64,10330,   85
  215,20250114,   14,  250,   60,   67,10326,   88
  215,20250114,   15,  250,   40,   69,10327,   92
  215,20250114,   16,  260,   50,   70,10326,   90
  215,20250114,   17,  260,   50,   71,10326,   90
  215,20250114,   18,  270,   40,   69,10327,   95
  215,20250114,   19,  270,   30,   68,10332,   96
  215,20250114,   20,  260,   30,   69,10329,   97
  215,20250114,   21,  290,   30,   72,10325,   97
  215,20250114,   22,  290,   20,   75,10328,   97
  215,20250114,   23,  270,   20,   70,10326,   97
  215,20250114,   24,  270,   20,   70,10329,   97
  215,20250115,    1,  270,   20,   70,10326,   96
  215,20250115,    2,  300,   20,   72,10329,   97
  215,20250115,    3,  260,   20,   64,10325,   97
  215,20250115,    4,  300,   20,   69,10327,   96
  215,20250115,    5,  290,   30,   72,10322,   96
  215,20250115,    6,  320,   20,   72,10329,   97
  215,20250115,    7,  230,   10,   70,10330,   99
  215,20250115,    8,  290,   20,   72,10331,   97
  215,20250115,    9,  280,   10,   76,10338,   98
  215,20250115,   10,  310,   10,   77,10344,   98
  215,20250115,   11,  300,   20,   81,10345,   98
  215,20250115,   12,  270,   30,   78,10343,   97
  215,20250115,   13,  320,   20,   78,10338,   96
  215,20250115,   14,   10,   20,   82,10340,   95
  215,20250115,   15,  300,   20,   80,10340,   94
  215,20250115,   16,  270,   10,   73,10339,   96
  215,20250115,   17,    0,    0,   69,10344,   97
  215,20250115,   18,    0,    0,   66,10346,   98
  215,20250115,   19,  330,   10,   63,10351,   97
  215,20250115,   20,  340,   10,   63,10351,   98
  215,20250115,   21,  340,   10,   62,10353,   97
  215,20250115,   22,    0,    0,   62,10355,   99
  215,20250115,   23,  990,   10,   62,10354,   97
  215,20250115,   24,  190,   10,   64,10350,   98
  215,20250116,    1,  150,   10,   65,10350,   97
  215,20250116,    2,  990,   10,   64,10350,   98
  215,20250116,    3,  180,   10,   66,10349,   97
  215,20250116,    4,  130,   10,   65,10353,   98
  215,20250116,    5,  130,   20,   64,10355,   96
  215,20250116,    6,  160,   20,   65,10357,   97
  215,20250116,    7,  180,   20,   63,10360,   97
  215,20250116,    8,  160,   20,   62,10362,   96
  215,20250116,    9,  160,   20,   64,10365,   96
  215,20250116,   10,  170,   30,   66,10365,   92
  215,20250116,   11,  160,   40,   62,10365,   91
  215,20250116,   12,  140,   40,   52,10361,   94
  215,20250116,   13,  140,   40,   46,10359,   94
  215,20250116,   14,  120,   30,   39,10358,   95
  215,20250116,   15,  130,   50,   29,10360,   97
  215,20250116,   16,  130,   40,   24,10364,   97
  215,20250116,   17,  130,   30,   21,10366,   98
  215,20250116,   18,  140,   20,   19,10372,   99
  215,20250116,   19,  140,   30,   20,10375,   97
  215,20250116,   20,  150,   30,   20,10375,   97
  215,20250116,   21,  160,   40,   19,10376,   97
  215,20250116,   22,  180,   30,   17,10375,   98
  215,20250116,   23,  170,   30,   15,10376,   98
  215,20250116,   24,  180,   30,   14,10373,   97
  215,20250117,    1,  170,   40,   12,10371,   97
  215,20250117,    2,  180,   30,   10,10370,   97
  215,20250117,    3,  180,   20,    5,10370,   98
  215,20250117,    4,  230,   20,    6,10368,   97
  215,20250117,    5,  200,   20,    7,10367,   98
  215,20250117,    6,  180,   30,    7,10372,   98
  215,20250117,    7,  200,   20,    8,10375,   98
  215,20250117,    8,  230,   10,   12,10379,   97
  215,20250117,    9,  240,   20,   11,10383,   97
  215,20250117,   10,  210,   20,    9,10388,   97
  215,20250117,   11,  180,   20,   12,10383,   97
  215,20250117,   12,  250,   30,   13,10376,   95
  215,20250117,   13,  220,   20,   15,10371,   96
  215,20250117,   14,  200,   30,   16,10367,   95
  215,20250117,   15,  200,   20,   14,10364,   97
  215,20250117,   16,  190,   20,   13,10366,   97
  215,20250117,   17,  170,   20,   11,10367,   97
  215,20250117,   18,  160,   10,   10,10372,   98
  215,20250117,   19,  150,   10,    7,10371,   97
  215,20250117,   20,  160,   20,    7,10366,   97
  215,20250117,   21,  190,   10,    5,10365,   98
  215,20250117,   22,  120,   20,    2,10366,   97
  215,20250117,   23,  100,   20,    0,10363,   97
  215,20250117,   24,  130,   20,   -6,10358,   98
  215,20250118,    1,  100,   20,   -8,10351,   97
  215,20250118,    2,  140,   20,  -10,10345,   98
  215,20250118,    3,  110,   20,  -17,10343,   98
  215,20250118,    4,   90,   20,  -16,10337,   97
  215,20250118,    5,   80,   20,  -17,10336,   97
  215,20250118,    6,   70,   30,  -20,10336,   96
  215,20250118,    7,  100,   30,  -20,10333,   96
  215,20250118,    8,   90,   30,  -19,10329,   96
  215,20250118,    9,  110,   30,  -18,10327,   96
  215,20250118,   10,  130,   30,  -16,10325,   96
  215,20250118,   11,  100,   20,  -12,10318,   97
  215,20250118,   12,  110,   30,  -10,10310,   97
  215,20250118,   13,  120,   30,   -9,10306,   96
  215,20250118,   14,  100,   30,   -8,10305,   96
  215,20250118,   15,  140,   30,   -7,10299,   97
  215,20250118,   16,  110,   30,   -7,10295,   97
  215,20250118,   17,  130,   30,   -7,10295,   97
  215,20250118,   18,  130,   40,   -7,10290,   96
  215,20250118,   19,  150,   40,   -4,10289,   95
  215,20250118,   20,  160,   40,   -1,10283,   95
  215,20250118,   21,  150,   30,    1,10281,   95
  215,20250118,   22,  150,   30,    6,10276,   92
  215,20250118,   23,  170,   30,    6,10274,   92
  215,20250118,   24,  180,   40,    1,10269,   91
  215,20250119,    1,  200,   30,   -1,10265,   91
  215,20250119,    2,  220,   20,   -2,10262,   92
  215,20250119,    3,  170,   20,   -3,10256,   92
  215,20250119,    4,  270,   10,   -4,10249,   92
  215,20250119,    5,  150,   20,   -4,10245,   91
  215,20250119,    6,  160,   20,   -5,10244,   93
  215,20250119,    7,  200,   20,   -5,10241,   92
  215,20250119,    8,  160,   20,   -6,10242,   92
  215,20250119,    9,  990,   10,   -7,10241,   92
  215,20250119,   10,  250,   10,   -5,10239,   93
  215,20250119,   11,  230,   10,   -5,10236,   92
  215,20250119,   12,  210,   10,   -3,10229,   92
  215,20250119,   13,  230,   20,   -4,10224,   91
  215,20250119,   14,  990,   10,   -2,10222,   94
  215,20250119,   15,    0,    0,   -4,10218,   92
  215,20250119,   16,   60,   10,   -5,10216,   92
  215,20250119,   17,  990,   10,   -6,10216,   93
  215,20250119,   18,  990,   10,   -5,10216,   92
  215,20250119,   19,  190,   10,   -4,10218,   91
  215,20250119,   20,  180,   20,   -2,10218,   91
  215,20250119,   21,  150,   20,   -2,10219,   91
  215,20250119,   22,  990,   10,    0,10214,   93
  215,20250119,   23,  170,   20,    2,10211,   92
  215,20250119,   24,  160,   30,    2,10208,   91
  215,20250120,    1,  180,   20,    0,10203,   92
  215,20250120,    2,  140,   30,    3,10205,   91
  215,20250120,    3,  170,   20,    4,10200,   92
  215,20250120,    4,  170,   30,    3,10199,   92
  215,20250120,    5,  190,   30,    3,10197,   93
  215,20250120,    6,  180,   30,    3,10196,   92
  215,20250120,    7,  180,   40,    5,10195,   92
  215,20250120,    8,  190,   40,    5,10195,   91
  215,20250120,    9,  210,   20,    8,10198,   92
  215,20250120,   10,  200,   20,   12,10200,   89
  215,20250120,   11,  180,   40,   14,10198,   88
  215,20250120,   12,  180,   30,   13,10194,   90
  215,20250120,   13,  180,   50,   11,10190,   91
  215,20250120,   14,  190,   40,   11,10188,   91
  215,20250120,   15,  180,   40,   12,10185,   90
  215,20250120,   16,  180,   40,   12,10183,   91
  215,20250120,   17,  180,   30,   12,10183,   90
  215,20250120,   18,  180,   30,   12,10183,   91
  215,20250120,   19,  180,   40,   12,10184,   90
  215,20250120,   20,  180,   50,   12,10184,   89
  215,20250120,   21,  190,   30,   13,10186,   90
  215,20250120,   22,  170,   40,   13,10182,   89
  215,20250120,   23,  190,   30,   13,10181,   90
  215,20250120,   24,  180,   30,   15,10177,   90
  215,20250121,    1,  170,   30,   12,10173,   90
  215,20250121,    2,  180,   40,    9,10171,   91
  215,20250121,    3,  180,   40,    9,10169,   91
  215,20250121,    4,  180,   50,    8,10165,   92
  215,20250121,    5,  180,   50,    5,10165,   94
  215,20250121,    6,  190,   50,    3,10167,   94
  215,20250121,    7,  200,   50,   -1,10169,   95
  215,20250121,    8,  200,   50,   -3,10171,   95
  215,20250121,    9,  200,   40,   -3,10171,   97
  215,20250121,   10,  220,   30,   -2,10177,   97
  215,20250121,   11,  190,   20,    2,10173,   98
  215,20250121,   12,  180,   40,    4,10165,   97
  215,20250121,   13,  180,   40,    6,10158,   97
  215,20250121,   14,  190,   30,    5,10153,   97
  215,20250121,   15,  150,   30,    6,10152,   98
  215,20250121,   16,  120,   30,    3,10149,   97
  215,20250121,   17,  120,   40,   -2,10145,   97
  215,20250121,   18,  130,   50,   -1,10141,   97
  215,20250121,   19,  130,   30,   -3,10142,   98
  215,20250121,   20,  130,   40,   -4,10135,   97
  215,20250121,   21,  130,   40,   -3,10129,   97
  215,20250121,   22,  130,   30,   -3,10123,   98
  215,20250121,   23,  110,   30,   -5,10116,   98
  215,20250121,   24,  120,   40,   -7,10108,   97
  215,20250122,    1,  130,   30,   -5,10103,   98
  215,20250122,    2,  110,   20,   -6,10095,   98
  215,20250122,    3,  130,   30,   -7,10083,   96
  215,20250122,    4,  120,   30,   -5,10075,   96
  215,20250122,    5,  110,   20,   -2,10071,   95
  215,20250122,    6,  130,   10,   -7,10068,   96
  215,20250122,    7,  160,   30,   -1,10063,   95
  215,20250122,    8,  140,   30,    0,10055,   95
  215,20250122,    9,  140,   20,    6,10054,   94
  215,20250122,   10,  150,   20,   17,10051,   93
  215,20250122,   11,  130,   20,   22,10043,   93
  215,20250122,   12,  130,   20,   26,10031,   93
  215,20250122,   13,  150,   20,   32,10026,   95
  215,20250122,   14,  120,   10,   36,10018,   95
  215,20250122,   15,  180,   20,   37,10015,   95
  215,20250122,   16,  170,   10,   37,10011,   97
  215,20250122,   17,  230,   10,   39,10008,   97
  215,20250122,   18,  240,   20,   40,10008,   96
  215,20250122,   19,  210,   20,   39,10005,   96
  215,20250122,   20,  220,   10,   39,10002,   97
  215,20250122,   21,  200,   20,   41, 9999,   97
  215,20250122,   22,  210,   10,   42, 9995,   97
  215,20250122,   23,  320,   30,   53, 9994,   93
  215,20250122,   24,  320,   30,   52, 9994,   88
  215,20250123,    1,  310,   30,   53, 9994,   89
  215,20250123,    2,  300,   30,   53, 9998,   89
  215,20250123,    3,  290,   40,   54,10000,   85
  215,20250123,    4,  280,   40,   54,10008,   91
  215,20250123,    5,  290,   50,   52,10017,   89
  215,20250123,    6,  270,   60,   56,10026,   87
  215,20250123,    7,  270,   80,   47,10037,   85
  215,20250123,    8,  260,   60,   49,10046,   85
  215,20250123,    9,  250,   50,   56,10046,   86
  215,20250123,   10,  240,   50,   64,10053,   85
  215,20250123,   11,  220,   60,   68,10052,   81
  215,20250123,   12,  220,   80,   67,10053,   80
  215,20250123,   13,  210,   70,   65,10048,   81
  215,20250123,   14,  200,   80,   63,10043,   82
  215,20250123,   15,  190,   70,   60,10040,   85
  215,20250123,   16,  190,   80,   59,10029,   85
  215,20250123,   17,  180,   90,   60,10021,   81
  215,20250123,   18,  190,   80,   55,10017,   88
  215,20250123,   19,  200,  100,   60,10015,   89
  215,20250123,   20,  220,   80,   66,10015,   87
  215,20250123,   21,  230,   60,   72,10018,   85
  215,20250123,   22,  240,   80,   76,10024,   81
  215,20250123,   23,  240,   60,   73,10033,   76
  215,20250123,   24,  230,   60,   64,10038,   82
  215,20250124,    1,  220,   50,   59,10040,   84
  215,20250124,    2,  200,   40,   48,10042,   88
  215,20250124,    3,  200,   50,   56,10033,   88
  215,20250124,    4,  180,   50,   60,10024,   88
  215,20250124,    5,  180,   70,   66,10011,   88
  215,20250124,    6,  180,   80,   73,10000,   89
  215,20250124,    7,  180,   80,   81, 9990,   86
  215,20250124,    8,  190,  100,   79, 9981,   85
  215,20250124,    9,  190,  100,   73, 9973,   88
  215,20250124,   10,  200,  120,   73, 9970,   90
  215,20250124,   11,  200,  110,   77, 9969,   89
  215,20250124,   12,  200,  110,   80, 9972,   90
  215,20250124,   13,  210,   90,   86, 9973,   90
  215,20250124,   14,  220,  100,   95, 9973,   87
  215,20250124,   15,  220,   80,   97, 9979,   85
  215,20250124,   16,  220,   80,   95, 9986,   83
  215,20250124,   17,  230,   80,   97, 9997,   77
  215,20250124,   18,  230,   60,   95,10005,   77
  215,20250124,   19,  230,   60,   94,10013,   80
  215,20250124,   20,  220,   60,   88,10017,   82
  215,20250124,   21,  210,   50,   82,10014,   84
  215,20250124,   22,  200,   40,   79,10017,   84
  215,20250124,   23,  200,   40,   75,10015,   87
  215,20250124,   24,  200,   40,   74,10014,   87
  215,20250125,    1,  190,   30,   63,10008,   90
  215,20250125,    2,  180,   30,   66,10008,   87
  215,20250125,    3,  190,   30,   64,10005,   86
  215,20250125,    4,  180,   30,   58,10000,   92
  215,20250125,    5,  180,   30,   57,10000,   95
  215,20250125,    6,  170,   20,   56,10000,   95
  215,20250125,    7,  180,   20,   56,10003,   95
  215,20250125,    8,  200,   30,   55,10016,   95
  215,20250125,    9,  190,   30,   61,10021,   92
  215,20250125,   10,  210,   40,   69,10033,   91
  215,20250125,   11,  240,   60,   67,10045,   91
  215,20250125,   12,  290,   30,   66,10057,   89
  215,20250125,   13,  300,   40,   72,10055,   75
  215,20250125,   14,  280,   50,   69,10062,   73
  215,20250125,   15,  290,   40,   58,10073,   75
  215,20250125,   16,  290,   20,   44,10073,   82
  215,20250125,   17,  240,   10,   24,10076,   90
  215,20250125,   18,  260,   10,   26,10077,   93
  215,20250125,   19,  150,   10,   25,10081,   93
  215,20250125,   20,  360,   10,   20,10083,   95
  215,20250125,   21,    0,    0,   17,10076,   96
  215,20250125,   22,  350,   10,   17,10077,   97
  215,20250125,   23,  320,   10,   21,10079,   96
  215,20250125,   24,   10,   20,   19,10072,   96
  215,20250126,    1,  190,   10,   18,10073,   99
  215,20250126,    2,  260,   10,   20,10074,   96
  215,20250126,    3,  170,   10,   19,10074,   97
  215,20250126,    4,  210,   20,   19,10080,   96
  215,20250126,    5,  220,   10,   21,10078,   99
  215,20250126,    6,  200,   20,   20,10076,   95
  215,20250126,    7,  210,   40,   27,10076,   88
  215,20250126,    8,  190,   30,   19,10077,   89
  215,20250126,    9,  170,   40,   27,10074,   88
  215,20250126,   10,  180,   50,   42,10074,   83
  215,20250126,   11,  180,   50,   51,10063,   76
  215,20250126,   12,  160,   60,   55,10049,   73
  215,20250126,   13,  150,   80,   55,10042,   66
  215,20250126,   14,  170,   80,   35,10045,   81
  215,20250126,   15,  150,   80,   32,10026,   83
  215,20250126,   16,  140,   70,   35,10003,   84
  215,20250126,   17,  140,   80,   38, 9984,   83
  215,20250126,   18,  140,   90,   40, 9958,   82
  215,20250126,   19,  140,  100,   37, 9943,   86
  215,20250126,   20,  170,   70,   43, 9933,   89
  215,20250126,   21,  170,   70,   53, 9923,   90
  215,20250126,   22,  170,   60,   64, 9912,   86
  215,20250126,   23,  170,   50,   68, 9913,   86
  215,20250126,   24,  150,   60,   70, 9894,   86
  215,20250127,    1,  150,   50,   69, 9878,   87
  215,20250127,    2,  140,   60,   71, 9853,   92
  215,20250127,    3,  140,   80,   74, 9828,   93
  215,20250127,    4,  180,   90,   86, 9823,   92
  215,20250127,    5,  210,  100,   97, 9829,   87
  215,20250127,    6,  220,  100,   96, 9843,   77
  215,20250127,    7,  220,  100,   92, 9854,   79
  215,20250127,    8,  210,   90,   86, 9863,   81
  215,20250127,    9,  210,   90,   91, 9872,   76
  215,20250127,   10,  210,  100,  101, 9876,   73
  215,20250127,   11,  210,   90,   96, 9882,   75
  215,20250127,   12,  210,   90,  104, 9885,   74
  215,20250127,   13,  210,  100,  107, 9880,   70
  215,20250127,   14,  210,  110,  105, 9877,   68
  215,20250127,   15,  200,   90,  100, 9877,   66
  215,20250127,   16,  200,   80,   92, 9884,   68
  215,20250127,   17,  200,   60,   85, 9888,   72
  215,20250127,   18,  190,   60,   83, 9888,   74
  215,20250127,   19,  190,   80,   87, 9890,   71
  215,20250127,   20,  180,   70,   88, 9892,   72
  215,20250127,   21,  190,   70,   80, 9893,   74
  215,20250127,   22,  190,   80,   81, 9896,   75
  215,20250127,   23,  190,   80,   76, 9898,   76
  215,20250127,   24,  180,   70,   72, 9897,   77
  215,20250128,    1,  180,   70,   70, 9892,   78
  215,20250128,    2,  180,   70,   73, 9889,   76
  215,20250128,    3,  190,   70,   72, 9880,   77
  215,20250128,    4,  180,   70,   69, 9877,   78
  215,20250128,    5,  170,   80,   75, 9880,   76
  215,20250128,    6,  180,   90,   74, 9884,   81
  215,20250128,    7,  180,   70,   72, 9885,   83
  215,20250128,    8,  190,   80,   76, 9886,   80
  215,20250128,    9,  180,   80,   78, 9887,   79
  215,20250128,   10,  180,   80,   77, 9888,   82
  215,20250128,   11,  180,   90,   84, 9889,   77
  215,20250128,   12,  190,   90,   86, 9883,   78
  215,20250128,   13,  180,   80,   87, 9881,   78
  215,20250128,   14,  180,   80,   88, 9879,   78
  215,20250128,   15,  180,   80,   88, 9878,   78
  215,20250128,   16,  170,   60,   85, 9878,   84
  215,20250128,   17,  170,   70,   83, 9879,   86
  215,20250128,   18,  170,   60,   82, 9881,   89
  215,20250128,   19,  180,   60,   79, 9883,   93
  215,20250128,   20,  180,   60,   80, 9885,   91
  215,20250128,   21,  190,   70,   79, 9886,   91
  215,20250128,   22,  200,   70,   80, 9889,   91
  215,20250128,   23,  230,   70,   81, 9896,   90
  215,20250128,   24,  240,   70,   77, 9904,   93
  215,20250129,    1,  270,  100,   74, 9917,   94
  215,20250129,    2,  270,   90,   72, 9933,   91
  215,20250129,    3,  270,  110,   68, 9948,   92
  215,20250129,    4,  270,   80,   71, 9959,   85
  215,20250129,    5,  260,   70,   70, 9972,   85
  215,20250129,    6,  260,   80,   69, 9982,   83
  215,20250129,    7,  250,   70,   71, 9991,   80
  215,20250129,    8,  250,   70,   70,10002,   84
  215,20250129,    9,  250,   60,   73,10011,   83
  215,20250129,   10,  250,   70,   76,10020,   84
  215,20250129,   11,  250,   80,   78,10026,   83
  215,20250129,   12,  240,   60,   80,10032,   81
  215,20250129,   13,  240,   60,   82,10037,   81
  215,20250129,   14,  240,   60,   82,10038,   81
  215,20250129,   15,  230,   50,   79,10041,   81
  215,20250129,   16,  220,   50,   75,10048,   83
  215,20250129,   17,  230,   40,   72,10055,   85
  215,20250129,   18,  230,   40,   77,10061,   84
  215,20250129,   19,  230,   30,   70,10064,   85
  215,20250129,   20,  210,   30,   66,10071,   88
  215,20250129,   21,  350,   10,   63,10074,   93
  215,20250129,   22,  290,   10,   64,10078,   96
  215,20250129,   23,  250,   10,   61,10083,   96
  215,20250129,   24,    0,    0,   59,10089,   97
  215,20250130,    1,  150,   10,   56,10093,   97
  215,20250130,    2,  320,   20,   59,10100,   97
  215,20250130,    3,  340,   20,   53,10102,   97
  215,20250130,    4,  340,   10,   47,10109,   97
  215,20250130,    5,  360,   20,   58,10118,   94
  215,20250130,    6,   10,   10,   53,10120,   95
  215,20250130,    7,  340,   20,   50,10128,   96
  215,20250130,    8,  340,   20,   55,10140,   93
  215,20250130,    9,  350,   40,   64,10150,   86
  215,20250130,   10,  340,   40,   70,10154,   84
  215,20250130,   11,  350,   40,   71,10163,   83
  215,20250130,   12,  340,   50,   71,10169,   79
  215,20250130,   13,  340,   50,   71,10174,   77
  215,20250130,   14,  340,   50,   70,10180,   72
  215,20250130,   15,  330,   50,   70,10186,   75
  215,20250130,   16,  310,   40,   59,10195,   78
  215,20250130,   17,  300,   30,   50,10204,   82
  215,20250130,   18,  290,   40,   57,10214,   78
  215,20250130,   19,  290,   40,   49,10221,   79
  215,20250130,   20,  290,   40,   45,10223,   81
  215,20250130,   21,  330,   50,   49,10227,   80
  215,20250130,   22,  270,   10,   28,10231,   90
  215,20250130,   23,  270,   30,   43,10234,   84
  215,20250130,   24,  280,   40,   38,10239,   82
  215,20250131,    1,  270,   30,   24,10240,   85
  215,20250131,    2,  260,   20,   18,10241,   85
  215,20250131,    3,  230,   20,   10,10243,   88
  215,20250131,    4,  210,   20,   -7,10245,   93
  215,20250131,    5,  200,   30,   -4,10246,   93
  215,20250131,    6,  190,   30,    7,10248,   94
  215,20250131,    7,  190,   30,   11,10253,   94
  215,20250131,    8,  200,   30,   15,10258,   94
  215,20250131,    9,  160,   20,   22,10262,   93
  215,20250131,   10,  170,   20,   38,10267,   90
  215,20250131,   11,  180,   30,   54,10270,   86
  215,20250131,   12,  190,   30,   60,10270,   84
  215,20250131,   13,  190,   40,   63,10273,   83
  215,20250131,   14,  200,   40,   62,10275,   82
  215,20250131,   15,  210,   30,   59,10277,   83
  215,20250131,   16,  160,   20,   43,10278,   86
  215,20250131,   17,  170,   20,   30,10285,   90
  215,20250131,   18,  130,   10,   18,10294,   94
  215,20250131,   19,  120,   20,   17,10302,   94
  215,20250131,   20,  160,   10,   16,10308,   95
  215,20250131,   21,  140,   10,   12,10310,   98
  215,20250131,   22,    0,    0,   -2,10314,   98
  215,20250131,   23,    0,    0,  -12,10317,   98
  215,20250131,   24,  120,   10,  -19,10319,   97
  215,20250201,    1,    0,    0,  -19,10319,   99
  215,20250201,    2,  130,   10,  -24,10319,   98
  215,20250201,    3,  160,   10,  -24,10318,   97
  215,20250201,    4,  130,   10,  -28,10318,   98
  215,20250201,    5,  130,   10,  -26,10323,   97
  215,20250201,    6,  110,   10,  -28,10325,   98
  215,20250201,    7,  120,   10,  -27,10328,   97
  215,20250201,    8,  110,   10,  -26,10329,   98
  215,20250201,    9,   70,   10,  -14,10331,   99
  215,20250201,   10,  140,   20,   14,10329,   94
  215,20250201,   11,  150,   30,   41,10327,   87
  215,20250201,   12,  130,   40,   56,10320,   79
  215,20250201,   13,  140,   30,   64,10314,   71
  215,20250201,   14,  140,   30,   64,10312,   65
  215,20250201,   15,  150,   30,   60,10310,   64
  215,20250201,   16,  130,   30,   46,10308,   69
  215,20250201,   17,  100,   20,   25,10307,   80
  215,20250201,   18,  110,   20,   14,10304,   82
  215,20250201,   19,  120,   30,   11,10300,   82
  215,20250201,   20,  120,   30,    8,10298,   83
  215,20250201,   21,  120,   20,   -2,10298,   86
  215,20250201,   22,  120,   30,   -1,10289,   86
  215,20250201,   23,  120,   30,   -1,10283,   86
  215,20250201,   24,  120,   30,   -4,10276,   88
  215,20250202,    1,  120,   40,   -4,10268,   88
  215,20250202,    2,  110,   20,  -15,10268,   92
  215,20250202,    3,   80,   10,  -28,10263,   96
  215,20250202,    4,  100,   10,  -21,10259,   96
  215,20250202,    5,  110,   30,  -17,10257,   92
  215,20250202,    6,  130,   20,  -28,10251,   94
  215,20250202,    7,  130,   20,  -27,10251,   94
  215,20250202,    8,  130,   20,  -21,10250,   92
  215,20250202,    9,  140,   30,   -9,10247,   89
  215,20250202,   10,  140,   30,    5,10248,   86
  215,20250202,   11,     ,     ,   12,10249,   85
  215,20250202,   12,     ,     ,   21,10247,   83
  215,20250202,   13,     ,     ,   31,10245,   78
  215,20250202,   14,     ,     ,   38,10243,   77
  215,20250202,   15,     ,     ,   39,10242,   76
  215,20250202,   16,     ,     ,   35,10244,   79
  215,20250202,   17,     ,     ,   25,10246,   83
  215,20250202,   18,     ,     ,   19,10252,   85
  215,20250202,   19,     ,     ,   13,10256,   87
  215,20250202,   20,     ,     ,    8,10262,   89
  215,20250202,   21,     ,     ,    5,10265,   90
  215,20250202,   22,     ,     ,    2,10265,   92
  215,20250202,   23,     ,     ,    1,10262,   92
  215,20250202,   24,     ,     ,   -1,10262,   92
  215,20250203,    1,     ,     ,   -5,     ,   95
  215,20250203,    2,     ,     ,    3,     ,   91
  215,20250203,    3,     ,     ,   -7,     ,   95
  215,20250203,    4,     ,     ,   -4,     ,   96
  215,20250203,    5,     ,     ,  -13,     ,   98
  215,20250203,    6,     ,     ,  -11,     ,   99
  215,20250203,    7,     ,     ,  -12,     ,   99
  215,20250203,    8,     ,     ,    2,     ,   99
  215,20250203,    9,     ,     ,    6,     ,   99
  215,20250203,   10,     ,     ,   20,     ,   95
  215,20250203,   11,     ,     ,   36,     ,   90
  215,20250203,   12,     ,     ,   47,     ,   87
  215,20250203,   13,     ,     ,   57,     ,   83
  215,20250203,   14,     ,     ,   66,     ,   54
  215,20250203,   15,     ,     ,   64,     ,   77
  215,20250203,   16,  170,   30,   51,10261,   78
  215,20250203,   17,  200,   20,   19,10262,   89
  215,20250203,   18,  190,   20,   18,10264,   93
  215,20250203,   19,  210,   20,   23,10265,   92
  215,20250203,   20,  190,   30,   27,10266,   90
  215,20250203,   21,  190,   30,   29,10265,   90
  215,20250203,   22,  190,   30,   23,10262,   90
  215,20250203,   23,  180,   20,    8,10261,   93
  215,20250203,   24,  180,   40,   21,10260,   91
  215,20250204,    1,  180,   40,   28,10260,   90
  215,20250204,    2,  180,   40,   33,10257,   89
  215,20250204,    3,  190,   50,   33,10256,   90
  215,20250204,    4,  190,   40,   31,10255,   90
  215,20250204,    5,  190,   40,   20,10256,   93
  215,20250204,    6,  190,   40,   25,10257,   92
  215,20250204,    7,  180,   50,   24,10258,   92
  215,20250204,    8,  180,   50,   28,10261,   90
  215,20250204,    9,  180,   50,   31,10263,   89
  215,20250204,   10,  180,   40,   36,10265,   88
  215,20250204,   11,  190,   40,   45,10266,   87
  215,20250204,   12,  190,   50,   53,10262,   83
  215,20250204,   13,  200,   60,   58,10256,   79
  215,20250204,   14,  200,   70,   57,10253,   79
  215,20250204,   15,  190,   60,   53,10251,   80
  215,20250204,   16,  180,   60,   38,10253,   83
  215,20250204,   17,  200,   60,   32,10260,   86
  215,20250204,   18,  190,   60,   26,10263,   87
  215,20250204,   19,  190,   70,   23,10261,   88
  215,20250204,   20,  200,   50,   20,10267,   86
  215,20250204,   21,  200,   60,   26,10270,   86
  215,20250204,   22,  200,   60,   29,10275,   87
  215,20250204,   23,  210,   60,   33,10283,   89
  215,20250204,   24,  210,   60,   38,10288,   89
  215,20250205,    1,  220,   50,   47,10296,   89
  215,20250205,    2,  210,   60,   48,10302,   91
  215,20250205,    3,  230,   30,   51,10308,   93
  215,20250205,    4,  210,   40,   43,10317,   94
  215,20250205,    5,  220,   30,   30,10325,   96
  215,20250205,    6,  220,   30,   23,10333,   96
  215,20250205,    7,  220,   30,   19,10343,   97
  215,20250205,    8,  190,   20,   24,10354,   97
  215,20250205,    9,  230,   20,   44,10359,   96
  215,20250205,   10,  230,   20,   77,10365,   86
  215,20250205,   11,  260,   40,   85,10373,   81
  215,20250205,   12,  280,   50,   85,10372,   79
  215,20250205,   13,  280,   50,   84,10378,   80
  215,20250205,   14,  280,   50,   82,10383,   78
  215,20250205,   15,  280,   40,   74,10387,   81
  215,20250205,   16,  270,   30,   65,10393,   85
  215,20250205,   17,  250,   10,   45,10399,   94
  215,20250205,   18,  230,   10,   17,10408,   98
  215,20250205,   19,  210,   10,   15,10414,   98
  215,20250205,   20,  240,   10,   13,10416,   97
  215,20250205,   21,  260,   10,   21,10419,   99
  215,20250205,   22,    0,    0,    8,10418,   98
  215,20250205,   23,    0,    0,    0,10421,   98
  215,20250205,   24,    0,    0,   -4,10423,   98
  215,20250206,    1,   20,   10,    2,10423,   99
  215,20250206,    2,    0,    0,  -12,10424,   97
  215,20250206,    3,  240,   10,   -9,10424,   98
  215,20250206,    4,  340,   20,   -4,10427,   98
  215,20250206,    5,   30,   20,   13,10428,   98
  215,20250206,    6,   40,   10,    7,10428,   97
  215,20250206,    7,  360,   20,  -10,10432,   96
  215,20250206,    8,   30,   30,   33,10435,   96
  215,20250206,    9,   30,   40,   44,10440,   94
  215,20250206,   10,   40,   30,   51,10440,   94
  215,20250206,   11,   60,   40,   57,10437,   89
  215,20250206,   12,   70,   60,   68,10427,   81
  215,20250206,   13,   60,   40,   65,10422,   80
  215,20250206,   14,   60,   60,   72,10415,   72
  215,20250206,   15,   50,   50,   69,10414,   74
  215,20250206,   16,   40,   50,   63,10411,   77
  215,20250206,   17,   50,   30,   51,10407,   80
  215,20250206,   18,   40,   30,   47,10409,   80
  215,20250206,   19,   30,   40,   48,10408,   81
  215,20250206,   20,   40,   40,   40,10401,   86
  215,20250206,   21,   50,   50,   36,10395,   88
  215,20250206,   22,   60,   50,   32,10387,   89
  215,20250206,   23,   60,   50,   27,10380,   87
  215,20250206,   24,   50,   50,   25,10373,   84
  215,20250207,    1,   50,   50,   22,10364,   89
  215,20250207,    2,   70,   70,   32,10357,   83
  215,20250207,    3,   70,   70,   27,10352,   84
  215,20250207,    4,   70,   60,   26,10344,   83
  215,20250207,    5,   60,   70,   26,10335,   83
  215,20250207,    6,   60,   80,   26,10326,   81
  215,20250207,    7,   70,   80,   26,10319,   80
  215,20250207,    8,   70,   70,   30,10314,   77
  215,20250207,    9,   70,   80,   32,10307,   75
  215,20250207,   10,   80,   90,   35,10300,   74
  215,20250207,   11,   80,   90,   41,10292,   71
  215,20250207,   12,   80,   90,   43,10281,   69
  215,20250207,   13,   80,  100,   49,10269,   66
  215,20250207,   14,   80,  100,   46,10256,   67
  215,20250207,   15,   80,  100,   45,10246,   67
  215,20250207,   16,   80,   90,   42,10240,   68
  215,20250207,   17,   90,   90,   40,10238,   67
  215,20250207,   18,   80,   90,   39,10236,   69
  215,20250207,   19,   90,   80,   36,10231,   71
  215,20250207,   20,   90,   60,   34,10228,   71
  215,20250207,   21,   90,   60,   28,10223,   75
  215,20250207,   22,   80,   70,   27,10219,   75
  215,20250207,   23,   90,   70,   26,10217,   76
  215,20250207,   24,   80,   60,   22,10215,   78
  215,20250208,    1,   90,   60,   19,10208,   81
  215,20250208,    2,   90,   60,   21,10205,   80
  215,20250208,    3,  100,   50,   24,10198,   79
  215,20250208,    4,  100,   50,   27,10196,   78
  215,20250208,    5,  110,   60,   27,10191,   77
  215,20250208,    6,  110,   60,   27,10191,   78
  215,20250208,    7,  110,   50,   25,10193,   80
  215,20250208,    8,  110,   40,   26,10199,   82
  215,20250208,    9,  100,   40,   31,10200,   81
  215,20250208,   10,  120,   50,   40,10202,   78
  215,20250208,   11,  110,   40,   43,10206,   80
  215,20250208,   12,  120,   40,   59,10205,   74
  215,20250208,   13,  130,   40,   65,10209,   75
  215,20250208,   14,  130,   40,   63,10211,   74
  215,20250208,   15,  110,   30,   73,10214,   71
  215,20250208,   16,  110,   40,   69,10222,   73
  215,20250208,   17,   90,   20,   51,10228,   80
  215,20250208,   18,   70,   10,   47,10231,   79
  215,20250208,   19,   90,   30,   54,10235,   77
  215,20250208,   20,   60,   20,   54,10236,   76
  215,20250208,   21,   60,   30,   40,10242,   80
  215,20250208,   22,   70,   20,   34,10248,   82
  215,20250208,   23,   90,   20,   35,10251,   82
  215,20250208,   24,   50,   20,   22,10255,   85
  215,20250209,    1,   70,   30,   36,10254,   80
  215,20250209,    2,   70,   20,   33,10254,   81
  215,20250209,    3,  990,   10,   27,10256,   84
  215,20250209,    4,   80,   30,   27,10259,   85
  215,20250209,    5,   70,   20,   30,10262,   84
  215,20250209,    6,   70,   30,   32,10266,   83
  215,20250209,    7,   90,   30,   30,10273,   83
  215,20250209,    8,   80,   20,   26,10281,   86
  215,20250209,    9,   90,   30,   34,10287,   82
  215,20250209,   10,   70,   20,   39,10290,   82
  215,20250209,   11,   60,   20,   41,10294,   82
  215,20250209,   12,   70,   30,   45,10294,   80
  215,20250209,   13,   70,   30,   50,10292,   80
  215,20250209,   14,   50,   50,   50,10292,   75
  215,20250209,   15,   50,   40,   51,10294,   78
  215,20250209,   16,   60,   40,   51,10294,   77
  215,20250209,   17,   70,   40,   49,10296,   76
  215,20250209,   18,   70,   30,   47,10301,   75
  215,20250209,   19,   70,   50,   44,10301,   75
  215,20250209,   20,   70,   50,   40,10300,   75
  215,20250209,   21,   60,   60,   35,10301,   77
  215,20250209,   22,   60,   50,   33,10301,   77
  215,20250209,   23,   80,   50,   31,10297,   79
  215,20250209,   24,   70,   50,   28,10299,   79
  215,20250210,    1,   70,   60,   21,10296,   80
  215,20250210,    2,   70,   60,   17,10293,   82
  215,20250210,    3,   70,   50,   16,10288,   83
  215,20250210,    4,   60,   60,   12,10285,   84
  215,20250210,    5,   70,   60,   14,10279,   82
  215,20250210,    6,   60,   60,   14,10274,   83
  215,20250210,    7,   70,   60,   15,10274,   83
  215,20250210,    8,   70,   60,   14,10272,   83
  215,20250210,    9,   60,   70,   20,10268,   82
  215,20250210,   10,   80,   70,   24,10266,   79
  215,20250210,   11,   80,   70,   24,10259,   78
  215,20250210,   12,   70,   70,   25,10248,   76
  215,20250210,   13,   70,   70,   27,10237,   77
  215,20250210,   14,   70,   70,   29,10231,   77
  215,20250210,   15,   70,   70,   28,10223,   80
  215,20250210,   16,   70,   70,   20,10218,   88
  215,20250210,   17,   70,   60,   18,10213,   88
  215,20250210,   18,   80,   70,   13,10210,   90
  215,20250210,   19,   70,   60,    9,10204,   93
  215,20250210,   20,   80,   60,   15,10200,   89
  215,20250210,   21,   70,   70,   19,10194,   87
  215,20250210,   22,   70,   60,   22,10190,   85
  215,20250210,   23,   60,   70,   22,10182,   85
  215,20250210,   24,   60,   60,   17,10177,   88
  215,20250211,    1,   50,   60,    5,10171,   95
  215,20250211,    2,   60,   60,    7,10164,   94
  215,20250211,    3,   60,   60,   10,10161,   93
  215,20250211,    4,   70,   50,   14,10156,   92
  215,20250211,    5,   80,   40,   19,10153,   91
  215,20250211,    6,   70,   40,   20,10155,   92
  215,20250211,    7,   70,   40,   22,10158,   93
  215,20250211,    8,   80,   40,   27,10160,   93
  215,20250211,    9,  110,   30,   29,10161,   95
  215,20250211,   10,  130,   40,   21,10167,   93
  215,20250211,   11,  130,   40,   21,10171,   94
  215,20250211,   12,  140,   40,   22,10173,   93
  215,20250211,   13,  130,   40,   23,10172,   94
  215,20250211,   14,  150,   40,   26,10172,   95
  215,20250211,   15,  150,   40,   26,10172,   92
  215,20250211,   16,  160,   30,   26,10174,   91
  215,20250211,   17,  170,   30,   23,10176,   92
  215,20250211,   18,  170,   30,   22,10178,   92
  215,20250211,   19,  130,   20,   26,10180,   94
  215,20250211,   20,  130,   30,   30,10180,   95
  215,20250211,   21,  130,   10,   33,10181,   96
  215,20250211,   22,  170,   30,   37,10179,   95
  215,20250211,   23,  190,   20,   39,10180,   96
  215,20250211,   24,  180,   10,   38,10180,   96
  215,20250212,    1,  180,   20,   38,10178,   96
  215,20250212,    2,  170,   20,   38,10177,   96
  215,20250212,    3,  170,   20,   38,10175,   95
  215,20250212,    4,  160,   20,   38,10173,   96
  215,20250212,    5,  170,   20,   38,10172,   96
  215,20250212,    6,  140,   10,   37,10171,   96
  215,20250212,    7,  150,   10,   37,10172,   96
  215,20250212,    8,  110,   10,   38,10175,   96
  215,20250212,    9,  150,   20,   43,10176,   95
  215,20250212,   10,  180,   10,   49,10178,   93
  215,20250212,   11,  190,   10,   55,10180,   89
  215,20250212,   12,  990,   10,   61,10178,   85
  215,20250212,   13,  350,   20,   52,10174,   89
  215,20250212,   14,  350,   20,   51,10173,   87
  215,20250212,   15,  350,   20,   52,10175,   87
  215,20250212,   16,  340,   20,   47,10176,   90
  215,20250212,   17,   10,   30,   40,10177,   91
  215,20250212,   18,   20,   30,   39,10180,   91
  215,20250212,   19,   40,   20,   37,10183,   92
  215,20250212,   20,   30,   20,   34,10184,   92
  215,20250212,   21,   10,   30,   29,10187,   94
  215,20250212,   22,   10,   50,   24,10190,   94
  215,20250212,   23,   60,   20,   23,10189,   92
  215,20250212,   24,  340,   20,   23,10192,   93
  215,20250213,    1,  360,   40,   22,10194,   94
  215,20250213,    2,   10,   40,   19,10196,   96
  215,20250213,    3,   20,   40,   13,10196,   94
  215,20250213,    4,   20,   50,   13,10196,   90
  215,20250213,    5,   30,   40,    9,10202,   90
  215,20250213,    6,   40,   30,    6,10206,   88
  215,20250213,    7,   30,   40,    4,10212,   87
  215,20250213,    8,   30,   70,   -3,10219,   82
  215,20250213,    9,   30,   40,    1,10225,   81
  215,20250213,   10,   40,   40,   10,10228,   75
  215,20250213,   11,   30,   40,   15,10230,   77
  215,20250213,   12,   20,   40,   18,10227,   76
  215,20250213,   13,   30,   50,   32,10225,   68
  215,20250213,   14,   30,   50,   34,10225,   66
  215,20250213,   15,   20,   60,   26,10228,   70
  215,20250213,   16,   10,   50,   25,10230,   72
  215,20250213,   17,   40,   40,   21,10235,   73
  215,20250213,   18,   40,   30,   18,10241,   75
  215,20250213,   19,   30,   20,   17,10247,   76
  215,20250213,   20,   30,   20,   11,10247,   80
  215,20250213,   21,   40,   20,   15,10251,   79
  215,20250213,   22,   50,   30,   10,10255,   82
  215,20250213,   23,   50,   20,   -4,10255,   87
  215,20250213,   24,  340,   10,  -24,10259,   92
  215,20250214,    1,  340,   10,  -32,10261,   96
  215,20250214,    2,  990,   10,  -34,10263,   96
  215,20250214,    3,  150,   10,  -33,10264,   95
  215,20250214,    4,  330,   10,  -35,10265,   97
  215,20250214,    5,    0,    0,  -40,10271,   97
  215,20250214,    6,   20,   10,  -36,10272,   99
  215,20250214,    7,   20,   10,  -39,10276,   96
  215,20250214,    8,  270,   10,  -32,10280,   96
  215,20250214,    9,    0,    0,    0,10282,   97
  215,20250214,   10,  120,   20,   22,10286,   83
  215,20250214,   11,  130,   30,   32,10289,   79
  215,20250214,   12,  110,   40,   29,10288,   72
  215,20250214,   13,  110,   30,   29,10287,   73
  215,20250214,   14,  120,   30,   32,10285,   69
  215,20250214,   15,  100,   30,   31,10280,   70
  215,20250214,   16,  110,   20,   22,10278,   75
  215,20250214,   17,  110,   20,   12,10280,   78
  215,20250214,   18,  120,   20,    3,10283,   82
  215,20250214,   19,  100,   30,   11,10287,   78
  215,20250214,   20,   90,   30,   14,10287,   77
  215,20250214,   21,  140,   20,    9,10289,   83
  215,20250214,   22,  100,   20,    8,10287,   82
  215,20250214,   23,  120,   10,   -3,10283,   87
  215,20250214,   24,  130,   20,  -13,10278,   88
  215,20250215,    1,   90,   10,   -6,10273,   89
  215,20250215,    2,  100,   10,    0,10268,   89
  215,20250215,    3,  140,   20,  -15,10260,   90
  215,20250215,    4,  110,   20,   -4,10256,   87
  215,20250215,    5,  990,   10,   -6,10259,   89
  215,20250215,    6,  150,   20,   -7,10255,   91
  215,20250215,    7,  140,   20,   -2,10255,   90
  215,20250215,    8,  120,   20,    3,10254,   89
  215,20250215,    9,  130,   20,   13,10254,   87
  215,20250215,   10,  150,   20,   21,10249,   80
  215,20250215,   11,  150,   30,   27,10245,   72
  215,20250215,   12,  130,   40,   31,10236,   69
  215,20250215,   13,  160,   30,   31,10229,   67
  215,20250215,   14,  110,   30,   35,10225,   62
  215,20250215,   15,  100,   40,   31,10223,   62
  215,20250215,   16,  120,   30,   28,10222,   64
  215,20250215,   17,  110,   20,   24,10219,   68
  215,20250215,   18,  120,   20,   21,10221,   73
  215,20250215,   19,  100,   30,   20,10225,   72
  215,20250215,   20,  100,   30,   18,10223,   76
  215,20250215,   21,  100,   30,   18,10222,   75
  215,20250215,   22,  110,   20,    8,10221,   82
  215,20250215,   23,   90,   30,   10,10220,   80
  215,20250215,   24,   70,   30,    7,10220,   81
  215,20250216,    1,   80,   30,    6,10218,   82
  215,20250216,    2,   80,   30,    3,10217,   82
  215,20250216,    3,   60,   30,    1,10215,   81
  215,20250216,    4,   60,   30,    0,10217,   83
  215,20250216,    5,   70,   40,   -1,10223,   81
  215,20250216,    6,   70,   40,   -7,10221,   81
  215,20250216,    7,   70,   50,   -5,10225,   79
  215,20250216,    8,   80,   60,   -3,10228,   76
  215,20250216,    9,   80,   50,    1,10229,   74
  215,20250216,   10,   90,   70,   17,10230,   67
  215,20250216,   11,   90,   70,   25,10233,   58
  215,20250216,   12,  100,   80,   32,10230,   59
  215,20250216,   13,  100,   70,   39,10228,   59
  215,20250216,   14,  100,   70,   40,10226,   57
  215,20250216,   15,   80,   80,   36,10227,   59
  215,20250216,   16,   60,   60,   32,10231,   63
  215,20250216,   17,   70,   50,   21,10236,   69
  215,20250216,   18,   70,   50,   15,10240,   74
  215,20250216,   19,   70,   60,    8,10242,   79
  215,20250216,   20,   80,   50,    1,10242,   80
  215,20250216,   21,   80,   40,   -6,10247,   81
  215,20250216,   22,   90,   40,  -10,10250,   82
  215,20250216,   23,   70,   30,  -14,10251,   82
  215,20250216,   24,   70,   30,  -16,10250,   82
  215,20250217,    1,   80,   40,  -16,10250,   79
  215,20250217,    2,   80,   40,  -18,10248,   77
  215,20250217,    3,   80,   30,  -23,10249,   78
  215,20250217,    4,   70,   30,  -27,10252,   80
  215,20250217,    5,   70,   30,  -27,10249,   81
  215,20250217,    6,   70,   30,  -31,10249,   85
  215,20250217,    7,   80,   20,  -32,10252,   85
  215,20250217,    8,   70,   30,  -27,10253,   85
  215,20250217,    9,   80,   30,  -17,10255,   81
  215,20250217,   10,   70,   20,   -6,10257,   79
  215,20250217,   11,   70,   30,    5,10254,   74
  215,20250217,   12,   90,   30,   15,10251,   69
  215,20250217,   13,  100,   40,   23,10245,   66
  215,20250217,   14,  100,   40,   25,10241,   65
  215,20250217,   15,   70,   30,   28,10238,   65
  215,20250217,   16,   70,   40,   19,10237,   67
  215,20250217,   17,   60,   30,    9,10241,   70
  215,20250217,   18,   70,   20,    2,10247,   74
  215,20250217,   19,   60,   30,   -4,10251,   78
  215,20250217,   20,   80,   40,   -1,10253,   69
  215,20250217,   21,   90,   30,  -12,10255,   70
  215,20250217,   22,   80,   30,  -18,10257,   71
  215,20250217,   23,   80,   40,  -19,10255,   72
  215,20250217,   24,   80,   40,  -22,10255,   73
  215,20250218,    1,   80,   30,  -25,10259,   73
  215,20250218,    2,   80,   30,  -28,10258,   75
  215,20250218,    3,   80,   50,  -30,10249,   75
  215,20250218,    4,   80,   50,  -35,10248,   77
  215,20250218,    5,   90,   30,  -41,10254,   80
  215,20250218,    6,  100,   30,  -41,10256,   80
  215,20250218,    7,  100,   40,  -39,10259,   79
  215,20250218,    8,  100,   30,  -31,10264,   75
  215,20250218,    9,  100,   40,  -15,10264,   71
  215,20250218,   10,  110,   50,   -4,10265,   70
  215,20250218,   11,  100,   60,    7,10263,   67
  215,20250218,   12,  110,   70,   21,10259,   60
  215,20250218,   13,  110,   80,   24,10251,   59
  215,20250218,   14,  110,   60,   24,10250,   56
  215,20250218,   15,  110,   70,   27,10242,   57
  215,20250218,   16,  110,   70,   18,10244,   58
  215,20250218,   17,  110,   60,   10,10241,   60
  215,20250218,   18,  100,   60,    5,10245,   62
  215,20250218,   19,  110,   50,   -1,10243,   63
  215,20250218,   20,  110,   50,   -3,10244,   62
  215,20250218,   21,  110,   50,   -5,10242,   62
  215,20250218,   22,  100,   60,   -1,10238,   61
  215,20250218,   23,  110,   60,   -6,10233,   65
  215,20250218,   24,  110,   60,   -5,10234,   66
  215,20250219,    1,  110,   60,   -5,10233,   66
  215,20250219,    2,  120,   40,  -11,10229,   69
  215,20250219,    3,  100,   40,  -18,10228,   72
  215,20250219,    4,  110,   60,  -17,10223,   71
  215,20250219,    5,  110,   60,  -19,10220,   71
  215,20250219,    6,  110,   50,  -20,10217,   71
  215,20250219,    7,  120,   50,  -18,10218,   68
  215,20250219,    8,  110,   50,  -12,10217,   67
  215,20250219,    9,  120,   70,   -2,10216,   61
  215,20250219,   10,  120,   60,    9,10213,   59
  215,20250219,   11,  120,   60,   17,10213,   55
  215,20250219,   12,  120,   70,   27,10208,   52
  215,20250219,   13,  120,   70,   36,10205,   49
  215,20250219,   14,  130,   60,   42,10201,   48
  215,20250219,   15,  130,   60,   39,10199,   48
  215,20250219,   16,  140,   40,   34,10201,   54
  215,20250219,   17,  120,   50,   29,10197,   57
  215,20250219,   18,  130,   50,   29,10201,   56
  215,20250219,   19,  130,   40,   26,10201,   58
  215,20250219,   20,  140,   40,   21,10200,   62
  215,20250219,   21,  140,   40,   16,10199,   65
  215,20250219,   22,  130,   40,   15,10194,   66
  215,20250219,   23,  140,   40,   12,10198,   71
  215,20250219,   24,  130,   30,    8,10200,   75
  215,20250220,    1,  130,   30,    6,10197,   78
  215,20250220,    2,  140,   40,   14,10195,   78
  215,20250220,    3,  140,   30,    2,10191,   83
  215,20250220,    4,  140,   30,    2,10185,   86
  215,20250220,    5,  150,   20,    9,10187,   86
  215,20250220,    6,  170,   20,   15,10186,   87
  215,20250220,    7,  170,   40,   34,10188,   90
  215,20250220,    8,  170,   40,   44,10187,   91
  215,20250220,    9,  190,   50,   59,10189,   90
  215,20250220,   10,  170,   50,   74,10187,   87
  215,20250220,   11,  180,   50,   90,10189,   84
  215,20250220,   12,  190,   60,   97,10186,   88
  215,20250220,   13,  190,   50,   93,10188,   94
  215,20250220,   14,  180,   50,   94,10187,   95
  215,20250220,   15,  190,   50,  100,10187,   91
  215,20250220,   16,  170,   50,  100,10184,   91
  215,20250220,   17,  180,   40,  102,10187,   89
  215,20250220,   18,  180,   60,  105,10184,   88
  215,20250220,   19,  180,   50,  106,10182,   88
  215,20250220,   20,  190,   50,  114,10190,   84
  215,20250220,   21,  210,   60,  116,10194,   84
  215,20250220,   22,  210,   60,  114,10197,   86
  215,20250220,   23,  210,   50,  109,10196,   89
  215,20250220,   24,  200,   50,  111,10197,   88
  215,20250221,    1,  200,   50,  114,10193,   87
  215,20250221,    2,  190,   40,  111,10192,   89
  215,20250221,    3,  180,   40,  111,10186,   88
  215,20250221,    4,  170,   40,  109,10181,   88
  215,20250221,    5,  180,   40,  102,10180,   90
  215,20250221,    6,  170,   30,  100,10178,   90
  215,20250221,    7,  160,   30,  100,10180,   89
  215,20250221,    8,  140,   40,   88,10176,   92
  215,20250221,    9,  150,   40,  107,10171,   88
  215,20250221,   10,  180,   60,  138,10170,   77
  215,20250221,   11,  180,   60,  156,10165,   69
  215,20250221,   12,  180,   60,  168,10154,   62
  215,20250221,   13,  170,   70,  172,10144,   59
  215,20250221,   14,  160,   70,  170,10135,   59
  215,20250221,   15,  180,   60,  174,10131,   57
  215,20250221,   16,  170,   50,  169,10126,   57
  215,20250221,   17,  180,   50,  160,10125,   60
  215,20250221,   18,  150,   40,  149,10125,   66
  215,20250221,   19,  170,   50,  155,10127,   63
  215,20250221,   20,  180,   40,  142,10128,   68
  215,20250221,   21,  180,   40,  137,10129,   69
  215,20250221,   22,  170,   40,  134,10125,   71
  215,20250221,   23,  170,   30,  133,10121,   70
  215,20250221,   24,  160,   30,  120,10118,   76
  215,20250222,    1,  150,   40,  118,10114,   77
  215,20250222,    2,  160,   40,  120,10110,   77
  215,20250222,    3,  170,   30,  113,10106,   82
  215,20250222,    4,  170,   40,  116,10102,   81
  215,20250222,    5,  170,   50,  115,10105,   80
  215,20250222,    6,  170,   40,  113,10107,   80
  215,20250222,    7,  170,   50,  111,10113,   82
  215,20250222,    8,  180,   50,  108,10119,   85
  215,20250222,    9,  180,   40,  103,10121,   89
  215,20250222,   10,  180,   50,  102,10123,   90
  215,20250222,   11,  180,   50,  104,10124,   91
  215,20250222,   12,  190,   40,  105,10123,   90
  215,20250222,   13,  200,   50,  104,10126,   92
  215,20250222,   14,  190,   50,  106,10129,   94
  215,20250222,   15,  250,   60,   96,10137,   93
  215,20250222,   16,  260,   40,   90,10150,   95
  215,20250222,   17,  250,   50,   89,10161,   96
  215,20250222,   18,  250,   40,   90,10174,   94
  215,20250222,   19,  240,   30,   88,10186,   94
  215,20250222,   20,  250,   40,   89,10198,   92
  215,20250222,   21,  250,   30,   89,10208,   91
  215,20250222,   22,  230,   30,   85,10220,   89
  215,20250222,   23,  190,   30,   65,10225,   95
  215,20250222,   24,  200,   40,   63,10231,   96
  215,20250223,    1,  210,   50,   69,10236,   96
  215,20250223,    2,  210,   60,   66,10247,   97
  215,20250223,    3,  220,   50,   72,10248,   97
  215,20250223,    4,  220,   30,   74,10250,   97
  215,20250223,    5,  220,   50,   72,10255,   96
  215,20250223,    6,  220,   40,   70,10258,   97
  215,20250223,    7,  210,   50,   75,10259,   94
  215,20250223,    8,  210,   50,   78,10264,   91
  215,20250223,    9,  200,   60,   83,10268,   89
  215,20250223,   10,  190,   60,   88,10269,   88
  215,20250223,   11,  190,   50,  104,10266,   86
  215,20250223,   12,  180,   40,  127,10257,   76
  215,20250223,   13,  200,   70,  140,10247,   67
  215,20250223,   14,  200,   90,  138,10241,   68
  215,20250223,   15,  200,   80,  135,10233,   65
  215,20250223,   16,  190,   80,  132,10231,   63
  215,20250223,   17,  190,   50,  120,10230,   64
  215,20250223,   18,  190,   50,  115,10227,   65
  215,20250223,   19,  180,   50,  113,10229,   67
  215,20250223,   20,  180,   60,  118,10221,   68
  215,20250223,   21,  190,   70,  119,10214,   70
  215,20250223,   22,  200,   90,  119,10211,   69
  215,20250223,   23,  200,   80,  116,10204,   69
  215,20250223,   24,  200,   70,  114,10198,   70
  215,20250224,    1,  190,   80,  116,10189,   69
  215,20250224,    2,  190,   80,  115,10181,   70
  215,20250224,    3,  200,   80,  114,10173,   69
  215,20250224,    4,  200,   70,  111,10166,   71
  215,20250224,    5,  190,   80,  114,10159,   69
  215,20250224,    6,  190,   90,  106,10153,   74
  215,20250224,    7,  190,   70,   99,10150,   82
  215,20250224,    8,  200,   80,  102,10147,   82
  215,20250224,    9,  190,   70,  101,10139,   86
  215,20250224,   10,  200,   80,   99,10136,   91
  215,20250224,   11,  200,   80,  105,10132,   88
  215,20250224,   12,  210,   80,  104,10129,   89
  215,20250224,   13,  210,   80,  102,10124,   91
  215,20250224,   14,  220,   70,  100,10122,   92
  215,20250224,   15,  230,   60,  100,10127,   92
  215,20250224,   16,  220,   60,  102,10129,   90
  215,20250224,   17,  230,   80,   99,10134,   85
  215,20250224,   18,  230,   70,   99,10138,   86
  215,20250224,   19,  230,   70,   99,10141,   86
  215,20250224,   20,  230,   80,   95,10140,   87
  215,20250224,   21,  230,   70,   94,10141,   87
  215,20250224,   22,  230,   50,   91,10140,   88
  215,20250224,   23,  220,   50,   83,10139,   90
  215,20250224,   24,  220,   50,   78,10141,   92
  215,20250225,    1,  220,   50,   80,10141,   92
  215,20250225,    2,  230,   60,   84,10142,   91
  215,20250225,    3,  230,   50,   83,10138,   88
  215,20250225,    4,  240,   40,   82,10133,   88
  215,20250225,    5,  220,   50,   82,10130,   88
  215,20250225,    6,  190,   50,   79,10129,   90
  215,20250225,    7,  200,   30,   68,10134,   93
  215,20250225,    8,  150,   20,   72,10131,   92
  215,20250225,    9,  180,   40,   81,10130,   91
  215,20250225,   10,  180,   40,   89,10130,   89
  215,20250225,   11,  230,   40,   96,10134,   88
  215,20250225,   12,  220,   30,   98,10131,   86
  215,20250225,   13,  280,   20,  103,10126,   83
  215,20250225,   14,  340,   30,  102,10123,   84
  215,20250225,   15,  330,   30,   87,10125,   89
  215,20250225,   16,  340,   30,   80,10124,   91
  215,20250225,   17,   10,   20,   76,10128,   93
  215,20250225,   18,  360,   30,   77,10132,   91
  215,20250225,   19,  340,   40,   72,10138,   93
  215,20250225,   20,  340,   40,   70,10140,   93
  215,20250225,   21,  330,   20,   67,10146,   94
  215,20250225,   22,  310,   20,   65,10148,   91
  215,20250225,   23,  320,   20,   61,10151,   90
  215,20250225,   24,  290,   20,   63,10153,   87
  215,20250226,    1,  300,   30,   64,10155,   84
  215,20250226,    2,  270,   30,   59,10156,   89
  215,20250226,    3,  270,   30,   53,10155,   91
  215,20250226,    4,  260,   30,   48,10157,   90
  215,20250226,    5,  230,   20,   24,10157,   93
  215,20250226,    6,  240,   30,   30,10160,   95
  215,20250226,    7,  230,   20,   26,10163,   96
  215,20250226,    8,  190,   10,   51,10165,   98
  215,20250226,    9,  250,   50,   75,10170,   84
  215,20250226,   10,  220,   30,   90,10165,   78
  215,20250226,   11,  230,   50,   95,10162,   67
  215,20250226,   12,  210,   80,   98,10159,   63
  215,20250226,   13,  220,   70,   95,10154,   64
  215,20250226,   14,  210,   60,   94,10147,   67
  215,20250226,   15,  200,   60,   94,10139,   68
  215,20250226,   16,  180,   60,   92,10129,   68
  215,20250226,   17,  190,   70,   85,10126,   72
  215,20250226,   18,  170,   60,   75,10120,   77
  215,20250226,   19,  160,   60,   71,10112,   84
  215,20250226,   20,  170,   70,   68,10103,   88
  215,20250226,   21,  190,   60,   71,10101,   89
  215,20250226,   22,  280,   60,   64,10104,   86
  215,20250226,   23,  260,   30,   50,10108,   90
  215,20250226,   24,  240,   30,   60,10111,   91
  215,20250227,    1,  250,   40,   56,10114,   90
  215,20250227,    2,  240,   30,   62,10114,   88
  215,20250227,    3,  250,   40,   59,10114,   89
  215,20250227,    4,  240,   30,   61,10117,   89
  215,20250227,    5,  250,   40,   61,10122,   87
  215,20250227,    6,  250,   40,   59,10125,   86
  215,20250227,    7,  250,   30,   57,10131,   88
  215,20250227,    8,  230,   30,   60,10137,   89
  215,20250227,    9,  240,   40,   66,10142,   86
  215,20250227,   10,  240,   40,   70,10144,   85
  215,20250227,   11,  260,   60,   70,10149,   82
  215,20250227,   12,  250,   50,   62,10151,   86
  215,20250227,   13,  260,   50,   63,10152,   85
  215,20250227,   14,  260,   60,   71,10151,   83
  215,20250227,   15,  260,   60,   63,10152,   87
  215,20250227,   16,  240,   30,   56,10150,   91
  215,20250227,   17,  270,   30,   59,10152,   93
  215,20250227,   18,  320,   60,   62,10161,   89
  215,20250227,   19,  340,   70,   50,10175,   87
  215,20250227,   20,  340,   50,   54,10186,   87
  215,20250227,   21,  350,   70,   55,10195,   88
  215,20250227,   22,  350,   60,   54,10203,   85
  215,20250227,   23,  350,   70,   53,10210,   87
  215,20250227,   24,  350,   60,   53,10215,   90
  215,20250228,    1,  350,   70,   57,10222,   86
  215,20250228,    2,  350,   80,   57,10227,   83
  215,20250228,    3,  360,   80,   55,10231,   82
  215,20250228,    4,   10,   50,   51,10238,   85
  215,20250228,    5,  360,   40,   49,10245,   88
  215,20250228,    6,  350,   50,   54,10249,   88
  215,20250228,    7,  350,   40,   55,10255,   89
  215,20250228,    8,  360,   40,   58,10259,   90
  215,20250228,    9,  340,   50,   60,10267,   88
  215,20250228,   10,   10,   60,   65,10272,   85
  215,20250228,   11,  350,   60,   81,10275,   74
  215,20250228,   12,  360,   60,   79,10275,   75
  215,20250228,   13,  360,   70,   79,10275,   75
  215,20250228,   14,  350,   60,   76,10276,   76
  215,20250228,   15,  360,   50,   79,10277,   76
  215,20250228,   16,  360,   50,   66,10281,   79
  215,20250228,   17,   10,   40,   64,10285,   82
  215,20250228,   18,   10,   50,   54,10291,   87
  215,20250228,   19,   10,   40,   45,10294,   90
  215,20250228,   20,  360,   30,   33,10295,   94
  215,20250228,   21,   10,   20,   21,10300,   96
  215,20250228,   22,   10,   30,   20,10302,   96
  215,20250228,   23,   20,   20,   22,10303,   95
  215,20250228,   24,  360,   20,   13,10304,   97
  215,20250301,    1,  330,   10,   -1,10309,   96
  215,20250301,    2,  310,   10,   11,10311,   97
  215,20250301,    3,   10,   10,   22,10312,   97
  215,20250301,    4,   20,   20,   36,10313,   93
  215,20250301,    5,   10,   20,   20,10315,   93
  215,20250301,    6,   10,   20,   28,10320,   94
  215,20250301,    7,   30,   20,   42,10328,   85
  215,20250301,    8,   30,   20,   48,10337,   83
  215,20250301,    9,   50,   30,   53,10343,   78
  215,20250301,   10,   50,   30,   60,10347,   74
  215,20250301,   11,   10,   40,   66,10349,   72
  215,20250301,   12,   60,   40,   72,10348,   70
  215,20250301,   13,   70,   40,   82,10346,   67
  215,20250301,   14,  340,   40,   76,10345,   75
  215,20250301,   15,   30,   30,   88,10343,   70
  215,20250301,   16,  330,   30,   77,10344,   72
  215,20250301,   17,   30,   20,   63,10349,   77
  215,20250301,   18,   20,   30,   41,10355,   85
  215,20250301,   19,   10,   20,   22,10358,   93
  215,20250301,   20,   90,   10,   28,10359,   92
  215,20250301,   21,   20,   10,    6,10364,   96
  215,20250301,   22,    0,    0,    0,10366,   96
  215,20250301,   23,    0,    0,   -8,10367,   97
  215,20250301,   24,  990,   10,  -18,10365,   97
  215,20250302,    1,  320,   10,  -20,10364,   97
  215,20250302,    2,    0,    0,  -11,10364,   98
  215,20250302,    3,  350,   10,  -17,10362,   98
  215,20250302,    4,    0,    0,  -23,10362,   98
  215,20250302,    5,    0,    0,  -28,10362,   99
  215,20250302,    6,  220,   10,  -25,10360,   97
  215,20250302,    7,    0,    0,  -29,10361,   99
  215,20250302,    8,    0,    0,    0,10365,   97
  215,20250302,    9,  180,   10,   44,10365,   96
  215,20250302,   10,  180,   20,   64,10361,   81
  215,20250302,   11,  130,   10,   74,10359,   71
  215,20250302,   12,  990,   10,   86,10352,   63
  215,20250302,   13,  990,   10,   90,10348,   61
  215,20250302,   14,  330,   30,   77,10344,   69
  215,20250302,   15,  330,   40,   73,10338,   72
  215,20250302,   16,  330,   30,   65,10333,   74
  215,20250302,   17,  350,   30,   48,10330,   83
  215,20250302,   18,  340,   20,   19,10330,   94
  215,20250302,   19,   20,   10,   17,10329,   97
  215,20250302,   20,  320,   10,    1,10326,   97
  215,20250302,   21,  230,   10,  -10,10326,   96
  215,20250302,   22,    0,    0,  -15,10324,   98
  215,20250302,   23,    0,    0,  -20,10318,   98
  215,20250302,   24,  360,   10,  -24,10313,   98
  215,20250303,    1,  990,   10,  -26,10313,   98
  215,20250303,    2,  210,   10,  -28,10309,   97
  215,20250303,    3,  180,   10,  -34,10302,   97
  215,20250303,    4,    0,    0,  -31,10300,   97
  215,20250303,    5,    0,    0,  -39,10303,   97
  215,20250303,    6,    0,    0,  -40,10304,   97
  215,20250303,    7,    0,    0,  -38,10305,  100
  215,20250303,    8,    0,    0,  -10,10306,   98
  215,20250303,    9,  180,   10,   35,10308,   92
  215,20250303,   10,  990,   10,   70,10308,   75
  215,20250303,   11,  330,   30,   76,10311,   72
  215,20250303,   12,  270,   20,   81,10306,   68
  215,20250303,   13,  290,   20,   86,10299,   62
  215,20250303,   14,  300,   30,   88,10294,   65
  215,20250303,   15,  310,   20,   80,10289,   69
  215,20250303,   16,  330,   20,   73,10285,   77
  215,20250303,   17,  330,   40,   52,10287,   85
  215,20250303,   18,  320,   10,   39,10289,   94
  215,20250303,   19,  220,   20,    8,10290,   96
  215,20250303,   20,  360,   10,   -3,10289,   98
  215,20250303,   21,  340,   10,   -9,10289,   98
  215,20250303,   22,  290,   10,  -17,10287,   98
  215,20250303,   23,    0,    0,  -20,10285,   98
  215,20250303,   24,  190,   10,  -25,10282,   98
  215,20250304,    1,    0,    0,  -32,10280,   97
  215,20250304,    2,    0,    0,  -26,10279,   99
  215,20250304,    3,  160,   10,  -30,10275,   95
  215,20250304,    4,  180,   10,  -21,10276,   97
  215,20250304,    5,    0,    0,  -20,10275,   98
  215,20250304,    6,  210,   10,  -29,10274,   95
  215,20250304,    7,  180,   10,  -25,10275,   97
  215,20250304,    8,  180,   10,    0,10273,   98
  215,20250304,    9,  190,   20,   44,10272,   89
  215,20250304,   10,  230,   20,   77,10276,   72
  215,20250304,   11,  300,   30,   91,10279,   63
  215,20250304,   12,  280,   30,   96,10277,   62
  215,20250304,   13,  290,   20,  101,10271,   65
  215,20250304,   14,  330,   30,  102,10267,   60
  215,20250304,   15,  270,   10,  105,10258,   55
  215,20250304,   16,  260,   10,  111,10255,   55
  215,20250304,   17,  240,   10,   78,10246,   72
  215,20250304,   18,  190,   10,   42,10243,   87
  215,20250304,   19,    0,    0,   23,10245,   95
  215,20250304,   20,  210,   10,   17,10246,   96
  215,20250304,   21,  210,   10,    8,10249,   96
  215,20250304,   22,  350,   10,    3,10255,   98
  215,20250304,   23,    0,    0,   -4,10256,   98
  215,20250304,   24,  170,   10,  -11,10250,   97
  215,20250305,    1,  180,   20,   -6,10242,   96
  215,20250305,    2,  180,   20,  -16,10240,   97
  215,20250305,    3,  180,   30,  -10,10237,   94
  215,20250305,    4,  200,   20,    7,10235,   95
  215,20250305,    5,  190,   30,   19,10230,   89
  215,20250305,    6,  240,   20,   -7,10236,   92
  215,20250305,    7,  180,   20,   -4,10237,   93
  215,20250305,    8,  190,   20,   49,10238,   83
  215,20250305,    9,  220,   40,   88,10240,   69
  215,20250305,   10,  220,   50,  112,10241,   55
  215,20250305,   11,  220,   60,  127,10239,   51
  215,20250305,   12,  230,   50,  133,10235,   46
  215,20250305,   13,  270,   60,  128,10229,   52
  215,20250305,   14,  240,   40,  132,10224,   46
  215,20250305,   15,  270,   40,  129,10221,   53
  215,20250305,   16,  240,   30,  130,10216,   52
  215,20250305,   17,  280,   30,   92,10216,   65
  215,20250305,   18,  280,   20,   72,10217,   67
  215,20250305,   19,  300,   10,   51,10215,   79
  215,20250305,   20,    0,    0,   30,10213,   96
  215,20250305,   21,  160,   10,   25,10214,   92
  215,20250305,   22,  200,   10,   17,10211,   97
  215,20250305,   23,    0,    0,   11,10207,   97
  215,20250305,   24,    0,    0,    5,10201,   97
  215,20250306,    1,  160,   10,   -5,10197,   96
  215,20250306,    2,  190,   10,   -5,10192,   97
  215,20250306,    3,  160,   10,    2,10188,   98
  215,20250306,    4,  160,   10,   -5,10183,   97
  215,20250306,    5,  150,   10,    1,10181,   97
  215,20250306,    6,  180,   10,   -7,10178,   97
  215,20250306,    7,  170,   10,   10,10178,   99
  215,20250306,    8,  180,   20,   54,10179,   91
  215,20250306,    9,  180,   40,   91,10181,   73
  215,20250306,   10,  170,   30,  123,10175,   62
  215,20250306,   11,  180,   40,  146,10173,   56
  215,20250306,   12,  190,   30,  152,10170,   51
  215,20250306,   13,  190,   30,  167,10164,   46
  215,20250306,   14,  210,   50,  170,10160,   42
  215,20250306,   15,  190,   60,  167,10156,   43
  215,20250306,   16,  180,   50,  155,10154,   48
  215,20250306,   17,  200,   40,  137,10155,   49
  215,20250306,   18,  180,   30,  108,10154,   55
  215,20250306,   19,  160,   20,   87,10156,   65
  215,20250306,   20,  160,   10,   56,10159,   80
  215,20250306,   21,  170,   20,   51,10157,   85
  215,20250306,   22,  170,   10,   51,10157,   81
  215,20250306,   23,  160,   20,   50,10156,   80
  215,20250306,   24,  150,   20,   50,10156,   83
  215,20250307,    1,  170,   20,   38,10155,   87
  215,20250307,    2,  180,   20,   54,10155,   77
  215,20250307,    3,  180,   20,   60,10153,   75
  215,20250307,    4,  170,   20,   51,10155,   77
  215,20250307,    5,  140,   10,   40,10157,   83
  215,20250307,    6,  140,   20,   24,10158,   90
  215,20250307,    7,  140,   20,   47,10160,   88
  215,20250307,    8,  130,   20,   69,10164,   83
  215,20250307,    9,  170,   40,  120,10167,   60
  215,20250307,   10,  180,   50,  133,10166,   55
  215,20250307,   11,  170,   40,  154,10164,   52
  215,20250307,   12,  160,   30,  169,10159,   47
  215,20250307,   13,  190,   30,  177,10154,   48
  215,20250307,   14,  200,   40,  178,10152,   48
  215,20250307,   15,  190,   40,  175,10151,   50
  215,20250307,   16,  180,   30,  169,10150,   52
  215,20250307,   17,  170,   20,  152,10149,   57
  215,20250307,   18,  120,   20,  121,10152,   68
  215,20250307,   19,    0,    0,  100,10154,   79
  215,20250307,   20,  100,   10,   86,10154,   85
  215,20250307,   21,  130,   20,   68,10155,   90
  215,20250307,   22,  110,   10,   65,10156,   91
  215,20250307,   23,  110,   10,   62,10154,   93
  215,20250307,   24,  110,   10,   46,10153,   95
  215,20250308,    1,  130,   20,   53,10152,   90
  215,20250308,    2,  110,   10,   52,10148,   85
  215,20250308,    3,  100,   10,   42,10147,   90
  215,20250308,    4,  110,   10,   45,10145,   86
  215,20250308,    5,  120,   20,   46,10143,   81
  215,20250308,    6,  990,   10,   45,10141,   81
  215,20250308,    7,  120,   20,   51,10141,   78
  215,20250308,    8,  120,   30,   85,10142,   70
  215,20250308,    9,  110,   30,  110,10143,   64
  215,20250308,   10,  130,   40,  137,10139,   56
  215,20250308,   11,  110,   40,  160,10135,   51
  215,20250308,   12,  100,   50,  172,10126,   41
  215,20250308,   13,  100,   60,  181,10117,   35
  215,20250308,   14,  100,   50,  185,10109,   32
  215,20250308,   15,  110,   50,  183,10103,   32
  215,20250308,   16,  110,   40,  172,10100,   38
  215,20250308,   17,  100,   40,  157,10098,   39
  215,20250308,   18,  110,   30,  129,10098,   44
  215,20250308,   19,  110,   20,  116,10096,   49
  215,20250308,   20,   70,   30,  107,10096,   52
  215,20250308,   21,   80,   30,  112,10097,   48
  215,20250308,   22,   80,   40,  109,10096,   53
  215,20250308,   23,   90,   30,   92,10091,   58
  215,20250308,   24,   80,   10,   61,10088,   71
  215,20250309,    1,   80,   10,   63,10085,   72
  215,20250309,    2,   60,   10,   44,10082,   80
  215,20250309,    3,  120,   10,   50,10076,   76
  215,20250309,    4,  990,   10,   40,10074,   78
  215,20250309,    5,   70,   10,   23,10071,   85
  215,20250309,    6,   40,   10,   15,10071,   88
  215,20250309,    7,   60,   20,   36,10071,   85
  215,20250309,    8,   80,   20,   87,10071,   68
  215,20250309,    9,  110,   30,  106,10070,   62
  215,20250309,   10,  100,   40,  124,10068,   61
  215,20250309,   11,   90,   30,  146,10063,   53
  215,20250309,   12,   90,   40,  161,10057,   50
  215,20250309,   13,   70,   40,  171,10049,   47
  215,20250309,   14,  100,   40,  174,10044,   45
  215,20250309,   15,  100,   50,  167,10039,   42
  215,20250309,   16,  100,   40,  168,10036,   47
  215,20250309,   17,   80,   20,  152,10034,   52
  215,20250309,   18,   80,   20,  129,10033,   57
  215,20250309,   19,   70,   20,  111,10032,   62
  215,20250309,   20,   50,   20,   99,10032,   64
  215,20250309,   21,   70,   20,   82,10033,   73
  215,20250309,   22,   40,   10,   68,10035,   80
  215,20250309,   23,   30,   10,   38,10033,   91
  215,20250309,   24,   40,   10,   44,10030,   91
  215,20250310,    1,   30,   10,   35,10025,   94
  215,20250310,    2,  360,   10,   30,10021,   94
  215,20250310,    3,   20,   10,   27,10018,   96
  215,20250310,    4,   20,   10,   21,10015,   96
  215,20250310,    5,  360,   10,   16,10014,   96
  215,20250310,    6,  360,   10,   17,10018,   96
  215,20250310,    7,  340,   10,   24,10023,   97
  215,20250310,    8,  360,   10,   71,10025,   91
  215,20250310,    9,   60,   30,  102,10026,   69
  215,20250310,   10,   50,   30,  123,10028,   63
  215,20250310,   11,   50,   40,  145,10027,   54
  215,20250310,   12,   60,   60,  156,10026,   46
  215,20250310,   13,   50,   40,  158,10024,   44
  215,20250310,   14,   30,   40,  158,10023,   43
  215,20250310,   15,  340,   50,  142,10025,   61
  215,20250310,   16,  340,   30,  138,10024,   60
  215,20250310,   17,  330,   30,   97,10028,   79
  215,20250310,   18,  340,   30,   72,10035,   84
  215,20250310,   19,   10,   40,   70,10040,   84
  215,20250310,   20,  360,   30,   55,10042,   84
  215,20250310,   21,   10,   30,   60,10043,   84
  215,20250310,   22,  350,   20,   51,10045,   86
  215,20250310,   23,  320,   20,   45,10046,   87
  215,20250310,   24,  350,   40,   58,10047,   91
  215,20250311,    1,  350,   50,   60,10048,   93
  215,20250311,    2,  360,   50,   54,10047,   95
  215,20250311,    3,   10,   60,   53,10041,   95
  215,20250311,    4,  350,   60,   57,10044,   90
  215,20250311,    5,   10,   40,   58,10044,   89
  215,20250311,    6,  360,   60,   63,10045,   85
  215,20250311,    7,  360,   50,   62,10047,   83
  215,20250311,    8,  360,   50,   66,10048,   82
  215,20250311,    9,  350,   60,   63,10050,   82
  215,20250311,   10,  350,   50,   71,10050,   70
  215,20250311,   11,  340,   60,   70,10051,   64
  215,20250311,   12,  340,   70,   71,10051,   64
  215,20250311,   13,  330,   60,   80,10046,   64
  215,20250311,   14,  330,   80,   74,10041,   70
  215,20250311,   15,  330,   50,   70,10039,   71
  215,20250311,   16,  320,   30,   60,10040,   78
  215,20250311,   17,  330,   40,   55,10040,   80
  215,20250311,   18,  330,   40,   49,10040,   79
  215,20250311,   19,  340,   40,   49,10038,   81
  215,20250311,   20,  330,   40,   46,10037,   81
  215,20250311,   21,  320,   30,   42,10035,   83
  215,20250311,   22,  310,   30,   40,10033,   84
  215,20250311,   23,  300,   30,   41,10029,   87
  215,20250311,   24,  310,   30,   40,10026,   84
  215,20250312,    1,  280,   10,   29,10023,   91
  215,20250312,    2,  290,   20,   39,10018,   88
  215,20250312,    3,  290,   20,   48,10013,   85
  215,20250312,    4,  300,   30,   47,10010,   86
  215,20250312,    5,  330,   20,   41,10010,   88
  215,20250312,    6,  230,   20,   27,10010,   92
  215,20250312,    7,  220,   30,   33,10011,   93
  215,20250312,    8,  290,   30,   65,10009,   78
  215,20250312,    9,  290,   50,   70,10008,   76
  215,20250312,   10,  320,   40,   60,10010,   77
  215,20250312,   11,  300,   50,   68,10009,   71
  215,20250312,   12,  300,   50,   70,10006,   71
  215,20250312,   13,  310,   60,   75,10004,   71
  215,20250312,   14,  300,   60,   59,10005,   75
  215,20250312,   15,  290,   50,   62,10004,   74
  215,20250312,   16,  270,   40,   61,10003,   75
  215,20250312,   17,  270,   30,   53,10005,   78
  215,20250312,   18,  290,   50,   40,10006,   83
  215,20250312,   19,  330,   10,   23,10006,   92
  215,20250312,   20,  230,   20,    7,10006,   94
  215,20250312,   21,  220,   10,    1,10004,   96
  215,20250312,   22,  990,   10,   -6,10002,   96
  215,20250312,   23,  190,   10,    5,10002,   97
  215,20250312,   24,    0,    0,   10, 9998,   98
  215,20250313,    1,  360,   20,   33, 9999,   91
  215,20250313,    2,  240,   10,   27, 9996,   95
  215,20250313,    3,    0,    0,   24, 9991,   93
  215,20250313,    4,  260,   10,    6, 9991,   95
  215,20250313,    5,    0,    0,   -8, 9992,   97
  215,20250313,    6,  290,   20,   -1, 9994,   97
  215,20250313,    7,    0,    0,   15, 9996,   97
  215,20250313,    8,  280,   20,   46, 9999,   90
  215,20250313,    9,  310,   20,   52,10001,   84
  215,20250313,   10,  290,   10,   55,10003,   81
  215,20250313,   11,   10,   50,   57,10004,   68
  215,20250313,   12,  360,   60,   59,10007,   74
  215,20250313,   13,   10,   70,   72,10007,   70
  215,20250313,   14,  350,   70,   74,10008,   69
  215,20250313,   15,  350,   70,   68,10012,   63
  215,20250313,   16,  350,   70,   60,10018,   65
  215,20250313,   17,  360,   70,   50,10022,   72
  215,20250313,   18,  350,   60,   40,10030,   79
  215,20250313,   19,   10,   50,   32,10036,   81
  215,20250313,   20,   30,   20,   22,10042,   83
  215,20250313,   21,  340,   20,   -1,10046,   90
  215,20250313,   22,  340,   10,   22,10047,   86
  215,20250313,   23,  280,   20,    2,10049,   93
  215,20250313,   24,   30,   20,   12,10051,   85
  215,20250314,    1,  330,   10,   -7,10054,   95
  215,20250314,    2,    0,    0,  -16,10055,   98
  215,20250314,    3,  250,   10,  -19,10055,   95
  215,20250314,    4,  260,   10,  -21,10059,   96
  215,20250314,    5,  230,   10,  -16,10062,   95
  215,20250314,    6,  340,   20,  -10,10070,   95
  215,20250314,    7,  320,   10,   11,10077,   93
  215,20250314,    8,   30,   30,   38,10083,   79
  215,20250314,    9,   40,   40,   44,10088,   74
  215,20250314,   10,   50,   40,   61,10093,   66
  215,20250314,   11,   50,   40,   58,10099,   61
  215,20250314,   12,   10,   40,   60,10105,   62
  215,20250314,   13,  360,   50,   65,10108,   64
  215,20250314,   14,  350,   70,   64,10112,   64
  215,20250314,   15,  350,   60,   68,10117,   63
  215,20250314,   16,  350,   70,   66,10123,   62
  215,20250314,   17,   30,   50,   49,10132,   57
  215,20250314,   18,   30,   40,   39,10139,   59
  215,20250314,   19,   30,   40,   30,10147,   63
  215,20250314,   20,   30,   40,   25,10155,   64
  215,20250314,   21,   40,   40,   20,10163,   67
  215,20250314,   22,   30,   30,   15,10168,   72
  215,20250314,   23,   30,   30,    6,10172,   75
  215,20250314,   24,   20,   40,    5,10177,   74
  215,20250315,    1,   20,   40,   -2,10179,   78
  215,20250315,    2,   10,   50,   10,10177,   73
  215,20250315,    3,   20,   30,   10,10179,   74
  215,20250315,    4,   30,   40,   23,10184,   71
  215,20250315,    5,   40,   40,   28,10191,   59
  215,20250315,    6,   30,   40,   16,10198,   61
  215,20250315,    7,   30,   40,   19,10205,   63
  215,20250315,    8,   40,   40,   33,10209,   65
  215,20250315,    9,   40,   50,   48,10213,   68
  215,20250315,   10,   50,   50,   59,10215,   64
  215,20250315,   11,   50,   60,   63,10214,   57
  215,20250315,   12,   30,   60,   63,10214,   55
  215,20250315,   13,   40,   60,   66,10210,   55
  215,20250315,   14,   60,   50,   76,10208,   54
  215,20250315,   15,   30,   60,   65,10206,   55
  215,20250315,   16,   40,   50,   65,10207,   53
  215,20250315,   17,   40,   50,   60,10210,   53
  215,20250315,   18,   30,   40,   51,10215,   60
  215,20250315,   19,   30,   50,   36,10219,   72
  215,20250315,   20,   30,   50,   32,10223,   74
  215,20250315,   21,   40,   50,   25,10225,   79
  215,20250315,   22,   40,   50,   22,10227,   81
  215,20250315,   23,   30,   40,   13,10227,   85
  215,20250315,   24,   30,   30,    9,10225,   86
  215,20250316,    1,   20,   30,    3,10226,   87
  215,20250316,    2,   30,   30,    3,10226,   89
  215,20250316,    3,   10,   30,  -10,10224,   91
  215,20250316,    4,   10,   40,  -11,10226,   92
  215,20250316,    5,   30,   30,    4,10229,   89
  215,20250316,    6,   30,   30,   10,10231,   87
  215,20250316,    7,   10,   30,    9,10235,   89
  215,20250316,    8,   30,   30,   38,10240,   80
  215,20250316,    9,   50,   50,   52,10243,   69
  215,20250316,   10,   40,   40,   63,10244,   61
  215,20250316,   11,   50,   50,   74,10243,   50
  215,20250316,   12,   50,   40,   82,10240,   45
  215,20250316,   13,  340,   50,   82,10237,   61
  215,20250316,   14,  360,   70,   80,10236,   64
  215,20250316,   15,  360,   70,   79,10234,   65
  215,20250316,   16,  360,   70,   73,10234,   62
  215,20250316,   17,  360,   50,   61,10238,   76
  215,20250316,   18,  360,   60,   62,10245,   77
  215,20250316,   19,  360,   40,   60,10250,   81
  215,20250316,   20,  360,   40,   60,10253,   86
  215,20250316,   21,  350,   20,   55,10255,   91
  215,20250316,   22,   10,   30,   59,10258,   90
  215,20250316,   23,   20,   40,   61,10262,   83
  215,20250316,   24,   20,   40,   60,10265,   80
  215,20250317,    1,   30,   40,   58,10267,   72
  215,20250317,    2,   30,   40,   53,10269,   69
  215,20250317,    3,   50,   30,   52,10269,   68
  215,20250317,    4,   30,   20,   52,10270,   69
  215,20250317,    5,   20,   30,   50,10274,   76
  215,20250317,    6,   60,   40,   48,10278,   80
  215,20250317,    7,   60,   30,   50,10283,   77
  215,20250317,    8,   80,   60,   55,10291,   72
  215,20250317,    9,   50,   50,   56,10296,   77
  215,20250317,   10,   80,   40,   75,10297,   71
  215,20250317,   11,   80,   50,   89,10298,   62
  215,20250317,   12,   90,   60,   83,10298,   53
  215,20250317,   13,   80,   60,  101,10295,   50
  215,20250317,   14,   80,   50,  102,10289,   44
  215,20250317,   15,   70,   70,  101,10289,   42
  215,20250317,   16,   80,   60,   93,10288,   40
  215,20250317,   17,   80,   60,   84,10289,   41
  215,20250317,   18,   70,   50,   69,10295,   46
  215,20250317,   19,   70,   50,   61,10299,   49
  215,20250317,   20,   80,   40,   52,10302,   50
  215,20250317,   21,   80,   50,   45,10305,   50
  215,20250317,   22,   80,   50,   41,10306,   48
  215,20250317,   23,   70,   50,   35,10302,   49
  215,20250317,   24,   80,   50,   30,10301,   49
  215,20250318,    1,   80,   30,   15,10302,   57
  215,20250318,    2,   80,   30,    9,10300,   59
  215,20250318,    3,   80,   30,    1,10297,   64
  215,20250318,    4,   80,   30,    0,10297,   63
  215,20250318,    5,   80,   30,   -1,10296,   64
  215,20250318,    6,   90,   30,   -4,10299,   66
  215,20250318,    7,  100,   40,   22,10301,   52
  215,20250318,    8,  110,   60,   34,10302,   51
  215,20250318,    9,  110,   60,   56,10300,   44
  215,20250318,   10,  110,   70,   69,10294,   40
  215,20250318,   11,  100,   70,   85,10286,   38
  215,20250318,   12,  110,   80,   89,10280,   32
  215,20250318,   13,  100,   80,  101,10270,   31
  215,20250318,   14,  110,   80,  108,10263,   29
  215,20250318,   15,  110,   70,  112,10256,   28
  215,20250318,   16,  110,   60,  109,10249,   32
  215,20250318,   17,  110,   60,   96,10246,   33
  215,20250318,   18,  110,   40,   74,10248,   41
  215,20250318,   19,  110,   30,   59,10252,   43
  215,20250318,   20,  100,   30,   55,10253,   44
  215,20250318,   21,  100,   40,   54,10251,   42
  215,20250318,   22,  100,   40,   49,10249,   44
  215,20250318,   23,  100,   30,   34,10248,   50
  215,20250318,   24,  110,   30,   24,10247,   55
  215,20250319,    1,  110,   20,   14,10247,   61
  215,20250319,    2,  110,   20,    3,10246,   67
  215,20250319,    3,  110,   20,    0,10244,   66
  215,20250319,    4,  120,   20,    0,10242,   66
  215,20250319,    5,  120,   20,   -2,10243,   66
  215,20250319,    6,  120,   20,   -6,10243,   69
  215,20250319,    7,  130,   20,   25,10246,   60
  215,20250319,    8,  140,   30,   50,10247,   52
  215,20250319,    9,  140,   50,   77,10246,   46
  215,20250319,   10,  150,   40,  103,10244,   42
  215,20250319,   11,  140,   30,  122,10242,   41
  215,20250319,   12,  130,   40,  138,10238,   43
  215,20250319,   13,  140,   40,  151,10233,   42
  215,20250319,   14,  160,   40,  161,10228,   40
  215,20250319,   15,  190,   40,  168,10224,   41
  215,20250319,   16,  200,   40,  167,10220,   41
  215,20250319,   17,  180,   30,  155,10219,   44
  215,20250319,   18,  150,   20,  136,10219,   49
  215,20250319,   19,  160,   10,   82,10224,   74
  215,20250319,   20,    0,    0,   68,10227,   87
  215,20250319,   21,   90,   10,   60,10225,   84
  215,20250319,   22,    0,    0,   47,10225,   94
  215,20250319,   23,    0,    0,   45,10223,   91
  215,20250319,   24,    0,    0,   47,10221,   91
  215,20250320,    1,    0,    0,   35,10220,   96
  215,20250320,    2,    0,    0,   26,10216,   96
  215,20250320,    3,  200,   10,   16,10215,   96
  215,20250320,    4,    0,    0,   19,10217,   97
  215,20250320,    5,    0,    0,    9,10217,   98
  215,20250320,    6,  320,   10,   13,10218,   96
  215,20250320,    7,  160,   10,   33,10221,   97
  215,20250320,    8,  180,   10,  104,10220,   65
  215,20250320,    9,  180,   20,  137,10223,   56
  215,20250320,   10,  170,   20,  161,10222,   46
  215,20250320,   11,  160,   20,  168,10218,   40
  215,20250320,   12,  360,   20,  171,10216,   46
  215,20250320,   13,  290,   40,  157,10213,   50
  215,20250320,   14,  330,   40,  159,10210,   49
  215,20250320,   15,   10,   30,  164,10206,   49
  215,20250320,   16,  320,   20,  161,10204,   48
  215,20250320,   17,  330,   40,  127,10205,   58
  215,20250320,   18,   10,   30,   90,10204,   73
  215,20250320,   19,   20,   10,   88,10204,   73
  215,20250320,   20,   60,   40,  106,10203,   66
  215,20250320,   21,   70,   40,  107,10202,   65
  215,20250320,   22,   80,   40,  100,10201,   68
  215,20250320,   23,  100,   40,   91,10193,   73
  215,20250320,   24,   90,   30,   78,10190,   77
  215,20250321,    1,   60,   30,   75,10187,   79
  215,20250321,    2,   80,   30,   73,10180,   80
  215,20250321,    3,  100,   20,   64,10174,   82
  215,20250321,    4,   60,   20,   65,10168,   81
  215,20250321,    5,   70,   20,   70,10165,   78
  215,20250321,    6,  990,   10,   49,10165,   87
  215,20250321,    7,   70,   60,   89,10155,   70
  215,20250321,    8,   90,   50,  106,10153,   67
  215,20250321,    9,  110,   80,  133,10145,   61
  215,20250321,   10,  120,   70,  156,10138,   55
  215,20250321,   11,  120,   70,  179,10129,   50
  215,20250321,   12,  110,   80,  190,10117,   46
  215,20250321,   13,  110,   80,  205,10106,   43
  215,20250321,   14,  130,   90,  205,10092,   37
  215,20250321,   15,  130,   80,  206,10085,   39
  215,20250321,   16,  130,   70,  201,10080,   39
  215,20250321,   17,  110,   50,  190,10076,   44
  215,20250321,   18,  120,   60,  183,10077,   43
  215,20250321,   19,  110,   50,  165,10077,   48
  215,20250321,   20,  110,   40,  156,10075,   52
  215,20250321,   21,  120,   50,  157,10073,   49
  215,20250321,   22,  110,   50,  159,10069,   47
  215,20250321,   23,  100,   50,  150,10065,   50
  215,20250321,   24,  110,   50,  148,10061,   52
  215,20250322,    1,  110,   50,  143,10059,   54
  215,20250322,    2,  130,   40,  137,10061,   58
  215,20250322,    3,  130,   60,  129,10063,   67
  215,20250322,    4,  150,   30,  117,10061,   75
  215,20250322,    5,  100,   50,  122,10053,   69
  215,20250322,    6,  110,   30,  118,10053,   68
  215,20250322,    7,  120,   10,  108,10050,   78
  215,20250322,    8,  100,   60,  128,10047,   66
  215,20250322,    9,  110,   50,  140,10044,   60
  215,20250322,   10,  100,   50,  147,10039,   59
  215,20250322,   11,  110,   60,  154,10035,   58
  215,20250322,   12,  100,   60,  170,10030,   53
  215,20250322,   13,  110,   50,  170,10026,   54
  215,20250322,   14,  110,   40,  171,10021,   53
  215,20250322,   15,  110,   50,  168,10018,   52
  215,20250322,   16,  100,   40,  151,10014,   62
  215,20250322,   17,  100,   30,  152,10013,   59
  215,20250322,   18,  110,   40,  134,10016,   81
  215,20250322,   19,   80,   20,  112,10016,   90
  215,20250322,   20,  100,   10,  105,10015,   89
  215,20250322,   21,  100,   30,  122,10013,   80
  215,20250322,   22,  100,   30,  124,10011,   72
  215,20250322,   23,  110,   30,  117,10009,   79
  215,20250322,   24,  110,   40,  112,10005,   78
  215,20250323,    1,  110,   40,  106,10002,   77
  215,20250323,    2,  110,   50,  100, 9999,   76
  215,20250323,    3,  110,   40,   95, 9998,   77
  215,20250323,    4,  110,   40,   95,10001,   82
  215,20250323,    5,  120,   30,   98,10005,   84
  215,20250323,    6,  150,   30,  106,10010,   85
  215,20250323,    7,  150,   30,  116,10015,   83
  215,20250323,    8,  150,   40,  135,10021,   78
  215,20250323,    9,  170,   40,  138,10027,   75
  215,20250323,   10,  170,   40,  140,10034,   75
  215,20250323,   11,  170,   50,  158,10036,   60
  215,20250323,   12,  180,   40,  166,10039,   56
  215,20250323,   13,  190,   40,  172,10041,   51
  215,20250323,   14,  250,   20,  174,10043,   49
  215,20250323,   15,  310,   40,  161,10047,   57
  215,20250323,   16,  320,   40,  143,10053,   64
  215,20250323,   17,  330,   40,  130,10061,   70
  215,20250323,   18,  330,   30,  119,10068,   77
  215,20250323,   19,  360,   20,  113,10076,   82
  215,20250323,   20,  360,   20,  112,10084,   83
  215,20250323,   21,  350,   20,  113,10090,   80
  215,20250323,   22,  330,   10,  113,10097,   81
  215,20250323,   23,  310,   20,  106,10100,   84
  215,20250323,   24,  320,   10,   91,10102,   91
  215,20250324,    1,  290,   20,   69,10105,   95
  215,20250324,    2,  320,   10,   70,10107,   99
  215,20250324,    3,    0,    0,   59,10109,   99
  215,20250324,    4,  350,   10,   68,10112,   97
  215,20250324,    5,  330,   30,   74,10119,   95
  215,20250324,    6,  350,   30,   82,10128,   96
  215,20250324,    7,  340,   60,   85,10136,   95
  215,20250324,    8,  340,   40,   86,10144,   94
  215,20250324,    9,  330,   40,   84,10150,   93
  215,20250324,   10,  320,   50,   86,10154,   88
  215,20250324,   11,  330,   40,  100,10160,   84
  215,20250324,   12,  330,   50,   97,10165,   82
  215,20250324,   13,  330,   50,  101,10170,   81
  215,20250324,   14,  340,   50,   87,10173,   85
  215,20250324,   15,  330,   60,   78,10177,   86
  215,20250324,   16,  330,   60,   71,10179,   87
  215,20250324,   17,  340,   50,   67,10183,   87
  215,20250324,   18,  340,   50,   62,10187,   86
  215,20250324,   19,  330,   40,   61,10193,   86
  215,20250324,   20,  330,   30,   61,10198,   85
  215,20250324,   21,  320,   20,   50,10204,   88
  215,20250324,   22,  320,   20,   61,10206,   86
  215,20250324,   23,  300,   20,   62,10205,   85
  215,20250324,   24,  290,   10,   60,10205,   88
  215,20250325,    1,  280,   10,   55,10204,   88
  215,20250325,    2,  230,   10,   37,10203,   94
  215,20250325,    3,  240,   20,   50,10201,   92
  215,20250325,    4,  240,   20,   62,10201,   88
  215,20250325,    5,  240,   30,   63,10201,   88
  215,20250325,    6,  220,   30,   62,10201,   90
  215,20250325,    7,  210,   40,   64,10200,   89
  215,20250325,    8,  220,   40,   76,10201,   88
  215,20250325,    9,  220,   50,   93,10205,   85
  215,20250325,   10,  260,   50,   95,10205,   80
  215,20250325,   11,  270,   60,  104,10206,   77
  215,20250325,   12,  270,   60,  106,10206,   72
  215,20250325,   13,  270,   60,  107,10204,   74
  215,20250325,   14,  280,   60,   99,10205,   79
  215,20250325,   15,  280,   50,   93,10206,   82
  215,20250325,   16,  290,   40,   86,10206,   84
  215,20250325,   17,  290,   30,   86,10208,   87
  215,20250325,   18,  300,   30,   86,10213,   89
  215,20250325,   19,  320,   30,   83,10218,   91
  215,20250325,   20,  330,   30,   82,10223,   95
  215,20250325,   21,  340,   40,   81,10225,   96
  215,20250325,   22,  350,   40,   80,10228,   94
  215,20250325,   23,  350,   30,   68,10231,   93
  215,20250325,   24,  340,   30,   52,10233,   95
  215,20250326,    1,  360,   40,   73,10233,   93
  215,20250326,    2,  340,   20,   72,10233,   94
  215,20250326,    3,  330,   20,   55,10235,   97
  215,20250326,    4,  350,   10,   55,10238,   97
  215,20250326,    5,   10,   20,   74,10241,   93
  215,20250326,    6,   10,   30,   76,10246,   91
  215,20250326,    7,   10,   40,   79,10250,   90
  215,20250326,    8,   10,   40,   86,10253,   88
  215,20250326,    9,  350,   50,   89,10257,   85
  215,20250326,   10,  350,   50,   85,10261,   84
  215,20250326,   11,  340,   30,   90,10260,   83
  215,20250326,   12,  350,   30,   99,10258,   80
  215,20250326,   13,  320,   40,  103,10253,   81
  215,20250326,   14,  350,   50,  118,10251,   72
  215,20250326,   15,  350,   50,  117,10249,   66
  215,20250326,   16,   10,   50,  111,10246,   66
  215,20250326,   17,  350,   40,  101,10248,   71
  215,20250326,   18,  360,   30,   92,10249,   77
  215,20250326,   19,  330,   10,   79,10252,   83
  215,20250326,   20,  340,   20,   53,10251,   94
  215,20250326,   21,  260,   10,   42,10251,   97
  215,20250326,   22,  260,   10,   33,10248,   99
  215,20250326,   23,    0,    0,   26,10248,   98
  215,20250326,   24,    0,    0,   23,10247,   98
  215,20250327,    1,    0,    0,   16,10244,   98
  215,20250327,    2,  260,   10,   10,10241,   97
  215,20250327,    3,  260,   10,    6,10238,   99
  215,20250327,    4,  260,   10,   -5,10236,   98
  215,20250327,    5,  260,   10,   -3,10232,   97
  215,20250327,    6,  150,   10,    0,10232,   97
  215,20250327,    7,  190,   20,   43,10229,   97
  215,20250327,    8,  200,   20,   87,10228,   82
  215,20250327,    9,  210,   40,  106,10226,   72
  215,20250327,   10,  210,   30,  119,10223,   66
  215,20250327,   11,  220,   30,  130,10219,   60
  215,20250327,   12,  260,   30,  135,10212,   63
  215,20250327,   13,  280,   50,  128,10208,   61
  215,20250327,   14,  290,   40,  133,10199,   57
  215,20250327,   15,  270,   30,  137,10192,   57
  215,20250327,   16,  270,   30,  136,10186,   61
  215,20250327,   17,  280,   30,  120,10182,   66
  215,20250327,   18,  270,   20,   92,10183,   75
  215,20250327,   19,  220,   20,   73,10180,   83
  215,20250327,   20,  190,   10,   55,10178,   94
  215,20250327,   21,  170,   10,   41,10173,   98
  215,20250327,   22,  150,   10,   45,10167,   96
  215,20250327,   23,  170,   20,   34,10160,   99
  215,20250327,   24,  180,   30,   33,10150,   95
  215,20250328,    1,  190,   20,   30,10148,   95
  215,20250328,    2,  190,   20,   30,10141,   95
  215,20250328,    3,  180,   20,   29,10135,   97
  215,20250328,    4,  240,   40,   53,10133,   96
  215,20250328,    5,  230,   40,   62,10130,   95
  215,20250328,    6,  220,   50,   66,10128,   94
  215,20250328,    7,  240,   50,   75,10128,   89
  215,20250328,    8,  240,   50,   84,10126,   85
  215,20250328,    9,  250,   50,   86,10126,   80
  215,20250328,   10,  250,   60,   93,10125,   77
  215,20250328,   11,  250,   70,  101,10120,   78
  215,20250328,   12,  250,   50,  102,10117,   77
  215,20250328,   13,  230,   50,  106,10112,   81
  215,20250328,   14,  220,   50,  112,10106,   80
  215,20250328,   15,  260,   50,  106,10104,   84
  215,20250328,   16,  270,   70,   94,10106,   91
  215,20250328,   17,  300,   40,   89,10110,   91
  215,20250328,   18,  330,   20,   81,10113,   90
  215,20250328,   19,  300,   10,   75,10120,   93
  215,20250328,   20,  330,   10,   68,10129,   95
  215,20250328,   21,  330,   10,   50,10133,   99
  215,20250328,   22,  290,   20,   37,10138,   99
  215,20250328,   23,  290,   10,   45,10142,   99
  215,20250328,   24,  300,   10,   40,10145,   97
  215,20250329,    1,  300,   20,   30,10150,   96
  215,20250329,    2,  300,   20,   30,10154,   97
  215,20250329,    3,  310,   20,   43,10158,   88
  215,20250329,    4,  310,   20,   54,10168,   88
  215,20250329,    5,  320,   30,   46,10174,   89
  215,20250329,    6,  320,   30,   54,10184,   89
  215,20250329,    7,  330,   40,   76,10193,   84
  215,20250329,    8,  330,   50,   85,10200,   80
  215,20250329,    9,  320,   50,   86,10208,   78
  215,20250329,   10,  310,   50,   93,10213,   72
  215,20250329,   11,  290,   50,   92,10216,   71
  215,20250329,   12,  280,   60,   95,10217,   69
  215,20250329,   13,  300,   50,  100,10218,   73
  215,20250329,   14,  290,   60,   98,10220,   71
  215,20250329,   15,  280,   60,   95,10217,   69
  215,20250329,   16,  270,   60,   90,10214,   74
  215,20250329,   17,  260,   50,   83,10211,   73
  215,20250329,   18,  240,   30,   75,10209,   74
  215,20250329,   19,  210,   30,   54,10204,   83
  215,20250329,   20,  210,   50,   67,10196,   79
  215,20250329,   21,  200,   40,   61,10188,   80
  215,20250329,   22,  210,   60,   73,10177,   77
  215,20250329,   23,  230,   70,   81,10173,   71
  215,20250329,   24,  220,   90,   83,10162,   77
  215,20250330,    1,  230,   80,   81,10158,   85
  215,20250330,    2,  240,   90,   82,10151,   90
  215,20250330,    3,  250,   90,   89,10141,   88
  215,20250330,    4,  250,   90,   93,10137,   87
  215,20250330,    5,  250,   90,   94,10140,   88
  215,20250330,    6,  250,   80,   96,10141,   88
  215,20250330,    7,  270,   90,   99,10144,   87
  215,20250330,    8,  280,   80,  103,10148,   82
  215,20250330,    9,  280,   70,  109,10156,   81
  215,20250330,   10,  290,   90,  114,10160,   72
  215,20250330,   11,  300,  100,  113,10168,   69
  215,20250330,   12,  300,  100,  119,10173,   69
  215,20250330,   13,  300,   90,  116,10177,   68
  215,20250330,   14,  310,   90,  115,10182,   68
  215,20250330,   15,  310,   80,  112,10189,   67
  215,20250330,   16,  310,   80,  107,10194,   68
  215,20250330,   17,  310,   70,  102,10200,   68
  215,20250330,   18,  310,   60,  101,10205,   66
  215,20250330,   19,  320,   60,   96,10209,   70
  215,20250330,   20,  330,   60,   89,10218,   78
  215,20250330,   21,  350,   90,   86,10223,   74
  215,20250330,   22,  350,   80,   82,10224,   75
  215,20250330,   23,  350,   60,   78,10233,   81
  215,20250330,   24,  340,   60,   74,10235,   84
  215,20250331,    1,  350,   50,   74,10240,   85
  215,20250331,    2,  350,   60,   71,10243,   84
  215,20250331,    3,  350,   50,   71,10248,   84
  215,20250331,    4,  350,   50,   73,10252,   79
  215,20250331,    5,  360,   50,   73,10256,   79
  215,20250331,    6,  350,   50,   72,10265,   79
  215,20250331,    7,  350,   50,   78,10271,   76
  215,20250331,    8,  350,   50,   86,10278,   73
  215,20250331,    9,  340,   60,   95,10284,   71
  215,20250331,   10,  340,   70,   98,10289,   70
  215,20250331,   11,  340,   60,  100,10289,   70
  215,20250331,   12,  350,   60,  104,10292,   68
  215,20250331,   13,  340,   60,  102,10289,   68
  215,20250331,   14,  350,   60,  105,10288,   68
  215,20250331,   15,  340,   60,  101,10288,   70
  215,20250331,   16,  350,   70,   95,10289,   72
  215,20250331,   17,  350,   60,   85,10290,   73
  215,20250331,   18,  360,   60,   73,10294,   81
  215,20250331,   19,  360,   50,   63,10299,   87
  215,20250331,   20,   30,   30,   66,10300,   82
  215,20250331,   21,   30,   30,   62,10299,   80
  215,20250331,   22,   30,   20,   40,10300,   89
  215,20250331,   23,   40,   20,   45,10298,   89
  215,20250331,   24,   40,   20,   49,10295,   88
  215,20250401,    1,   40,   20,   39,10293,   93
  215,20250401,    2,   90,   10,   35,10292,   95
  215,20250401,    3,   70,   30,   37,10290,   94
  215,20250401,    4,   70,   30,   43,10289,   91
  215,20250401,    5,   60,   30,   40,10290,   91
  215,20250401,    6,   70,   30,   49,10291,   90
  215,20250401,    7,   60,   40,   61,10293,   88
  215,20250401,    8,   60,   30,   83,10296,   78
  215,20250401,    9,   70,   50,   97,10297,   70
  215,20250401,   10,   80,   40,  115,10293,   64
  215,20250401,   11,  100,   80,  121,10288,   58
  215,20250401,   12,   70,   70,  123,10284,   59
  215,20250401,   13,   90,   70,  130,10276,   53
  215,20250401,   14,   80,   70,  136,10268,   47
  215,20250401,   15,   80,   80,  138,10263,   45
  215,20250401,   16,   90,   80,  135,10258,   45
  215,20250401,   17,   90,   70,  133,10257,   40
  215,20250401,   18,   80,   50,  125,10259,   42
  215,20250401,   19,   80,   50,  112,10262,   49
  215,20250401,   20,   70,   40,  104,10265,   51
  215,20250401,   21,   70,   50,  103,10266,   53
  215,20250401,   22,   80,   60,   98,10267,   54
  215,20250401,   23,   80,   50,   91,10268,   56
  215,20250401,   24,   70,   30,   80,10268,   62
  215,20250402,    1,   70,   50,   80,10264,   63
  215,20250402,    2,   70,   60,   79,10261,   65
  215,20250402,    3,   60,   50,   75,10258,   69
  215,20250402,    4,   70,   50,   76,10259,   69
  215,20250402,    5,   70,   50,   69,10258,   72
  215,20250402,    6,   60,   60,   73,10260,   70
  215,20250402,    7,   60,   60,   83,10263,   68
  215,20250402,    8,   70,   70,   95,10260,   64
  215,20250402,    9,   70,   60,  112,10257,   63
  215,20250402,   10,   70,   70,  125,10252,   57
  215,20250402,   11,   70,   70,  143,10246,   54
  215,20250402,   12,   80,   70,  154,10237,   49
  215,20250402,   13,   70,  100,  163,10228,   45
  215,20250402,   14,   90,   80,  172,10221,   43
  215,20250402,   15,   90,   90,  171,10214,   41
  215,20250402,   16,   80,   90,  171,10210,   42
  215,20250402,   17,   80,   80,  164,10208,   42
  215,20250402,   18,   80,   70,  151,10210,   42
  215,20250402,   19,   80,   60,  141,10214,   44
  215,20250402,   20,   70,   50,  133,10219,   48
  215,20250402,   21,   70,   40,  125,10222,   51
  215,20250402,   22,   80,   60,  119,10226,   55
  215,20250402,   23,   80,   50,  115,10228,   58
  215,20250402,   24,   80,   40,  105,10230,   63
  215,20250403,    1,   80,   50,  105,10229,   64
  215,20250403,    2,   80,   40,  103,10229,   66
  215,20250403,    3,   80,   50,   95,10229,   70
  215,20250403,    4,   80,   50,   90,10229,   72
  215,20250403,    5,   80,   50,   86,10231,   73
  215,20250403,    6,   80,   40,   91,10232,   72
  215,20250403,    7,   90,   50,  105,10234,   67
  215,20250403,    8,   90,   60,  129,10233,   60
  215,20250403,    9,  100,   80,  148,10232,   52
  215,20250403,   10,  110,   70,  163,10229,   48
  215,20250403,   11,  110,   80,  172,10225,   48
  215,20250403,   12,  110,   80,  178,10224,   45
  215,20250403,   13,  110,   80,  184,10221,   44
  215,20250403,   14,  130,   70,  190,10219,   40
  215,20250403,   15,  100,   70,  192,10216,   40
  215,20250403,   16,  100,   60,  191,10216,   39
  215,20250403,   17,  100,   50,  181,10216,   44
  215,20250403,   18,   90,   40,  167,10217,   46
  215,20250403,   19,   90,   20,  144,10221,   56
  215,20250403,   20,   60,   30,  130,10224,   57
  215,20250403,   21,   80,   30,  130,10222,   54
  215,20250403,   22,   70,   30,  131,10222,   52
  215,20250403,   23,   80,   30,  126,10220,   52
  215,20250403,   24,   80,   40,  115,10220,   57
  215,20250404,    1,   60,   10,   92,10219,   69
  215,20250404,    2,   10,   10,   61,10218,   86
  215,20250404,    3,   60,   10,   60,10216,   87
  215,20250404,    4,   60,   20,   59,10215,   85
  215,20250404,    5,   60,   20,   82,10216,   70
  215,20250404,    6,   60,   20,   88,10218,   72
  215,20250404,    7,   70,   20,  119,10219,   63
  215,20250404,    8,   70,   30,  138,10221,   57
  215,20250404,    9,   70,   50,  158,10218,   52
  215,20250404,   10,   70,   40,  181,10213,   43
  215,20250404,   11,   70,   60,  195,10210,   41
  215,20250404,   12,   70,   50,  197,10206,   40
  215,20250404,   13,   70,   50,  207,10200,   37
  215,20250404,   14,   70,   50,  209,10193,   36
  215,20250404,   15,   60,   50,  207,10188,   32
  215,20250404,   16,   50,   60,  200,10184,   37
  215,20250404,   17,   40,   60,  187,10183,   45
  215,20250404,   18,   30,   50,  173,10183,   51
  215,20250404,   19,   40,   40,  153,10186,   57
  215,20250404,   20,   40,   50,  133,10188,   63
  215,20250404,   21,   40,   60,  119,10187,   63
  215,20250404,   22,   50,   60,  109,10189,   62
  215,20250404,   23,   50,   60,  100,10191,   61
  215,20250404,   24,   50,   40,   90,10192,   65
  215,20250405,    1,   40,   30,   82,10191,   73
  215,20250405,    2,   20,   30,   53,10189,   87
  215,20250405,    3,   30,   40,   68,10189,   85
  215,20250405,    4,   30,   30,   66,10189,   90
  215,20250405,    5,   40,   30,   64,10192,   92
  215,20250405,    6,   50,   40,   78,10197,   88
  215,20250405,    7,   40,   50,   90,10202,   81
  215,20250405,    8,   60,   60,  110,10205,   66
  215,20250405,    9,   60,   70,  118,10206,   51
  215,20250405,   10,   50,   70,  128,10207,   54
  215,20250405,   11,   60,   70,  135,10206,   52
  215,20250405,   12,   40,   60,  139,10206,   51
  215,20250405,   13,   50,   60,  148,10204,   40
  215,20250405,   14,   50,   70,  151,10200,   37
  215,20250405,   15,   50,   80,  147,10197,   39
  215,20250405,   16,   50,   80,  142,10197,   39
  215,20250405,   17,   50,   90,  132,10198,   41
  215,20250405,   18,   50,   80,  115,10202,   55
  215,20250405,   19,   40,   70,  100,10209,   59
  215,20250405,   20,   50,   60,   93,10214,   65
  215,20250405,   21,   50,   60,   91,10220,   60
  215,20250405,   22,   60,   70,   86,10225,   52
  215,20250405,   23,   60,   60,   79,10228,   50
  215,20250405,   24,   70,   50,   74,10232,   49
  215,20250406,    1,   60,   60,   67,10235,   52
  215,20250406,    2,   70,   60,   62,10235,   53
  215,20250406,    3,   70,   60,   57,10239,   54
  215,20250406,    4,   80,   60,   51,10242,   57
  215,20250406,    5,   80,   70,   47,10247,   59
  215,20250406,    6,   80,   50,   45,10253,   63
  215,20250406,    7,   90,   60,   57,10259,   57
  215,20250406,    8,  110,   70,   70,10262,   49
  215,20250406,    9,  110,   80,   87,10263,   41
  215,20250406,   10,  100,   70,   97,10264,   41
  215,20250406,   11,  100,   70,  108,10262,   33
  215,20250406,   12,  110,   70,  113,10261,   34
  215,20250406,   13,   70,   60,  117,10258,   34
  215,20250406,   14,   90,   70,  122,10254,   33
  215,20250406,   15,   70,   70,  120,10250,   31
  215,20250406,   16,   80,   50,  123,10245,   34
  215,20250406,   17,   70,   70,  112,10242,   34
  215,20250406,   18,   60,   50,  102,10243,   39
  215,20250406,   19,   70,   60,   96,10248,   41
  215,20250406,   20,   60,   40,   85,10255,   45
  215,20250406,   21,   70,   40,   77,10255,   47
  215,20250406,   22,   60,   40,   64,10260,   73
  215,20250406,   23,   60,   50,   62,10262,   62
  215,20250406,   24,   60,   50,   54,10264,   62
  215,20250407,    1,   70,   30,   44,10262,   66
  215,20250407,    2,   70,   30,   37,10258,   71
  215,20250407,    3,   70,   40,   41,10258,   72
  215,20250407,    4,   60,   30,   32,10258,   77
  215,20250407,    5,   60,   30,   31,10262,   78
  215,20250407,    6,   70,   30,   44,10267,   74
  215,20250407,    7,   80,   30,   65,10270,   62
  215,20250407,    8,  110,   40,   85,10273,   56
  215,20250407,    9,   90,   30,  105,10275,   45
  215,20250407,   10,   90,   40,  107,10274,   39
  215,20250407,   11,   60,   30,  115,10273,   41
  215,20250407,   12,   80,   40,  120,10271,   39
  215,20250407,   13,   40,   20,  126,10268,   38
  215,20250407,   14,  340,   50,  131,10264,   41
  215,20250407,   15,  350,   60,  123,10260,   50
  215,20250407,   16,  340,   60,  117,10260,   54
  215,20250407,   17,   40,   50,  119,10261,   44
  215,20250407,   18,   50,   50,  106,10264,   46
  215,20250407,   19,   30,   50,   96,10271,   59
  215,20250407,   20,   40,   50,   86,10275,   61
  215,20250407,   21,   50,   50,   75,10274,   67
  215,20250407,   22,   60,   40,   74,10276,   66
  215,20250407,   23,   70,   40,   70,10279,   63
  215,20250407,   24,   70,   40,   65,10278,   61
  215,20250408,    1,   70,   40,   63,10279,   64
  215,20250408,    2,   70,   40,   58,10281,   68
  215,20250408,    3,   70,   40,   52,10278,   72
  215,20250408,    4,   70,   30,   49,10279,   75
  215,20250408,    5,   80,   40,   46,10279,   77
  215,20250408,    6,   70,   30,   54,10282,   76
  215,20250408,    7,   90,   40,   76,10285,   63
  215,20250408,    8,   90,   40,   86,10287,   61
  215,20250408,    9,   90,   40,  107,10288,   58
  215,20250408,   10,   60,   30,  121,10289,   49
  215,20250408,   11,   40,   30,  135,10285,   50
  215,20250408,   12,   60,   30,  143,10281,   43
  215,20250408,   13,   60,   30,  145,10275,   42
  215,20250408,   14,   50,   40,  144,10268,   42
  215,20250408,   15,  350,   60,  131,10264,   60
  215,20250408,   16,  350,   70,  116,10263,   69
  215,20250408,   17,  360,   60,  106,10262,   70
  215,20250408,   18,   10,   50,   90,10263,   76
  215,20250408,   19,   10,   50,   74,10265,   80
  215,20250408,   20,   10,   40,   61,10266,   82
  215,20250408,   21,   20,   40,   53,10266,   80
  215,20250408,   22,   10,   50,   51,10267,   82
  215,20250408,   23,   10,   30,   40,10267,   86
  215,20250408,   24,   10,   30,   34,10265,   87
  215,20250409,    1,   10,   30,   28,10261,   91
  215,20250409,    2,   10,   30,   40,10257,   89
  215,20250409,    3,   10,   30,   40,10256,   89
  215,20250409,    4,   10,   20,   27,10256,   92
  215,20250409,    5,   20,   30,   55,10258,   86
  215,20250409,    6,   20,   30,   62,10263,   84
  215,20250409,    7,   20,   50,   69,10267,   78
  215,20250409,    8,   10,   50,   77,10272,   76
  215,20250409,    9,   20,   40,   93,10277,   74
  215,20250409,   10,   20,   40,  104,10278,   66
  215,20250409,   11,   10,   50,  118,10278,   68
  215,20250409,   12,  350,   70,  113,10279,   70
  215,20250409,   13,  360,   80,  105,10281,   73
  215,20250409,   14,  360,   80,  101,10280,   72
  215,20250409,   15,  350,   70,   96,10281,   69
  215,20250409,   16,  350,   70,   91,10279,   71
  215,20250409,   17,  350,   90,   79,10284,   72
  215,20250409,   18,  360,   70,   72,10289,   76
  215,20250409,   19,  360,   60,   76,10293,   73
  215,20250409,   20,  360,   60,   75,10294,   76
  215,20250409,   21,  350,   60,   74,10297,   74
  215,20250409,   22,  360,   60,   77,10300,   77
  215,20250409,   23,  350,   50,   77,10301,   74
  215,20250409,   24,  350,   40,   79,10298,   77
  215,20250410,    1,  350,   40,   82,10296,   78
  215,20250410,    2,  350,   50,   81,10291,   77
  215,20250410,    3,  350,   50,   81,10293,   80
  215,20250410,    4,  340,   50,   75,10292,   78
  215,20250410,    5,  350,   50,   75,10294,   78
  215,20250410,    6,  350,   50,   78,10297,   80
  215,20250410,    7,  330,   50,   81,10298,   80
  215,20250410,    8,  350,   50,   83,10302,   79
  215,20250410,    9,  350,   50,   89,10303,   79
  215,20250410,   10,  340,   60,   93,10301,   79
  215,20250410,   11,  360,   60,  106,10300,   75
  215,20250410,   12,  340,   60,  110,10298,   73
  215,20250410,   13,  330,   60,  106,10296,   73
  215,20250410,   14,  340,   60,  111,10293,   73
  215,20250410,   15,  330,   60,   98,10288,   74
  215,20250410,   16,  330,   40,   97,10282,   76
  215,20250410,   17,  330,   50,   89,10278,   78
  215,20250410,   18,  330,   40,   74,10277,   84
  215,20250410,   19,  320,   30,   60,10277,   89
  215,20250410,   20,  310,   20,   50,10275,   91
  215,20250410,   21,  230,   10,   36,10269,   97
  215,20250410,   22,  290,   10,   24,10266,   98
  215,20250410,   23,  250,   10,   19,10263,   96
  215,20250410,   24,  250,   10,   28,10257,   96
  215,20250411,    1,  250,   10,   41,10251,   98
  215,20250411,    2,  220,   10,   36,10244,   97
  215,20250411,    3,  230,   10,   27,10242,   98
  215,20250411,    4,  250,   20,   40,10236,   97
  215,20250411,    5,  230,   20,   35,10232,   97
  215,20250411,    6,  230,   20,   51,10233,   97
  215,20250411,    7,  250,   30,   89,10231,   91
  215,20250411,    8,  260,   40,  115,10231,   79
  215,20250411,    9,  250,   60,  124,10229,   72
  215,20250411,   10,  260,   60,  130,10226,   69
  215,20250411,   11,  270,   70,  128,10226,   71
  215,20250411,   12,  280,   60,  133,10224,   72
  215,20250411,   13,  280,   40,  135,10220,   72
  215,20250411,   14,  280,   50,  137,10215,   63
  215,20250411,   15,  270,   50,  129,10211,   70
  215,20250411,   16,  320,   30,  128,10207,   71
  215,20250411,   17,  330,   30,  116,10204,   78
  215,20250411,   18,  330,   20,   95,10200,   86
  215,20250411,   19,  340,   20,   72,10197,   93
  215,20250411,   20,    0,    0,   72,10192,   96
  215,20250411,   21,  220,   10,   52,10190,   97
  215,20250411,   22,  350,   10,   53,10186,   97
  215,20250411,   23,   30,   10,   50,10180,   99
  215,20250411,   24,    0,    0,   40,10174,   99
  215,20250412,    1,    0,    0,   44,10167,   98
  215,20250412,    2,    0,    0,   38,10161,   97
  215,20250412,    3,    0,    0,   37,10158,   97
  215,20250412,    4,    0,    0,   34,10153,   99
  215,20250412,    5,  130,   10,   26,10151,   99
  215,20250412,    6,  100,   20,   69,10144,   96
  215,20250412,    7,  120,   30,  102,10140,   86
  215,20250412,    8,  110,   40,  135,10130,   77
  215,20250412,    9,  120,   50,  163,10125,   67
  215,20250412,   10,  130,   70,  182,10115,   57
  215,20250412,   11,  130,   80,  192,10106,   48
  215,20250412,   12,  120,   70,  205,10094,   43
  215,20250412,   13,  130,   70,  214,10080,   41
  215,20250412,   14,  130,   70,  220,10070,   37
  215,20250412,   15,  130,   80,  223,10055,   36
  215,20250412,   16,  120,   60,  222,10042,   33
  215,20250412,   17,  110,   50,  213,10033,   38
  215,20250412,   18,  110,   40,  192,10027,   44
  215,20250412,   19,  100,   50,  180,10022,   46
  215,20250412,   20,  100,   50,  167,10014,   48
  215,20250412,   21,  170,   50,  182,10013,   43
  215,20250412,   22,  210,   60,  180,10012,   45
  215,20250412,   23,  200,   60,  173,10009,   52
  215,20250412,   24,  180,   40,  162,10004,   55
  215,20250413,    1,  190,   50,  142,10001,   79
  215,20250413,    2,  180,   40,  132, 9997,   89
  215,20250413,    3,  180,   40,  128, 9993,   92
  215,20250413,    4,  210,   40,  130, 9991,   94
  215,20250413,    5,  220,   50,  131, 9994,   92
  215,20250413,    6,  220,   50,  134, 9999,   89
  215,20250413,    7,  230,   70,  138,10008,   80
  215,20250413,    8,  240,   50,  132,10017,   75
  215,20250413,    9,  240,   70,  137,10027,   72
  215,20250413,   10,  260,   70,  136,10035,   73
  215,20250413,   11,  270,   50,  140,10039,   69
  215,20250413,   12,  250,   50,  147,10046,   69
  215,20250413,   13,  260,   50,  153,10050,   65
  215,20250413,   14,  260,   50,  155,10051,   64
  215,20250413,   15,  260,   70,  147,10054,   68
  215,20250413,   16,  250,   80,  130,10059,   67
  215,20250413,   17,  250,   70,  121,10062,   69
  215,20250413,   18,  240,   70,  126,10063,   69
  215,20250413,   19,  220,   60,  115,10066,   73
  215,20250413,   20,  220,   50,  112,10068,   75
  215,20250413,   21,  200,   40,  108,10069,   78
  215,20250413,   22,  220,   40,  108,10072,   77
  215,20250413,   23,  220,   50,  104,10071,   72
  215,20250413,   24,  230,   60,  109,10075,   70
  215,20250414,    1,  240,   40,  107,10077,   76
  215,20250414,    2,  230,   30,  102,10076,   83
  215,20250414,    3,  230,   30,   99,10077,   86
  215,20250414,    4,  230,   40,   97,10080,   88
  215,20250414,    5,  210,   30,   78,10085,   92
  215,20250414,    6,  220,   40,  100,10088,   87
  215,20250414,    7,  240,   30,  107,10093,   83
  215,20250414,    8,  210,   30,  119,10093,   78
  215,20250414,    9,  170,   40,  123,10094,   76
  215,20250414,   10,  190,   40,  139,10094,   65
  215,20250414,   11,  210,   50,  143,10093,   56
  215,20250414,   12,  200,   40,  149,10089,   51
  215,20250414,   13,  180,   40,  159,10084,   51
  215,20250414,   14,  190,   30,  162,10076,   47
  215,20250414,   15,  170,   30,  164,10069,   49
  215,20250414,   16,  120,   40,  160,10063,   52
  215,20250414,   17,  100,   40,  155,10056,   56
  215,20250414,   18,   80,   30,  148,10048,   53
  215,20250414,   19,   70,   30,  135,10047,   58
  215,20250414,   20,   70,   40,  129,10045,   64
  215,20250414,   21,   80,   40,  123,10041,   69
  215,20250414,   22,   80,   40,  123,10034,   66
  215,20250414,   23,   90,   40,  122,10027,   69
  215,20250414,   24,   90,   40,  116,10018,   72
  215,20250415,    1,  110,   40,  114,10010,   75
  215,20250415,    2,  110,   40,  109,10004,   79
  215,20250415,    3,  110,   40,  104, 9996,   81
  215,20250415,    4,  100,   40,  104, 9991,   80
  215,20250415,    5,  100,   50,  106, 9984,   79
  215,20250415,    6,  110,   50,  114, 9979,   76
  215,20250415,    7,  120,   50,  137, 9974,   71
  215,20250415,    8,  130,   60,  153, 9972,   66
  215,20250415,    9,  150,   60,  176, 9968,   62
  215,20250415,   10,  160,   40,  178, 9967,   64
  215,20250415,   11,  170,   50,  189, 9963,   62
  215,20250415,   12,  170,   50,  195, 9965,   62
  215,20250415,   13,  160,   50,  194, 9966,   61
  215,20250415,   14,  180,   50,  167, 9970,   82
  215,20250415,   15,  250,   30,  125, 9978,   87
  215,20250415,   16,  260,   30,  128, 9980,   84
  215,20250415,   17,  270,   20,  131, 9983,   80
  215,20250415,   18,  270,   10,  121, 9990,   86
  215,20250415,   19,   30,   10,   99, 9994,   94
  215,20250415,   20,  120,   10,  102, 9997,   97
  215,20250415,   21,  110,   20,  111,10002,   93
  215,20250415,   22,  140,   20,  111,10008,   93
  215,20250415,   23,  140,   10,  101,10010,   97
  215,20250415,   24,  180,   20,  101,10016,   96
  215,20250416,    1,  210,   30,  107,10021,   88
  215,20250416,    2,  230,   30,  110,10025,   79
  215,20250416,    3,  240,   30,  104,10031,   82
  215,20250416,    4,  250,   50,  100,10040,   83
  215,20250416,    5,  250,   40,   99,10048,   78
  215,20250416,    6,  240,   30,   97,10053,   77
  215,20250416,    7,  200,   40,  100,10061,   75
  215,20250416,    8,  210,   40,  108,10065,   67
  215,20250416,    9,  210,   40,  109,10078,   67
  215,20250416,   10,  200,   40,  111,10084,   65
  215,20250416,   11,  200,   50,  117,10086,   63
  215,20250416,   12,  210,   60,  118,10092,   59
  215,20250416,   13,  210,   60,  126,10097,   61
  215,20250416,   14,  270,   40,  122,10095,   67
  215,20250416,   15,  270,   30,  117,10100,   67
  215,20250416,   16,  260,   30,  116,10108,   67
  215,20250416,   17,  270,   10,  115,10109,   70
  215,20250416,   18,  290,   20,  104,10110,   77
  215,20250416,   19,  990,   10,   98,10118,   80
  215,20250416,   20,  230,   10,   90,10122,   90
  215,20250416,   21,  110,   10,   88,10124,   87
  215,20250416,   22,  140,   10,   82,10121,   92
  215,20250416,   23,  140,   10,   79,10124,   97
  215,20250416,   24,  130,   10,   80,10124,   95
  215,20250417,    1,    0,    0,   77,10118,   95
  215,20250417,    2,  210,   10,   78,10120,   94
  215,20250417,    3,  230,   10,   76,10122,   95
  215,20250417,    4,    0,    0,   76,10121,   95
  215,20250417,    5,  290,   20,   77,10125,   93
  215,20250417,    6,    0,    0,   82,10127,   94
  215,20250417,    7,  290,   20,  100,10125,   79
  215,20250417,    8,  310,   30,  109,10126,   69
  215,20250417,    9,  330,   30,  111,10131,   72
  215,20250417,   10,  340,   30,  116,10130,   75
  215,20250417,   11,  350,   30,  117,10130,   71
  215,20250417,   12,  350,   30,  131,10127,   65
  215,20250417,   13,  330,   40,  123,10129,   65
  215,20250417,   14,  330,   30,  115,10132,   74
  215,20250417,   15,  320,   30,  112,10134,   74
  215,20250417,   16,  350,   30,  109,10135,   69
  215,20250417,   17,  330,   30,  100,10137,   76
  215,20250417,   18,  340,   30,   94,10143,   72
  215,20250417,   19,  360,   30,   88,10146,   79
  215,20250417,   20,  330,   10,   78,10146,   86
  215,20250417,   21,  250,   10,   67,10148,   90
  215,20250417,   22,  290,   10,   63,10147,   93
  215,20250417,   23,  270,   10,   65,10148,   96
  215,20250417,   24,  270,   10,   58,10151,   96
  215,20250418,    1,  260,   10,   59,10150,   96
  215,20250418,    2,  290,   10,   62,10149,   96
  215,20250418,    3,  320,   10,   63,10150,   98
  215,20250418,    4,    0,    0,   67,10151,   97
  215,20250418,    5,  990,   10,   59,10152,   95
  215,20250418,    6,  100,   10,   64,10156,   97
  215,20250418,    7,   60,   30,   83,10154,   90
  215,20250418,    8,   60,   10,   96,10158,   79
  215,20250418,    9,  120,   20,  103,10160,   79
  215,20250418,   10,  130,   20,  123,10158,   63
  215,20250418,   11,  150,   30,  137,10150,   49
  215,20250418,   12,  160,   30,  147,10145,   47
  215,20250418,   13,  120,   30,  153,10142,   45
  215,20250418,   14,  150,   20,  157,10137,   43
  215,20250418,   15,  190,   20,  159,10134,   38
  215,20250418,   16,   50,   20,  158,10131,   48
  215,20250418,   17,   40,   30,  149,10131,   42
  215,20250418,   18,   70,   60,  124,10131,   62
  215,20250418,   19,   60,   50,  107,10133,   65
  215,20250418,   20,   60,   40,   98,10132,   70
  215,20250418,   21,   70,   30,   98,10130,   80
  215,20250418,   22,   80,   30,   90,10131,   82
  215,20250418,   23,   80,   40,   88,10130,   82
  215,20250418,   24,   80,   40,   78,10127,   85
  215,20250419,    1,   80,   40,   75,10122,   83
  215,20250419,    2,   80,   30,   69,10122,   83
  215,20250419,    3,   80,   30,   64,10118,   84
  215,20250419,    4,   70,   40,   68,10115,   84
  215,20250419,    5,   80,   40,   66,10118,   88
  215,20250419,    6,   80,   40,   75,10117,   86
  215,20250419,    7,   80,   40,   93,10116,   81
  215,20250419,    8,   90,   40,  105,10114,   76
  215,20250419,    9,   80,   40,  113,10113,   71
  215,20250419,   10,   50,   30,  129,10111,   66
  215,20250419,   11,   70,   40,  127,10107,   53
  215,20250419,   12,   40,   40,  130,10102,   56
  215,20250419,   13,   60,   50,  145,10099,   54
  215,20250419,   14,   70,   50,  137,10095,   48
  215,20250419,   15,   50,   50,  146,10091,   49
  215,20250419,   16,   60,   50,  142,10087,   46
  215,20250419,   17,   50,   50,  134,10084,   51
  215,20250419,   18,   30,   60,  123,10081,   49
  215,20250419,   19,   30,   50,  101,10084,   64
  215,20250419,   20,   30,   40,   90,10090,   71
  215,20250419,   21,   30,   40,   78,10090,   80
  215,20250419,   22,   20,   40,   72,10086,   83
  215,20250419,   23,   40,   40,   67,10084,   83
  215,20250419,   24,   20,   30,   57,10081,   88
  215,20250420,    1,   20,   30,   52,10077,   89
  215,20250420,    2,   10,   30,   47,10075,   90
  215,20250420,    3,   20,   30,   44,10075,   90
  215,20250420,    4,   20,   30,   36,10074,   92
  215,20250420,    5,   30,   20,   47,10075,   89
  215,20250420,    6,   20,   20,   67,10077,   86
  215,20250420,    7,   60,   30,   85,10079,   79
  215,20250420,    8,   10,   30,   99,10074,   74
  215,20250420,    9,   10,   40,  119,10074,   70
  215,20250420,   10,   40,   30,  128,10075,   65
  215,20250420,   11,   20,   20,  137,10074,   58
  215,20250420,   12,   30,   20,  150,10074,   55
  215,20250420,   13,  340,   50,  144,10073,   71
  215,20250420,   14,  350,   50,  135,10073,   72
  215,20250420,   15,  360,   40,  131,10073,   75
  215,20250420,   16,  350,   50,  130,10072,   75
  215,20250420,   17,  360,   40,  117,10072,   77
  215,20250420,   18,  360,   30,  114,10072,   80
  215,20250420,   19,  360,   30,  106,10077,   85
  215,20250420,   20,   10,   20,  104,10082,   88
  215,20250420,   21,   70,   30,  112,10081,   75
  215,20250420,   22,  110,   20,  103,10085,   83
  215,20250420,   23,   90,   20,  100,10084,   89
  215,20250420,   24,   20,   10,   98,10082,   92
  215,20250421,    1,   50,   10,   98,10079,   92
  215,20250421,    2,   70,   10,   98,10079,   89
  215,20250421,    3,  110,   10,   98,10079,   91
  215,20250421,    4,  130,   30,   96,10080,   93
  215,20250421,    5,  130,   20,   98,10081,   95
  215,20250421,    6,    0,    0,  103,10082,   97
  215,20250421,    7,  170,   10,  110,10086,   95
  215,20250421,    8,  130,   10,  116,10088,   93
  215,20250421,    9,  180,   20,  123,10093,   89
  215,20250421,   10,  180,   10,  135,10095,   85
  215,20250421,   11,  200,   10,  142,10096,   76
  215,20250421,   12,  330,   20,  131,10097,   90
  215,20250421,   13,  320,   30,  133,10100,   87
  215,20250421,   14,  320,   10,  133,10102,   86
  215,20250421,   15,   40,   10,  138,10103,   83
  215,20250421,   16,  280,   40,  131,10109,   83
  215,20250421,   17,    0,    0,  130,10110,   84
  215,20250421,   18,  330,   10,  122,10115,   89
  215,20250421,   19,  300,   20,  110,10120,   91
  215,20250421,   20,  270,   20,  110,10127,   92
  215,20250421,   21,  240,   30,  109,10129,   91
  215,20250421,   22,  250,   40,  104,10135,   90
  215,20250421,   23,  250,   20,   95,10140,   95
  215,20250421,   24,  250,   20,  102,10140,   90
  215,20250422,    1,  220,   10,   95,10140,   92
  215,20250422,    2,  190,   20,  103,10141,   91
  215,20250422,    3,  200,   30,  108,10140,   90
  215,20250422,    4,  230,   30,  111,10142,   90
  215,20250422,    5,  250,   50,  103,10147,   92
  215,20250422,    6,  250,   50,   99,10153,   93
  215,20250422,    7,  260,   40,  103,10161,   90
  215,20250422,    8,  270,   40,  106,10167,   90
  215,20250422,    9,  280,   30,  116,10170,   85
  215,20250422,   10,  280,   40,  125,10174,   83
  215,20250422,   11,  290,   50,  133,10174,   83
  215,20250422,   12,  260,   50,  141,10177,   71
  215,20250422,   13,  270,   50,  139,10179,   74
  215,20250422,   14,  270,   60,  141,10179,   70
  215,20250422,   15,  270,   50,  136,10180,   75
  215,20250422,   16,  280,   40,  129,10179,   78
  215,20250422,   17,  300,   30,  124,10179,   78
  215,20250422,   18,  330,   20,   99,10178,   91
  215,20250422,   19,  340,   10,   96,10180,   96
  215,20250422,   20,    0,    0,   85,10181,   97
  215,20250422,   21,  340,   10,   70,10182,   97
  215,20250422,   22,    0,    0,   65,10182,   99
  215,20250422,   23,    0,    0,   64,10183,   98
  215,20250422,   24,  340,   10,   73,10178,   99
  215,20250423,    1,    0,    0,   74,10172,   99
  215,20250423,    2,  340,   10,   61,10166,   99
  215,20250423,    3,  340,   10,   60,10159,   99
  215,20250423,    4,  340,   10,   50,10153,   99
  215,20250423,    5,  120,   20,   45,10150,   99
  215,20250423,    6,  100,   20,   92,10147,   95
  215,20250423,    7,   90,   20,  125,10144,   78
  215,20250423,    8,  100,   30,  136,10142,   75
  215,20250423,    9,  130,   40,  139,10141,   69
  215,20250423,   10,  130,   40,  139,10140,   68
  215,20250423,   11,  110,   40,  147,10138,   68
  215,20250423,   12,  120,   20,  149,10137,   67
  215,20250423,   13,  280,   40,  124,10140,   82
  215,20250423,   14,  280,   50,  112,10138,   89
  215,20250423,   15,  280,   30,  110,10138,   91
  215,20250423,   16,  300,   10,  113,10140,   92
  215,20250423,   17,  280,   10,  121,10139,   92
  215,20250423,   18,   20,   10,  129,10139,   84
  215,20250423,   19,  260,   10,  123,10144,   95
  215,20250423,   20,  340,   30,  120,10149,   91
  215,20250423,   21,  350,   30,  119,10153,   93
  215,20250423,   22,   10,   40,  119,10156,   92
  215,20250423,   23,   10,   50,  113,10157,   92
  215,20250423,   24,   20,   30,  111,10161,   91
  215,20250424,    1,   20,   40,  104,10162,   91
  215,20250424,    2,   10,   40,  102,10163,   93
  215,20250424,    3,  360,   40,  100,10164,   94
  215,20250424,    4,  360,   50,  102,10164,   93
  215,20250424,    5,  360,   50,  103,10167,   93
  215,20250424,    6,  360,   60,  105,10171,   93
  215,20250424,    7,   20,   50,  109,10175,   91
  215,20250424,    8,   10,   50,  120,10178,   88
  215,20250424,    9,  350,   50,  134,10180,   87
  215,20250424,   10,  350,   50,  121,10185,   88
  215,20250424,   11,  350,   60,  120,10187,   87
  215,20250424,   12,  360,   70,  119,10187,   90
  215,20250424,   13,  360,   60,  121,10189,   91
  215,20250424,   14,  360,   50,  118,10190,   92
  215,20250424,   15,   30,   40,  121,10191,   86
  215,20250424,   16,  360,   50,  116,10194,   91
  215,20250424,   17,   20,   40,  116,10197,   90
  215,20250424,   18,   20,   40,  110,10201,   91
  215,20250424,   19,   30,   30,  106,10209,   91
  215,20250424,   20,   30,   40,  101,10215,   86
  215,20250424,   21,   20,   40,   98,10218,   88
  215,20250424,   22,   10,   30,   97,10218,   91
  215,20250424,   23,   20,   30,   97,10220,   89
  215,20250424,   24,   20,   40,   94,10221,   88
  215,20250425,    1,   20,   30,   93,10220,   88
  215,20250425,    2,   20,   30,   91,10220,   88
  215,20250425,    3,   20,   30,   89,10219,   91
  215,20250425,    4,   10,   40,   88,10221,   91
  215,20250425,    5,   20,   50,   86,10225,   87
  215,20250425,    6,   20,   40,   88,10231,   87
  215,20250425,    7,   20,   40,   92,10232,   86
  215,20250425,    8,   10,   40,  102,10235,   82
  215,20250425,    9,   10,   40,  119,10238,   76
  215,20250425,   10,   50,   40,  124,10236,   71
  215,20250425,   11,   60,   40,  131,10233,   70
  215,20250425,   12,   60,   30,  135,10230,   62
  215,20250425,   13,  350,   50,  138,10230,   70
  215,20250425,   14,  350,   50,  136,10228,   72
  215,20250425,   15,  340,   60,  133,10227,   73
  215,20250425,   16,  340,   50,  126,10226,   73
  215,20250425,   17,  360,   40,  123,10224,   75
  215,20250425,   18,  350,   30,  113,10225,   80
  215,20250425,   19,   10,   20,   83,10228,   90
  215,20250425,   20,    0,    0,   79,10233,   96
  215,20250425,   21,   90,   20,   85,10234,   89
  215,20250425,   22,   90,   10,   69,10234,   96
  215,20250425,   23,    0,    0,   48,10235,   97
  215,20250425,   24,    0,    0,   43,10235,   98
  215,20250426,    1,   80,   30,   75,10232,   93
  215,20250426,    2,   70,   20,   68,10230,   94
  215,20250426,    3,   60,   20,   62,10227,   94
  215,20250426,    4,   70,   30,   73,10227,   93
  215,20250426,    5,   70,   20,   71,10229,   94
  215,20250426,    6,   60,   30,   89,10232,   90
  215,20250426,    7,   60,   30,  105,10233,   86
  215,20250426,    8,   60,   30,  124,10234,   82
  215,20250426,    9,   70,   30,  141,10235,   77
  215,20250426,   10,   90,   30,  155,10233,   72
  215,20250426,   11,   80,   40,  154,10231,   68
  215,20250426,   12,   70,   50,  165,10229,   60
  215,20250426,   13,   60,   50,  166,10228,   54
  215,20250426,   14,   90,   30,  175,10226,   56
  215,20250426,   15,   90,   30,  166,10225,   54
  215,20250426,   16,   80,   30,  164,10224,   52
  215,20250426,   17,   60,   20,  170,10224,   52
  215,20250426,   18,  340,   40,  141,10227,   69
  215,20250426,   19,  340,   30,  107,10231,   84
  215,20250426,   20,  340,   20,   94,10234,   90
  215,20250426,   21,  350,   30,   90,10237,   91
  215,20250426,   22,  340,   10,   89,10236,   95
  215,20250426,   23,  330,   20,   84,10237,   96
  215,20250426,   24,  330,   20,   70,10237,   98
  215,20250427,    1,  350,   20,   64,10236,   98
  215,20250427,    2,  350,   10,   59,10236,   99
  215,20250427,    3,  360,   10,   56,10237,   98
  215,20250427,    4,   10,   10,   51,10237,   98
  215,20250427,    5,   20,   10,   56,10241,   99
  215,20250427,    6,   30,   10,   98,10245,   95
  215,20250427,    7,  130,   10,  133,10250,   68
  215,20250427,    8,  150,   10,  153,10252,   62
  215,20250427,    9,  990,   10,  172,10255,   56
  215,20250427,   10,   20,   20,  183,10255,   45
  215,20250427,   11,   50,   20,  192,10254,   44
  215,20250427,   12,  320,   40,  188,10256,   57
  215,20250427,   13,  340,   50,  176,10258,   58
  215,20250427,   14,  340,   50,  175,10257,   58
  215,20250427,   15,  350,   40,  186,10255,   50
  215,20250427,   16,  350,   40,  170,10255,   64
  215,20250427,   17,  330,   50,  147,10259,   71
  215,20250427,   18,  340,   30,  140,10259,   72
  215,20250427,   19,  340,   20,  110,10263,   83
  215,20250427,   20,  300,   10,  101,10268,   87
  215,20250427,   21,  340,   10,   93,10268,   94
  215,20250427,   22,  310,   10,   81,10271,   96
  215,20250427,   23,    0,    0,   69,10271,   97
  215,20250427,   24,  290,   10,   62,10271,   99
  215,20250428,    1,  290,   10,   56,10267,   98
  215,20250428,    2,  280,   10,   48,10267,   98
  215,20250428,    3,    0,    0,   53,10269,   98
  215,20250428,    4,    0,    0,   53,10269,   98
  215,20250428,    5,    0,    0,   50,10269,   98
  215,20250428,    6,    0,    0,   92,10274,   98
  215,20250428,    7,    0,    0,  136,10278,   75
  215,20250428,    8,    0,    0,  172,10279,   55
  215,20250428,    9,   10,   20,  176,10281,   49
  215,20250428,   10,   10,   20,  184,10281,   46
  215,20250428,   11,  320,   40,  182,10278,   51
  215,20250428,   12,  320,   40,  187,10277,   54
  215,20250428,   13,  310,   40,  186,10276,   47
  215,20250428,   14,  330,   40,  185,10274,   49
  215,20250428,   15,  320,   40,  183,10272,   46
  215,20250428,   16,  340,   40,  177,10272,   50
  215,20250428,   17,  340,   40,  164,10270,   52
  215,20250428,   18,  330,   30,  146,10269,   60
  215,20250428,   19,  350,   30,  115,10273,   70
  215,20250428,   20,   10,   30,  100,10276,   72
  215,20250428,   21,  320,   10,   91,10276,   83
  215,20250428,   22,  320,   10,   82,10275,   92
  215,20250428,   23,  320,   10,   74,10276,   97
  215,20250428,   24,  340,   10,   68,10276,   96
  215,20250429,    1,  360,   10,   67,10275,   98
  215,20250429,    2,  290,   10,   64,10274,   99
  215,20250429,    3,  340,   10,   59,10274,   97
  215,20250429,    4,  360,   10,   54,10274,   98
  215,20250429,    5,  340,   10,   65,10276,   99
  215,20250429,    6,   40,   10,  111,10281,   95
  215,20250429,    7,   50,   20,  147,10282,   78
  215,20250429,    8,   50,   20,  160,10281,   75
  215,20250429,    9,   60,   20,  176,10280,   65
  215,20250429,   10,  110,   20,  188,10279,   59
  215,20250429,   11,  140,   20,  198,10275,   54
  215,20250429,   12,   40,   20,  203,10271,   46
  215,20250429,   13,  340,   40,  201,10268,   62
  215,20250429,   14,  350,   50,  197,10264,   60
  215,20250429,   15,  350,   50,  195,10259,   63
  215,20250429,   16,  310,   40,  196,10254,   63
  215,20250429,   17,  360,   50,  200,10250,   58
  215,20250429,   18,   40,   40,  189,10248,   50
  215,20250429,   19,   50,   20,  163,10251,   61
  215,20250429,   20,   50,   30,  153,10254,   70
  215,20250429,   21,   50,   30,  150,10253,   79
  215,20250429,   22,   50,   40,  146,10253,   82
  215,20250429,   23,   60,   40,  141,10252,   84
  215,20250429,   24,   70,   20,  136,10253,   86
  215,20250430,    1,   80,   30,  131,10249,   86
  215,20250430,    2,   70,   10,  123,10248,   90
  215,20250430,    3,   70,   20,  113,10246,   91
  215,20250430,    4,   80,   10,  108,10245,   95
  215,20250430,    5,   80,   10,  116,10245,   92
  215,20250430,    6,   90,   20,  144,10245,   81
  215,20250430,    7,  120,   20,  162,10246,   75
  215,20250430,    8,  120,   20,  178,10243,   68
  215,20250430,    9,  100,   10,  203,10243,   63
  215,20250430,   10,  120,   20,  213,10242,   50
  215,20250430,   11,   60,   20,  220,10238,   47
  215,20250430,   12,   70,   20,  232,10236,   44
  215,20250430,   13,  320,   40,  220,10234,   55
  215,20250430,   14,  340,   50,  219,10228,   54
  215,20250430,   15,  350,   40,  218,10222,   56
  215,20250430,   16,  350,   50,  209,10218,   58
  215,20250430,   17,  360,   40,  205,10214,   59
  215,20250430,   18,  360,   30,  188,10212,   64
  215,20250430,   19,   10,   20,  157,10214,   77
  215,20250430,   20,  340,   10,  137,10215,   91
  215,20250430,   21,  350,   10,  124,10213,   98
  215,20250430,   22,  360,   10,  116,10212,   98
  215,20250430,   23,  340,   10,  115,10212,   99
  215,20250430,   24,  270,   10,  110,10209,   99
  215,20250501,    1,  340,   10,  103,10207,   99
  215,20250501,    2,  340,   10,   99,10205,   98
  215,20250501,    3,  340,   10,   92,10200,   97
  215,20250501,    4,    0,    0,   86,10198,   99
  215,20250501,    5,  200,   10,   94,10198,   98
  215,20250501,    6,  110,   10,  141,10198,   98
  215,20250501,    7,  120,   10,  179,10196,   75
  215,20250501,    8,  130,   20,  205,10195,   67
  215,20250501,    9,  160,   30,  225,10193,   60
  215,20250501,   10,  140,   30,  240,10188,   46
  215,20250501,   11,  130,   30,  252,10185,   42
  215,20250501,   12,  140,   20,  259,10179,   43
  215,20250501,   13,  280,   40,  257,10176,   37
  215,20250501,   14,  320,   40,  238,10170,   51
  215,20250501,   15,  330,   30,  227,10165,   58
  215,20250501,   16,  340,   30,  235,10161,   51
  215,20250501,   17,  330,   30,  223,10156,   53
  215,20250501,   18,  330,   30,  189,10153,   63
  215,20250501,   19,  340,   20,  164,10154,   69
  215,20250501,   20,  330,   10,  149,10156,   83
  215,20250501,   21,  220,   10,  139,10154,   91
  215,20250501,   22,  220,   10,  135,10151,   91
  215,20250501,   23,  200,   10,  121,10151,   94
  215,20250501,   24,    0,    0,  124,10149,   95
  215,20250502,    1,    0,    0,  119,10146,   97
  215,20250502,    2,    0,    0,  114,10142,   98
  215,20250502,    3,  220,   10,  110,10139,   99
  215,20250502,    4,  180,   10,  106,10135,   99
  215,20250502,    5,  340,   30,  145,10142,   77
  215,20250502,    6,  990,   10,  147,10141,   86
  215,20250502,    7,  200,   10,  181,10141,   71
  215,20250502,    8,  160,   20,  196,10138,   66
  215,20250502,    9,  300,   10,  208,10137,   54
  215,20250502,   10,  320,   40,  194,10143,   60
  215,20250502,   11,  330,   50,  162,10154,   76
  215,20250502,   12,  340,   50,  182,10151,   69
  215,20250502,   13,  340,   50,  193,10151,   65
  215,20250502,   14,  330,   50,  176,10149,   74
  215,20250502,   15,  330,   50,  176,10146,   74
  215,20250502,   16,  320,   30,  176,10149,   72
  215,20250502,   17,  330,   50,  147,10152,   84
  215,20250502,   18,  340,   50,  142,10150,   86
  215,20250502,   19,  340,   40,  131,10150,   89
  215,20250502,   20,  340,   30,  123,10155,   92
  215,20250502,   21,   30,   20,  128,10153,   90
  215,20250502,   22,   30,   40,  127,10154,   81
  215,20250502,   23,   30,   30,  119,10155,   80
  215,20250502,   24,   40,   20,  114,10156,   76
  215,20250503,    1,   50,   10,  104,10154,   78
  215,20250503,    2,   70,   20,   99,10147,   72
  215,20250503,    3,   50,   20,   93,10142,   73
  215,20250503,    4,   80,   10,   84,10139,   85
  215,20250503,    5,   60,   20,   93,10135,   80
  215,20250503,    6,   80,   20,  115,10134,   73
  215,20250503,    7,   80,   30,  128,10128,   66
  215,20250503,    8,   80,   20,  144,10124,   64
  215,20250503,    9,  100,   30,  151,10118,   54
  215,20250503,   10,  360,   20,  163,10118,   53
  215,20250503,   11,  320,   60,  158,10114,   56
  215,20250503,   12,  330,   60,  158,10115,   56
  215,20250503,   13,  330,   50,  156,10113,   52
  215,20250503,   14,  320,   60,  151,10113,   57
  215,20250503,   15,  320,   60,  146,10113,   60
  215,20250503,   16,  320,   60,  130,10114,   73
  215,20250503,   17,  340,   70,  117,10114,   84
  215,20250503,   18,  340,   80,  110,10119,   79
  215,20250503,   19,  340,   70,  103,10126,   74
  215,20250503,   20,  340,   70,  101,10131,   72
  215,20250503,   21,  330,   60,  103,10134,   75
  215,20250503,   22,  330,   70,  101,10134,   78
  215,20250503,   23,  330,   50,   93,10136,   78
  215,20250503,   24,  330,   50,  102,10139,   75
  215,20250504,    1,  330,   40,  101,10140,   79
  215,20250504,    2,  340,   60,   99,10139,   78
  215,20250504,    3,  350,   70,  101,10138,   79
  215,20250504,    4,  360,   50,   95,10139,   84
  215,20250504,    5,  360,   60,   98,10142,   79
  215,20250504,    6,  340,   50,   98,10146,   72
  215,20250504,    7,  360,   60,  102,10147,   71
  215,20250504,    8,  350,   60,  113,10150,   64
  215,20250504,    9,  340,   70,  112,10153,   62
  215,20250504,   10,  350,   60,  114,10156,   63
  215,20250504,   11,  360,   80,  121,10157,   65
  215,20250504,   12,  350,   70,  117,10158,   67
  215,20250504,   13,  350,   80,  117,10161,   61
  215,20250504,   14,  340,   80,  116,10161,   62
  215,20250504,   15,  340,   70,  113,10161,   62
  215,20250504,   16,  340,   70,   98,10163,   68
  215,20250504,   17,  350,   70,  103,10162,   66
  215,20250504,   18,  350,   60,   86,10166,   69
  215,20250504,   19,  350,   60,   83,10165,   72
  215,20250504,   20,  360,   50,   78,10167,   70
  215,20250504,   21,  350,   50,   80,10167,   68
  215,20250504,   22,  350,   40,   74,10169,   67
  215,20250504,   23,   30,   20,   72,10170,   71
  215,20250504,   24,    0,    0,   58,10168,   86
  215,20250505,    1,  220,   10,   42,10168,   92
  215,20250505,    2,  990,   10,   42,10168,   93
  215,20250505,    3,   60,   20,   64,10171,   89
  215,20250505,    4,    0,    0,   47,10172,   95
  215,20250505,    5,    0,    0,   47,10176,   99
  215,20250505,    6,   60,   20,   81,10180,   77
  215,20250505,    7,   70,   30,   98,10186,   68
  215,20250505,    8,   50,   40,  102,10188,   70
  215,20250505,    9,   20,   40,  101,10195,   77
  215,20250505,   10,   50,   70,  112,10199,   58
  215,20250505,   11,   50,   60,  129,10199,   57
  215,20250505,   12,   30,   50,  134,10197,   46
  215,20250505,   13,   40,   50,  146,10196,   43
  215,20250505,   14,   40,   70,  138,10196,   43
  215,20250505,   15,   40,   70,  139,10194,   44
  215,20250505,   16,   30,   70,  135,10195,   46
  215,20250505,   17,   30,   80,  122,10200,   46
  215,20250505,   18,   30,   70,  113,10206,   48
  215,20250505,   19,   30,   70,   97,10211,   52
  215,20250505,   20,   20,   60,   84,10217,   59
  215,20250505,   21,   10,   40,   76,10221,   65
  215,20250505,   22,   20,   40,   67,10222,   71
  215,20250505,   23,   10,   40,   62,10223,   72
  215,20250505,   24,   20,   40,   63,10223,   76
  215,20250506,    1,   20,   40,   58,10222,   80
  215,20250506,    2,   20,   40,   53,10222,   83
  215,20250506,    3,   30,   30,   55,10224,   82
  215,20250506,    4,   20,   30,   43,10224,   86
  215,20250506,    5,   30,   30,   59,10227,   82
  215,20250506,    6,   30,   40,   86,10230,   66
  215,20250506,    7,   20,   50,  101,10233,   60
  215,20250506,    8,   20,   50,  104,10234,   59
  215,20250506,    9,   50,   50,  110,10234,   60
  215,20250506,   10,  360,   50,  116,10235,   70
  215,20250506,   11,  340,   50,  107,10234,   76
  215,20250506,   12,  340,   60,  105,10231,   84
  215,20250506,   13,  360,   70,  114,10225,   77
  215,20250506,   14,  360,   70,  117,10224,   79
  215,20250506,   15,  360,   70,  114,10225,   77
  215,20250506,   16,  360,   70,  112,10228,   79
  215,20250506,   17,  360,   70,  107,10230,   74
  215,20250506,   18,   10,   50,  103,10228,   77
  215,20250506,   19,   20,   40,  104,10228,   74
  215,20250506,   20,   20,   50,   97,10231,   85
  215,20250506,   21,   10,   40,  100,10231,   82
  215,20250506,   22,   30,   40,   91,10232,   76
  215,20250506,   23,   30,   40,   93,10232,   73
  215,20250506,   24,   40,   40,   89,10230,   76
  215,20250507,    1,   30,   30,   88,10228,   78
  215,20250507,    2,   20,   30,   88,10226,   77
  215,20250507,    3,   20,   40,   84,10225,   71
  215,20250507,    4,   20,   40,   83,10226,   70
  215,20250507,    5,   10,   40,   83,10227,   72
  215,20250507,    6,  360,   40,   91,10226,   72
  215,20250507,    7,   20,   50,   97,10227,   70
  215,20250507,    8,   20,   40,  102,10229,   70
  215,20250507,    9,   10,   40,  111,10227,   70
  215,20250507,   10,  360,   40,  115,10225,   70
  215,20250507,   11,  360,   40,  121,10223,   72
  215,20250507,   12,  350,   60,  130,10219,   72
  215,20250507,   13,  350,   60,  141,10214,   68
  215,20250507,   14,  350,   70,  127,10212,   75
  215,20250507,   15,  350,   70,  131,10207,   72
  215,20250507,   16,  360,   70,  126,10204,   75
  215,20250507,   17,  350,   80,  112,10204,   78
  215,20250507,   18,  360,   60,  114,10204,   77
  215,20250507,   19,   20,   50,  111,10205,   74
  215,20250507,   20,   10,   40,   97,10208,   79
  215,20250507,   21,   10,   40,   85,10209,   84
  215,20250507,   22,   10,   40,   82,10209,   87
  215,20250507,   23,   10,   40,   84,10208,   88
  215,20250507,   24,  360,   30,   73,10205,   92
  215,20250508,    1,   10,   30,   74,10200,   93
  215,20250508,    2,   10,   30,   74,10197,   93
  215,20250508,    3,   20,   20,   76,10194,   92
  215,20250508,    4,   10,   30,   69,10192,   93
  215,20250508,    5,  360,   20,   72,10195,   93
  215,20250508,    6,   10,   30,   88,10197,   89
  215,20250508,    7,   30,   30,  110,10197,   85
  215,20250508,    8,   30,   50,  127,10196,   78
  215,20250508,    9,  360,   40,  145,10195,   73
  215,20250508,   10,   30,   40,  161,10195,   64
  215,20250508,   11,  350,   60,  132,10192,   78
  215,20250508,   12,  350,   50,  155,10190,   78
  215,20250508,   13,  350,   60,  138,10190,   81
  215,20250508,   14,  340,   60,  153,10186,   73
  215,20250508,   15,  350,   60,  158,10184,   71
  215,20250508,   16,  330,   50,  167,10180,   58
  215,20250508,   17,   60,   40,  176,10181,   33
  215,20250508,   18,   80,   60,  158,10184,   41
  215,20250508,   19,   60,   40,  142,10186,   48
  215,20250508,   20,   20,   30,  118,10192,   68
  215,20250508,   21,   50,   40,  126,10196,   60
  215,20250508,   22,   80,   40,  119,10198,   50
  215,20250508,   23,   70,   30,  106,10201,   53
  215,20250508,   24,   70,   30,  102,10202,   55
  215,20250509,    1,   70,   30,   97,10203,   56
  215,20250509,    2,   70,   30,   88,10205,   63
  215,20250509,    3,   70,   30,   84,10207,   64
  215,20250509,    4,   60,   20,   70,10209,   74
  215,20250509,    5,   70,   20,   88,10212,   72
  215,20250509,    6,   60,   30,  112,10215,   66
  215,20250509,    7,   80,   30,  139,10220,   55
  215,20250509,    8,   90,   40,  155,10222,   48
  215,20250509,    9,   80,   60,  164,10221,   40
  215,20250509,   10,   70,   60,  170,10219,   38
  215,20250509,   11,   90,   50,  178,10218,   39
  215,20250509,   12,   80,   40,  182,10215,   39
  215,20250509,   13,   80,   50,  183,10212,   40
  215,20250509,   14,   60,   50,  187,10208,   38
  215,20250509,   15,   60,   60,  187,10206,   39
  215,20250509,   16,   60,   60,  187,10204,   38
  215,20250509,   17,   50,   60,  183,10201,   38
  215,20250509,   18,   70,   50,  174,10201,   43
  215,20250509,   19,   50,   60,  160,10205,   52
  215,20250509,   20,   40,   40,  145,10212,   58
  215,20250509,   21,   50,   50,  133,10216,   64
  215,20250509,   22,   60,   50,  127,10219,   69
  215,20250509,   23,   60,   40,  123,10220,   64
  215,20250509,   24,   60,   40,  112,10219,   66
  215,20250510,    1,   70,   40,  110,10218,   66
  215,20250510,    2,   80,   40,  106,10216,   69
  215,20250510,    3,   70,   20,   94,10217,   73
  215,20250510,    4,   70,   30,   89,10215,   75
  215,20250510,    5,   80,   20,  101,10216,   70
  215,20250510,    6,   80,   30,  116,10219,   65
  215,20250510,    7,  100,   20,  136,10218,   60
  215,20250510,    8,  110,   30,  166,10216,   53
  215,20250510,    9,   90,   30,  183,10214,   48
  215,20250510,   10,  120,   40,  194,10211,   38
  215,20250510,   11,  100,   40,  203,10205,   36
  215,20250510,   12,  110,   50,  205,10199,   35
  215,20250510,   13,   90,   50,  210,10192,   33
  215,20250510,   14,   90,   50,  214,10185,   34
  215,20250510,   15,   90,   50,  216,10179,   34
  215,20250510,   16,   90,   60,  214,10175,   37
  215,20250510,   17,   70,   50,  208,10170,   38
  215,20250510,   18,   70,   30,  197,10169,   43
  215,20250510,   19,   70,   40,  185,10169,   45
  215,20250510,   20,   70,   50,  172,10173,   48
  215,20250510,   21,   80,   50,  163,10173,   49
  215,20250510,   22,   70,   40,  154,10173,   54
  215,20250510,   23,   80,   50,  146,10174,   59
  215,20250510,   24,   80,   40,  134,10174,   62
  215,20250511,    1,   80,   40,  126,10171,   64
  215,20250511,    2,   80,   40,  122,10167,   67
  215,20250511,    3,   80,   30,  112,10162,   73
  215,20250511,    4,   60,   10,   99,10159,   78
  215,20250511,    5,   70,   20,  113,10156,   74
  215,20250511,    6,   90,   40,  136,10152,   67
  215,20250511,    7,  110,   40,  152,10153,   61
  215,20250511,    8,  110,   40,  179,10149,   51
  215,20250511,    9,  110,   50,  197,10146,   45
  215,20250511,   10,  110,   60,  211,10141,   37
  215,20250511,   11,  120,   70,  223,10137,   34
  215,20250511,   12,  130,   60,  234,10132,   33
  215,20250511,   13,  150,   50,  238,10128,   27
  215,20250511,   14,  140,   50,  242,10124,   27
  215,20250511,   15,  150,   50,  245,10119,   25
  215,20250511,   16,  140,   50,  241,10116,   26
  215,20250511,   17,  100,   50,  235,10114,   28
  215,20250511,   18,  100,   40,  222,10111,   33
  215,20250511,   19,  100,   20,  196,10111,   45
  215,20250511,   20,   80,   10,  176,10114,   50
  215,20250511,   21,   80,   30,  175,10116,   53
  215,20250511,   22,   80,   30,  171,10117,   55
  215,20250511,   23,   90,   40,  172,10118,   55
  215,20250511,   24,  100,   30,  163,10117,   58
  215,20250512,    1,   90,   30,  143,10117,   68
  215,20250512,    2,  100,   40,  147,10118,   62
  215,20250512,    3,  100,   40,  138,10119,   66
  215,20250512,    4,  110,   40,  130,10119,   69
  215,20250512,    5,  110,   40,  138,10122,   67
  215,20250512,    6,  110,   40,  153,10125,   63
  215,20250512,    7,  110,   40,  171,10128,   58
  215,20250512,    8,  100,   40,  188,10131,   53
  215,20250512,    9,  100,   50,  202,10132,   51
  215,20250512,   10,   90,   50,  218,10132,   46
  215,20250512,   11,  100,   70,  229,10131,   37
  215,20250512,   12,  110,   60,  238,10131,   37
  215,20250512,   13,  110,   50,  240,10131,   37
  215,20250512,   14,  110,   60,  240,10131,   34
  215,20250512,   15,  100,   50,  240,10128,   34
  215,20250512,   16,   80,   50,  234,10129,   33
  215,20250512,   17,   80,   60,  228,10129,   32
  215,20250512,   18,   70,   60,  218,10132,   34
  215,20250512,   19,   70,   50,  201,10138,   38
  215,20250512,   20,   70,   50,  188,10146,   40
  215,20250512,   21,   70,   40,  177,10152,   44
  215,20250512,   22,   80,   40,  165,10157,   45
  215,20250512,   23,   80,   40,  153,10160,   47
  215,20250512,   24,   80,   40,  145,10162,   49
  215,20250513,    1,   70,   30,  135,10166,   53
  215,20250513,    2,   70,   40,  130,10169,   56
  215,20250513,    3,   70,   40,  122,10171,   60
  215,20250513,    4,   80,   50,  116,10174,   61
  215,20250513,    5,   70,   40,  121,10180,   59
  215,20250513,    6,   90,   40,  133,10184,   57
  215,20250513,    7,   90,   40,  154,10187,   51
  215,20250513,    8,   90,   60,  171,10189,   43
  215,20250513,    9,   90,   70,  187,10189,   39
  215,20250513,   10,   90,   70,  196,10189,   35
  215,20250513,   11,  100,   60,  204,10190,   30
  215,20250513,   12,   80,   50,  214,10188,   33
  215,20250513,   13,   80,   60,  215,10185,   30
  215,20250513,   14,  100,   50,  218,10183,   29
  215,20250513,   15,   80,   40,  221,10179,   30
  215,20250513,   16,   50,   50,  216,10178,   32
  215,20250513,   17,   50,   50,  213,10175,   31
  215,20250513,   18,   40,   50,  201,10177,   34
  215,20250513,   19,   40,   30,  186,10178,   38
  215,20250513,   20,   30,   50,  171,10182,   60
  215,20250513,   21,   40,   50,  157,10186,   62
  215,20250513,   22,   40,   40,  146,10189,   66
  215,20250513,   23,   40,   30,  136,10192,   72
  215,20250513,   24,   50,   40,  131,10190,   75
  215,20250514,    1,   60,   30,  121,10190,   77
  215,20250514,    2,   60,   30,  116,10192,   79
  215,20250514,    3,   50,   20,  113,10191,   80
  215,20250514,    4,   50,   20,  109,10191,   82
  215,20250514,    5,   60,   30,  120,10193,   78
  215,20250514,    6,   60,   30,  140,10195,   69
  215,20250514,    7,   50,   30,  161,10197,   65
  215,20250514,    8,   30,   30,  161,10200,   64
  215,20250514,    9,   30,   30,  170,10202,   62
  215,20250514,   10,  350,   40,  172,10203,   65
  215,20250514,   11,  350,   50,  171,10204,   66
  215,20250514,   12,  350,   70,  171,10204,   61
  215,20250514,   13,  350,   70,  166,10204,   59
  215,20250514,   14,  340,   60,  159,10205,   63
  215,20250514,   15,  350,   80,  140,10206,   73
  215,20250514,   16,  350,   60,  141,10204,   69
  215,20250514,   17,  350,   70,  130,10204,   72
  215,20250514,   18,  350,   70,  121,10202,   76
  215,20250514,   19,  340,   50,  111,10201,   79
  215,20250514,   20,  350,   60,  108,10203,   77
  215,20250514,   21,  350,   60,  106,10202,   74
  215,20250514,   22,  340,   60,  110,10201,   73
  215,20250514,   23,  350,   60,  112,10198,   73
  215,20250514,   24,  350,   50,  114,10199,   75
  215,20250515,    1,  350,   50,  114,10195,   77
  215,20250515,    2,  350,   60,  114,10194,   76
  215,20250515,    3,  360,   50,  112,10194,   76
  215,20250515,    4,   10,   60,  111,10194,   74
  215,20250515,    5,   10,   50,  112,10197,   76
  215,20250515,    6,   20,   40,  113,10201,   77
  215,20250515,    7,   10,   50,  122,10203,   73
  215,20250515,    8,   30,   50,  133,10208,   68
  215,20250515,    9,  340,   50,  138,10210,   73
  215,20250515,   10,  340,   50,  152,10212,   71
  215,20250515,   11,  340,   60,  160,10214,   70
  215,20250515,   12,  350,   80,  162,10216,   67
  215,20250515,   13,  350,   80,  173,10214,   52
  215,20250515,   14,  350,   80,  178,10215,   43
  215,20250515,   15,  350,   80,  169,10217,   45
  215,20250515,   16,  350,   90,  156,10221,   47
  215,20250515,   17,   10,   60,  160,10223,   41
  215,20250515,   18,   20,   70,  145,10226,   48
  215,20250515,   19,   30,   40,  126,10234,   59
  215,20250515,   20,   20,   60,  112,10238,   62
  215,20250515,   21,   20,   50,  101,10243,   69
  215,20250515,   22,   20,   40,   94,10244,   77
  215,20250515,   23,   10,   30,   84,10245,   84
  215,20250515,   24,   20,   30,   79,10243,   85
  215,20250516,    1,   20,   20,   74,10242,   86
  215,20250516,    2,  350,   20,   64,10240,   91
  215,20250516,    3,  290,   10,   49,10239,   94
  215,20250516,    4,  280,   10,   40,10237,   98
  215,20250516,    5,  320,   10,   71,10236,   98
  215,20250516,    6,  350,   40,  120,10234,   74
  215,20250516,    7,  330,   50,  122,10233,   69
  215,20250516,    8,  330,   50,  121,10231,   72
  215,20250516,    9,  330,   60,  128,10234,   70
  215,20250516,   10,  330,   60,  131,10233,   69
  215,20250516,   11,  330,   70,  136,10232,   70
  215,20250516,   12,  320,   60,  133,10231,   69
  215,20250516,   13,  340,   70,  126,10229,   71
  215,20250516,   14,  340,   60,  123,10224,   72
  215,20250516,   15,  330,   60,  120,10220,   76
  215,20250516,   16,  340,   60,  117,10216,   77
  215,20250516,   17,  340,   60,  117,10213,   76
  215,20250516,   18,  340,   50,  117,10212,   78
  215,20250516,   19,  340,   50,  116,10209,   76
  215,20250516,   20,  350,   50,  118,10210,   77
  215,20250516,   21,  350,   40,  113,10211,   78
  215,20250516,   22,   10,   30,   94,10209,   87
  215,20250516,   23,  360,   40,  101,10208,   89
  215,20250516,   24,   10,   50,  104,10206,   87
  215,20250517,    1,  360,   30,   99,10206,   90
  215,20250517,    2,   10,   30,   93,10203,   92
  215,20250517,    3,  350,   40,  100,10202,   93
  215,20250517,    4,  360,   30,   96,10203,   94
  215,20250517,    5,   10,   40,  110,10205,   93
  215,20250517,    6,   10,   50,  121,10207,   87
  215,20250517,    7,  360,   50,  134,10209,   81
  215,20250517,    8,  350,   50,  143,10208,   77
  215,20250517,    9,  350,   60,  147,10208,   76
  215,20250517,   10,  350,   70,  146,10210,   73
  215,20250517,   11,  340,   60,  144,10210,   73
  215,20250517,   12,  330,   60,  142,10207,   74
  215,20250517,   13,  330,   70,  138,10206,   73
  215,20250517,   14,  320,   70,  140,10205,   73
  215,20250517,   15,  330,   70,  125,10203,   76
  215,20250517,   16,  320,   60,  120,10199,   78
  215,20250517,   17,  320,   60,  112,10197,   78
  215,20250517,   18,  330,   50,  109,10194,   79
  215,20250517,   19,  320,   40,  109,10190,   83
  215,20250517,   20,  310,   40,  117,10188,   82
  215,20250517,   21,  330,   50,  117,10188,   81
  215,20250517,   22,  330,   50,  115,10185,   83
  215,20250517,   23,  330,   40,  114,10186,   84
  215,20250517,   24,  320,   50,  111,10184,   82
  215,20250518,    1,  330,   50,  111,10181,   80
  215,20250518,    2,  330,   40,  110,10179,   84
  215,20250518,    3,  330,   40,  109,10176,   84
  215,20250518,    4,  320,   30,  110,10176,   81
  215,20250518,    5,  350,   30,  110,10178,   77
  215,20250518,    6,  350,   30,  117,10181,   74
  215,20250518,    7,  360,   30,  119,10181,   75
  215,20250518,    8,  330,   30,  125,10184,   77
  215,20250518,    9,  320,   40,  124,10188,   79
  215,20250518,   10,  350,   30,  136,10187,   78
  215,20250518,   11,  320,   40,  140,10185,   75
  215,20250518,   12,  300,   40,  159,10183,   73
  215,20250518,   13,  330,   60,  151,10184,   71
  215,20250518,   14,  330,   60,  152,10185,   74
  215,20250518,   15,  330,   60,  149,10184,   77
  215,20250518,   16,  330,   60,  143,10182,   80
  215,20250518,   17,  340,   60,  140,10183,   79
  215,20250518,   18,  340,   50,  134,10185,   82
  215,20250518,   19,  340,   50,  123,10189,   87
  215,20250518,   20,  350,   40,  116,10194,   89
  215,20250518,   21,  350,   40,  114,10196,   90
  215,20250518,   22,   10,   30,  111,10196,   92
  215,20250518,   23,   10,   30,  108,10199,   93
  215,20250518,   24,   20,   30,  103,10199,   92
  215,20250519,    1,   20,   20,   92,10200,   94
  215,20250519,    2,  360,   20,   71,10201,   96
  215,20250519,    3,  350,   20,   65,10203,   98
  215,20250519,    4,  360,   10,   66,10204,   99
  215,20250519,    5,   30,   20,   97,10206,   94
  215,20250519,    6,   60,   30,  127,10207,   84
  215,20250519,    7,   70,   30,  143,10210,   74
  215,20250519,    8,   50,   30,  156,10212,   63
  215,20250519,    9,   70,   30,  175,10213,   53
  215,20250519,   10,   50,   30,  181,10212,   51
  215,20250519,   11,   60,   40,  186,10211,   40
  215,20250519,   12,  340,   60,  173,10207,   66
  215,20250519,   13,  340,   70,  177,10202,   61
  215,20250519,   14,  340,   70,  182,10200,   56
  215,20250519,   15,  360,   60,  188,10196,   53
  215,20250519,   16,  350,   60,  189,10192,   51
  215,20250519,   17,  350,   50,  181,10191,   59
  215,20250519,   18,  360,   50,  170,10192,   65
  215,20250519,   19,  350,   40,  154,10194,   74
  215,20250519,   20,  360,   30,  133,10198,   84
  215,20250519,   21,   20,   20,  134,10201,   71
  215,20250519,   22,   20,   30,  122,10200,   77
  215,20250519,   23,   10,   20,  113,10199,   84
  215,20250519,   24,  350,   20,   96,10199,   93
  215,20250520,    1,  360,   10,   90,10199,   95
  215,20250520,    2,   10,   20,   91,10197,   96
  215,20250520,    3,  350,   20,   87,10195,   96
  215,20250520,    4,   10,   20,   83,10193,   97
  215,20250520,    5,   10,   30,  112,10194,   87
  215,20250520,    6,   40,   20,  145,10195,   67
  215,20250520,    7,  360,   30,  160,10198,   53
  215,20250520,    8,  350,   40,  167,10200,   61
  215,20250520,    9,  340,   50,  173,10199,   57
  215,20250520,   10,  330,   50,  171,10199,   62
  215,20250520,   11,  340,   60,  177,10198,   56
  215,20250520,   12,  340,   50,  173,10196,   67
  215,20250520,   13,  330,   70,  154,10195,   73
  215,20250520,   14,  330,   70,  150,10196,   75
  215,20250520,   15,  350,   70,  149,10192,   73
  215,20250520,   16,  340,   60,  145,10190,   76
  215,20250520,   17,  330,   60,  137,10188,   78
  215,20250520,   18,  340,   50,  134,10186,   80
  215,20250520,   19,  340,   40,  122,10185,   86
  215,20250520,   20,  330,   40,  112,10185,   90
  215,20250520,   21,  330,   40,  104,10184,   92
  215,20250520,   22,  330,   30,   97,10182,   94
  215,20250520,   23,  310,   10,   96,10178,   96
  215,20250520,   24,  230,   10,   67,10175,   96
  215,20250521,    1,  220,   10,   68,10170,   97
  215,20250521,    2,  220,   10,   68,10164,   97
  215,20250521,    3,  230,   10,   67,10161,   98
  215,20250521,    4,  300,   20,   92,10159,   96
  215,20250521,    5,  300,   20,  110,10158,   92
  215,20250521,    6,  290,   30,  129,10158,   85
  215,20250521,    7,  280,   50,  135,10157,   75
  215,20250521,    8,  300,   40,  140,10156,   71
  215,20250521,    9,  290,   50,  154,10154,   69
  215,20250521,   10,  310,   50,  148,10156,   75
  215,20250521,   11,  330,   50,  144,10156,   79
  215,20250521,   12,  310,   50,  136,10155,   77
  215,20250521,   13,  320,   60,  143,10153,   70
  215,20250521,   14,  330,   60,  132,10152,   72
  215,20250521,   15,  330,   60,  122,10153,   69
  215,20250521,   16,  340,   70,  122,10148,   67
  215,20250521,   17,  340,   70,  121,10145,   66
  215,20250521,   18,  350,   60,  123,10145,   64
  215,20250521,   19,  340,   40,  117,10148,   67
  215,20250521,   20,  340,   50,  115,10151,   67
  215,20250521,   21,  350,   40,  109,10151,   68
  215,20250521,   22,  350,   40,  105,10150,   72
  215,20250521,   23,  350,   40,  100,10151,   76
  215,20250521,   24,  350,   40,   99,10151,   75
  215,20250522,    1,  340,   40,  103,10150,   73
  215,20250522,    2,  340,   40,  108,10148,   70
  215,20250522,    3,  330,   40,  106,10146,   70
  215,20250522,    4,  340,   50,  107,10147,   72
  215,20250522,    5,  330,   50,  111,10148,   65
  215,20250522,    6,  350,   70,  111,10154,   62
  215,20250522,    7,  360,   70,  118,10160,   61
  215,20250522,    8,  340,   80,  122,10164,   55
  215,20250522,    9,  330,   70,  128,10166,   50
  215,20250522,   10,  330,   70,  132,10170,   52
  215,20250522,   11,  340,   80,  134,10172,   55
  215,20250522,   12,  330,   90,  125,10173,   57
  215,20250522,   13,  330,   70,  131,10175,   54
  215,20250522,   14,  320,   80,  132,10176,   53
  215,20250522,   15,  330,   70,  131,10179,   53
  215,20250522,   16,  330,   70,  114,10180,   60
  215,20250522,   17,  320,   70,  121,10181,   52
  215,20250522,   18,  330,   60,  116,10182,   56
  215,20250522,   19,  320,   50,  104,10183,   63
  215,20250522,   20,  320,   50,  102,10184,   61
  215,20250522,   21,  320,   40,  100,10183,   63
  215,20250522,   22,  300,   50,   93,10182,   70
  215,20250522,   23,  300,   60,   94,10178,   74
  215,20250522,   24,  310,   50,   99,10177,   66
  215,20250523,    1,  320,   60,   80,10175,   80
  215,20250523,    2,  320,   40,   91,10171,   74
  215,20250523,    3,  300,   60,   95,10170,   70
  215,20250523,    4,  310,   60,   91,10170,   70
  215,20250523,    5,  320,   50,   97,10170,   69
  215,20250523,    6,  310,   60,   99,10173,   70
  215,20250523,    7,  320,   70,  113,10174,   60
  215,20250523,    8,  310,   70,  116,10178,   63
  215,20250523,    9,  300,   60,   99,10181,   70
  215,20250523,   10,  310,   70,  122,10181,   63
  215,20250523,   11,  300,   80,  130,10181,   57
  215,20250523,   12,  300,   70,  123,10183,   57
  215,20250523,   13,  310,   70,  123,10185,   57
  215,20250523,   14,  310,   70,  133,10185,   56
  215,20250523,   15,  320,   80,  125,10186,   58
  215,20250523,   16,  320,   60,  125,10184,   58
  215,20250523,   17,  300,   60,  121,10184,   56
  215,20250523,   18,  310,   40,  117,10185,   58
  215,20250523,   19,  270,   40,  107,10186,   62
  215,20250523,   20,  250,   30,   87,10187,   75
  215,20250523,   21,  210,   10,   67,10183,   91
  215,20250523,   22,  180,   20,   60,10178,   91
  215,20250523,   23,  190,   20,   67,10172,   89
  215,20250523,   24,  180,   30,   79,10165,   86
  215,20250524,    1,  200,   40,   84,10156,   84
  215,20250524,    2,  210,   40,   94,10149,   77
  215,20250524,    3,  200,   40,   99,10143,   71
  215,20250524,    4,  210,   50,  105,10137,   67
  215,20250524,    5,  200,   40,  110,10133,   69
  215,20250524,    6,  210,   50,  121,10130,   72
  215,20250524,    7,  220,   30,  137,10127,   78
  215,20250524,    8,  240,   60,  148,10126,   77
  215,20250524,    9,  220,   50,  138,10129,   87
  215,20250524,   10,  200,   60,  133,10125,   89
  215,20250524,   11,  210,   70,  129,10121,   89
  215,20250524,   12,  200,   70,  128,10116,   91
  215,20250524,   13,  190,   60,  128,10114,   93
  215,20250524,   14,  200,   40,  133,10110,   94
  215,20250524,   15,  240,   40,  147,10107,   93
  215,20250524,   16,  240,   50,  155,10105,   90
  215,20250524,   17,  230,   50,  159,10105,   89
  215,20250524,   18,  230,   50,  158,10104,   89
  215,20250524,   19,  220,   70,  149,10103,   90
  215,20250524,   20,  220,   70,  146,10105,   92
  215,20250524,   21,  220,   70,  146,10101,   92
  215,20250524,   22,  220,   60,  147,10100,   92
  215,20250524,   23,  220,   70,  144,10099,   92
  215,20250524,   24,  230,   70,  143,10097,   91
  215,20250525,    1,  220,   60,  142,10090,   92
  215,20250525,    2,  220,   60,  145,10084,   90
  215,20250525,    3,  240,   80,  148,10079,   85
  215,20250525,    4,  230,   80,  141,10078,   88
  215,20250525,    5,  230,   70,  139,10076,   90
  215,20250525,    6,  230,   70,  138,10074,   93
  215,20250525,    7,  240,   70,  145,10072,   91
  215,20250525,    8,  230,   70,  150,10072,   88
  215,20250525,    9,  240,   70,  161,10070,   86
  215,20250525,   10,  240,   80,  163,10073,   81
  215,20250525,   11,  250,  100,  172,10079,   75
  215,20250525,   12,  250,  100,  177,10082,   71
  215,20250525,   13,  250,   80,  169,10086,   74
  215,20250525,   14,  250,   90,  174,10089,   71
  215,20250525,   15,  260,   80,  159,10097,   79
  215,20250525,   16,  280,   50,  156,10103,   81
  215,20250525,   17,  260,   30,  162,10106,   69
  215,20250525,   18,  230,   30,  163,10109,   73
  215,20250525,   19,  290,   20,  147,10114,   78
  215,20250525,   20,  200,   20,  135,10118,   81
  215,20250525,   21,  220,   40,  146,10119,   75
  215,20250525,   22,  220,   30,  145,10122,   76
  215,20250525,   23,  220,   30,  139,10123,   82
  215,20250525,   24,  230,   40,  143,10124,   78
  215,20250526,    1,  250,   50,  140,10125,   74
  215,20250526,    2,  260,   50,  133,10130,   76
  215,20250526,    3,  250,   60,  133,10133,   74
  215,20250526,    4,  260,   50,  125,10136,   78
  215,20250526,    5,  260,   50,  132,10143,   78
  215,20250526,    6,  260,   70,  139,10149,   74
  215,20250526,    7,  260,   70,  137,10154,   73
  215,20250526,    8,  260,   70,  144,10160,   71
  215,20250526,    9,  250,   60,  152,10164,   71
  215,20250526,   10,  260,   70,  144,10167,   69
  215,20250526,   11,  250,   60,  158,10169,   59
  215,20250526,   12,  250,   80,  162,10170,   57
  215,20250526,   13,  250,   70,  169,10168,   52
  215,20250526,   14,  250,   70,  167,10167,   56
  215,20250526,   15,  240,   80,  169,10168,   55
  215,20250526,   16,  250,   80,  168,10166,   55
  215,20250526,   17,  250,   90,  156,10164,   58
  215,20250526,   18,  230,   70,  155,10161,   58
  215,20250526,   19,  230,   80,  150,10161,   63
  215,20250526,   20,  230,   80,  149,10159,   64
  215,20250526,   21,  230,   80,  148,10158,   65
  215,20250526,   22,  230,   80,  146,10154,   65
  215,20250526,   23,  220,   80,  145,10148,   66
  215,20250526,   24,  220,   80,  128,10145,   84
  215,20250527,    1,  200,   70,  127,10138,   84
  215,20250527,    2,  210,   80,  130,10133,   78
  215,20250527,    3,  210,   80,  134,10127,   78
  215,20250527,    4,  220,   80,  132,10123,   83
  215,20250527,    5,  220,   70,  131,10123,   87
  215,20250527,    6,  220,   80,  131,10125,   90
  215,20250527,    7,  210,   70,  134,10127,   94
  215,20250527,    8,  230,   60,  135,10132,   94
  215,20250527,    9,  240,   80,  150,10135,   85
  215,20250527,   10,  250,   80,  157,10136,   81
  215,20250527,   11,  250,   70,  167,10138,   75
  215,20250527,   12,  250,   80,  171,10140,   68
  215,20250527,   13,  240,   70,  163,10139,   72
  215,20250527,   14,  230,   80,  145,10139,   83
  215,20250527,   15,  210,   60,  123,10130,   87
  215,20250527,   16,  180,   40,  123,10116,   93
  215,20250527,   17,  240,   80,  147,10111,   93
  215,20250527,   18,  240,   80,  148,10107,   91
  215,20250527,   19,  230,   80,  147,10105,   91
  215,20250527,   20,  230,   90,  150,10105,   88
  215,20250527,   21,  240,   90,  152,10105,   86
  215,20250527,   22,  230,   80,  148,10102,   87
  215,20250527,   23,  240,   90,  152,10101,   86
  215,20250527,   24,  240,   90,  153,10099,   85
  215,20250528,    1,  240,   90,  152,10101,   86
  215,20250528,    2,  250,   90,  150,10101,   86
  215,20250528,    3,  250,   90,  149,10101,   88
  215,20250528,    4,  260,   60,  148,10105,   89
  215,20250528,    5,  250,   80,  151,10105,   87
  215,20250528,    6,  250,   60,  151,10108,   88
  215,20250528,    7,  250,   60,  153,10114,   87
  215,20250528,    8,  250,   60,  158,10120,   85
  215,20250528,    9,  250,   70,  163,10124,   82
  215,20250528,   10,  260,   80,  163,10129,   80
  215,20250528,   11,  260,   70,  156,10136,   83
  215,20250528,   12,  270,   60,  157,10141,   85
  215,20250528,   13,  350,   40,  141,10152,   87
  215,20250528,   14,  320,   40,  160,10161,   77
  215,20250528,   15,  310,   50,  151,10170,   74
  215,20250528,   16,  320,   50,  150,10179,   68
  215,20250528,   17,  310,   40,  150,10186,   68
  215,20250528,   18,  330,   40,  138,10196,   75
  215,20250528,   19,  320,   20,  133,10200,   80
  215,20250528,   20,  300,   20,  113,10206,   88
  215,20250528,   21,  240,   10,   92,10211,   94
  215,20250528,   22,  250,   20,   92,10214,   97
  215,20250528,   23,  240,   10,   92,10214,   99
  215,20250528,   24,  200,   10,  100,10214,   97
  215,20250529,    1,  160,   10,   95,10212,   98
  215,20250529,    2,  140,   10,  103,10209,   98
  215,20250529,    3,  170,   10,  112,10214,   96
  215,20250529,    4,  150,   10,  112,10208,   95
  215,20250529,    5,  160,   20,  123,10205,   90
  215,20250529,    6,  170,   30,  132,10202,   92
  215,20250529,    7,  190,   20,  139,10208,   92
  215,20250529,    8,  200,   40,  149,10203,   92
  215,20250529,    9,  210,   50,  149,10203,   89
  215,20250529,   10,  200,   50,  151,10198,   83
  215,20250529,   11,  210,   60,  159,10195,   80
  215,20250529,   12,  220,   70,  176,10191,   77
  215,20250529,   13,  220,   80,  183,10189,   78
  215,20250529,   14,  230,   70,  185,10185,   77
  215,20250529,   15,  220,  110,  183,10184,   80
  215,20250529,   16,  230,   70,  181,10182,   79
  215,20250529,   17,  230,   90,  172,10182,   83
  215,20250529,   18,  230,   80,  166,10181,   84
  215,20250529,   19,  230,   70,  163,10183,   85
  215,20250529,   20,  230,   70,  156,10184,   87
  215,20250529,   21,  230,   70,  157,10189,   88
  215,20250529,   22,  240,   70,  155,10190,   88
  215,20250529,   23,  230,   60,  155,10190,   88
  215,20250529,   24,  230,   50,  151,10190,   89
  215,20250530,    1,  230,   50,  144,10190,   91
  215,20250530,    2,  230,   40,  140,10189,   93
  215,20250530,    3,  230,   40,  143,10188,   93
  215,20250530,    4,  230,   40,  143,10189,   94
  215,20250530,    5,  230,   50,  145,10194,   94
  215,20250530,    6,  220,   50,  147,10195,   94
  215,20250530,    7,  220,   50,  148,10199,   93
  215,20250530,    8,  230,   50,  154,10202,   90
  215,20250530,    9,  220,   60,  165,10202,   87
  215,20250530,   10,  220,   60,  166,10201,   85
  215,20250530,   11,  220,   60,  177,10200,   82
  215,20250530,   12,  240,   60,  194,10198,   73
  215,20250530,   13,  250,   70,  191,10197,   74
  215,20250530,   14,  250,   70,  192,10197,   71
  215,20250530,   15,  250,   60,  191,10197,   72
  215,20250530,   16,  260,   60,  182,10197,   74
  215,20250530,   17,  270,   40,  182,10194,   75
  215,20250530,   18,  250,   20,  176,10193,   77
  215,20250530,   19,  260,   30,  158,10191,   83
  215,20250530,   20,  280,   10,  142,10192,   93
  215,20250530,   21,    0,    0,  127,10192,   96
  215,20250530,   22,    0,    0,  121,10189,   97
  215,20250530,   23,    0,    0,  111,10189,   99
  215,20250530,   24,  210,   10,  106,10189,   99
  215,20250531,    1,  190,   10,  103,10187,   97
  215,20250531,    2,  200,   10,  104,10184,   98
  215,20250531,    3,  150,   10,  113,10182,   99
  215,20250531,    4,  180,   10,  111,10181,   98
  215,20250531,    5,  210,   20,  138,10181,   97
  215,20250531,    6,  190,   20,  163,10181,   90
  215,20250531,    7,  200,   20,  176,10182,   85
  215,20250531,    8,  180,   10,  194,10182,   77
  215,20250531,    9,  220,   20,  205,10182,   72
  215,20250531,   10,  270,   20,  216,10179,   65
  215,20250531,   11,  340,   30,  219,10176,   74
  215,20250531,   12,  340,   30,  221,10175,   72
  215,20250531,   13,  300,   30,  219,10173,   68
  215,20250531,   14,  310,   30,  222,10166,   68
  215,20250531,   15,  290,   30,  218,10159,   68
  215,20250531,   16,  290,   30,  210,10157,   70
  215,20250531,   17,  340,   20,  193,10153,   78
  215,20250531,   18,  280,   10,  195,10148,   74
  215,20250531,   19,  280,   20,  187,10148,   73
  215,20250531,   20,  330,   20,  174,10146,   85
  215,20250531,   21,    0,    0,  173,10145,   86
  215,20250531,   22,  220,   10,  167,10142,   88
  215,20250531,   23,  210,   10,  172,10136,   81
  215,20250531,   24,  240,   40,  178,10134,   67
  215,20250601,    1,  220,   50,  160,10129,   79
  215,20250601,    2,  230,   30,  144,10128,   90
  215,20250601,    3,  220,   30,  143,10126,   92
  215,20250601,    4,  240,   40,  150,10126,   90
  215,20250601,    5,  250,   40,  153,10127,   89
  215,20250601,    6,  260,   40,  158,10133,   85
  215,20250601,    7,  270,   40,  165,10135,   82
  215,20250601,    8,  270,   40,  167,10138,   77
  215,20250601,    9,  270,   60,  163,10141,   76
  215,20250601,   10,  260,   60,  169,10142,   75
  215,20250601,   11,  260,   60,  167,10142,   77
  215,20250601,   12,  230,   40,  173,10140,   77
  215,20250601,   13,  260,   70,  176,10141,   67
  215,20250601,   14,  250,   80,  172,10144,   70
  215,20250601,   15,  260,   70,  178,10140,   66
  215,20250601,   16,  250,   80,  170,10140,   65
  215,20250601,   17,  240,   60,  169,10136,   67
  215,20250601,   18,  240,   60,  164,10135,   53
  215,20250601,   19,  250,   50,  150,10137,   73
  215,20250601,   20,  240,   30,  142,10138,   77
  215,20250601,   21,  240,   40,  141,10140,   73
  215,20250601,   22,  220,   40,  128,10140,   84
  215,20250601,   23,  220,   40,  134,10138,   87
  215,20250601,   24,  230,   30,  130,10139,   90
  215,20250602,    1,  220,   30,  134,10138,   88
  215,20250602,    2,  240,   40,  144,10137,   82
  215,20250602,    3,  230,   30,  139,10137,   87
  215,20250602,    4,  240,   30,  133,10140,   90
  215,20250602,    5,  230,   20,  139,10145,   90
  215,20250602,    6,  260,   30,  149,10148,   82
  215,20250602,    7,  290,   40,  149,10154,   76
  215,20250602,    8,  280,   40,  148,10160,   80
  215,20250602,    9,  290,   30,  155,10164,   76
  215,20250602,   10,  280,   50,  160,10168,   73
  215,20250602,   11,  300,   50,  163,10170,   72
  215,20250602,   12,  300,   60,  161,10173,   68
  215,20250602,   13,  300,   60,  151,10173,   71
  215,20250602,   14,  310,   60,  160,10173,   69
  215,20250602,   15,  310,   50,  163,10170,   68
  215,20250602,   16,  290,   40,  156,10170,   69
  215,20250602,   17,  290,   40,  152,10167,   68
  215,20250602,   18,  260,   20,  153,10167,   68
  215,20250602,   19,  270,   20,  145,10168,   73
  215,20250602,   20,    0,    0,  122,10168,   91
  215,20250602,   21,    0,    0,  104,10166,   97
  215,20250602,   22,    0,    0,   85,10159,   97
  215,20250602,   23,  140,   20,   93,10153,   98
  215,20250602,   24,  150,   30,  102,10146,   91
  215,20250603,    1,  150,   20,   88,10141,   97
  215,20250603,    2,  150,   20,   92,10132,   94
  215,20250603,    3,  180,   30,   99,10128,   84
  215,20250603,    4,  190,   30,   92,10124,   86
  215,20250603,    5,  180,   20,  113,10119,   81
  215,20250603,    6,  180,   30,  139,10114,   69
  215,20250603,    7,  180,   40,  160,10110,   58
  215,20250603,    8,  180,   50,  175,10103,   54
  215,20250603,    9,  200,   70,  192,10097,   51
  215,20250603,   10,  210,   80,  204,10092,   45
  215,20250603,   11,  210,  100,  211,10090,   45
  215,20250603,   12,  220,   90,  208,10088,   45
  215,20250603,   13,  230,   90,  206,10085,   47
  215,20250603,   14,  260,   60,  184,10084,   63
  215,20250603,   15,  250,   60,  184,10082,   57
  215,20250603,   16,  250,   50,  174,10081,   52
  215,20250603,   17,  240,   80,  171,10079,   58
  215,20250603,   18,  240,   60,  158,10077,   79
  215,20250603,   19,  230,   50,  160,10077,   78
  215,20250603,   20,  230,   70,  155,10075,   81
  215,20250603,   21,  230,   70,  160,10074,   76
  215,20250603,   22,  220,   70,  164,10073,   73
  215,20250603,   23,  240,   60,  165,10072,   76
  215,20250603,   24,  230,   30,  161,10066,   79
  215,20250604,    1,  260,   30,  152,10061,   88
  215,20250604,    2,  240,   20,  150,10057,   92
  215,20250604,    3,  250,   30,  148,10054,   92
  215,20250604,    4,  240,   40,  132,10057,   90
  215,20250604,    5,  210,   30,  129,10058,   94
  215,20250604,    6,  230,   30,  140,10061,   91
  215,20250604,    7,  250,   50,  144,10062,   85
  215,20250604,    8,  270,   60,  151,10065,   76
  215,20250604,    9,  250,   50,  162,10067,   68
  215,20250604,   10,  260,   70,  159,10070,   65
  215,20250604,   11,  250,   70,  159,10071,   64
  215,20250604,   12,  260,   70,  165,10072,   65
  215,20250604,   13,  250,   60,  178,10071,   61
  215,20250604,   14,  260,   70,  177,10072,   58
  215,20250604,   15,  250,   70,  168,10074,   54
  215,20250604,   16,  250,   70,  167,10074,   59
  215,20250604,   17,  250,   50,  158,10073,   60
  215,20250604,   18,  250,   60,  154,10075,   58
  215,20250604,   19,  250,   60,  152,10077,   64
  215,20250604,   20,  230,   40,  142,10080,   70
  215,20250604,   21,  240,   30,  133,10084,   70
  215,20250604,   22,  230,   30,  128,10080,   76
  215,20250604,   23,  220,   40,  132,10080,   75
  215,20250604,   24,  200,   40,  121,10080,   81
  215,20250605,    1,  190,   40,  119,10077,   82
  215,20250605,    2,  190,   40,  123,10075,   81
  215,20250605,    3,  200,   40,  129,10075,   80
  215,20250605,    4,  210,   40,  128,10075,   82
  215,20250605,    5,  210,   50,  136,10074,   81
  215,20250605,    6,  210,   50,  147,10073,   80
  215,20250605,    7,  210,   60,  157,10071,   75
  215,20250605,    8,  200,   70,  160,10068,   71
  215,20250605,    9,  200,   50,  159,10065,   72
  215,20250605,   10,  190,   70,  163,10061,   74
  215,20250605,   11,  210,   70,  156,10065,   81
  215,20250605,   12,  250,   60,  146,10067,   88
  215,20250605,   13,  230,   50,  167,10065,   76
  215,20250605,   14,  210,   50,  153,10065,   84
  215,20250605,   15,  220,   60,  178,10057,   71
  215,20250605,   16,  220,   70,  182,10052,   64
  215,20250605,   17,  200,   40,  178,10047,   67
  215,20250605,   18,  210,   80,  169,10045,   63
  215,20250605,   19,  190,   50,  160,10038,   79
  215,20250605,   20,  180,   50,  149,10032,   93
  215,20250605,   21,  190,   60,  151,10026,   92
  215,20250605,   22,  190,   60,  152,10018,   92
  215,20250605,   23,  240,   50,  141,10017,   90
  215,20250605,   24,  240,   40,  138,10016,   91
  215,20250606,    1,  240,   50,  140,10018,   91
  215,20250606,    2,  240,   50,  141,10021,   89
  215,20250606,    3,  250,   60,  136,10028,   87
  215,20250606,    4,  250,   70,  139,10034,   86
  215,20250606,    5,  240,   60,  140,10041,   84
  215,20250606,    6,  240,   60,  142,10050,   84
  215,20250606,    7,  240,   80,  146,10061,   78
  215,20250606,    8,  250,   70,  149,10069,   79
  215,20250606,    9,  240,   80,  155,10075,   73
  215,20250606,   10,  240,   70,  161,10080,   70
  215,20250606,   11,  240,   90,  178,10083,   64
  215,20250606,   12,  230,  100,  166,10084,   63
  215,20250606,   13,  240,   80,  175,10085,   62
  215,20250606,   14,  250,  100,  160,10089,   73
  215,20250606,   15,  250,   80,  161,10088,   72
  215,20250606,   16,  230,   70,  167,10087,   62
  215,20250606,   17,  240,   80,  164,10087,   67
  215,20250606,   18,  250,   60,  162,10089,   69
  215,20250606,   19,  250,   50,  154,10090,   72
  215,20250606,   20,  250,   50,  146,10093,   67
  215,20250606,   21,  250,   40,  140,10091,   67
  215,20250606,   22,  240,   40,  141,10093,   76
  215,20250606,   23,  230,   40,  142,10090,   75
  215,20250606,   24,  240,   50,  141,10088,   75
  215,20250607,    1,  230,   40,  138,10081,   81
  215,20250607,    2,  200,   40,  134,10078,   81
  215,20250607,    3,  200,   40,  132,10074,   82
  215,20250607,    4,  200,   40,  125,10070,   87
  215,20250607,    5,  210,   40,  122,10070,   90
  215,20250607,    6,  200,   30,  124,10069,   93
  215,20250607,    7,  210,   40,  131,10069,   93
  215,20250607,    8,  210,   40,  134,10069,   89
  215,20250607,    9,  200,   40,  129,10069,   88
  215,20250607,   10,  220,   50,  142,10067,   86
  215,20250607,   11,  240,   40,  143,10067,   85
  215,20250607,   12,  230,   50,  148,10067,   86
  215,20250607,   13,  240,   80,  160,10068,   73
  215,20250607,   14,  250,   80,  163,10069,   73
  215,20250607,   15,  240,   80,  160,10071,   74
  215,20250607,   16,  250,   80,  160,10070,   72
  215,20250607,   17,  250,   70,  154,10070,   73
  215,20250607,   18,  240,   50,  151,10069,   72
  215,20250607,   19,  230,   10,  147,10062,   81
  215,20250607,   20,  190,   30,  148,10058,   82
  215,20250607,   21,  190,   30,  141,10052,   90
  215,20250607,   22,  170,   30,  138,10042,   93
  215,20250607,   23,  210,   60,  139,10030,   91
  215,20250607,   24,  270,   60,  125,10033,   91
  215,20250608,    1,  270,   50,  120,10039,   87
  215,20250608,    2,  280,   60,  122,10046,   86
  215,20250608,    3,  290,   50,  125,10054,   89
  215,20250608,    4,  290,   70,  127,10065,   85
  215,20250608,    5,  290,   60,  130,10075,   83
  215,20250608,    6,  310,   50,  121,10087,   82
  215,20250608,    7,  290,   70,  132,10097,   84
  215,20250608,    8,  290,   70,  109,10110,   87
  215,20250608,    9,  280,   90,  134,10117,   84
  215,20250608,   10,  280,  100,  134,10130,   77
  215,20250608,   11,  280,  100,  129,10143,   78
  215,20250608,   12,  290,  100,  134,10152,   73
  215,20250608,   13,  290,   90,  140,10161,   72
  215,20250608,   14,  290,  100,  136,10169,   70
  215,20250608,   15,  290,   90,  143,10178,   65
  215,20250608,   16,  290,   80,  140,10186,   63
  215,20250608,   17,  280,   70,  143,10189,   59
  215,20250608,   18,  270,   40,  135,10195,   67
  215,20250608,   19,  250,   20,  129,10195,   75
  215,20250608,   20,  220,   20,  115,10199,   84
  215,20250608,   21,  200,   20,   97,10197,   89
  215,20250608,   22,  200,   20,  118,10196,   87
  215,20250608,   23,  260,   30,  118,10200,   91
  215,20250608,   24,  220,   30,  110,10201,   91
  215,20250609,    1,  220,   20,  103,10203,   92
  215,20250609,    2,  200,   30,   94,10203,   95
  215,20250609,    3,  990,   10,   94,10205,   97
  215,20250609,    4,  230,   10,   90,10207,   99
  215,20250609,    5,  990,   10,  108,10208,   99
  215,20250609,    6,  210,   20,  130,10210,   93
  215,20250609,    7,  250,   40,  149,10217,   83
  215,20250609,    8,  260,   40,  159,10220,   81
  215,20250609,    9,  260,   50,  163,10220,   75
  215,20250609,   10,  250,   50,  170,10222,   69
  215,20250609,   11,  270,   70,  163,10223,   67
  215,20250609,   12,  250,   60,  174,10224,   66
  215,20250609,   13,  250,   60,  172,10223,   67
  215,20250609,   14,  260,   50,  173,10222,   65
  215,20250609,   15,  260,   60,  172,10223,   65
  215,20250609,   16,  260,   60,  171,10218,   58
  215,20250609,   17,  260,   40,  169,10213,   62
  215,20250609,   18,  260,   30,  162,10210,   68
  215,20250609,   19,  230,   30,  150,10206,   73
  215,20250609,   20,  210,   30,  146,10201,   72
  215,20250609,   21,  210,   20,  138,10197,   75
  215,20250609,   22,  220,   30,  136,10193,   74
  215,20250609,   23,  210,   30,  141,10187,   76
  215,20250609,   24,  200,   40,  144,10175,   76
  215,20250610,    1,  210,   50,  142,10169,   72
  215,20250610,    2,  210,   50,  138,10160,   76
  215,20250610,    3,  210,   60,  136,10152,   80
  215,20250610,    4,  230,   60,  141,10147,   82
  215,20250610,    5,  230,   50,  144,10142,   83
  215,20250610,    6,  240,   70,  150,10139,   79
  215,20250610,    7,  240,   70,  140,10140,   88
  215,20250610,    8,  240,   70,  142,10140,   90
  215,20250610,    9,  240,   70,  144,10141,   92
  215,20250610,   10,  250,   70,  151,10143,   88
  215,20250610,   11,  250,   70,  161,10144,   85
  215,20250610,   12,  250,  100,  170,10145,   80
  215,20250610,   13,  250,  100,  175,10148,   79
  215,20250610,   14,  300,   70,  160,10159,   74
  215,20250610,   15,  310,   70,  165,10165,   74
  215,20250610,   16,  330,   80,  157,10172,   74
  215,20250610,   17,  320,   60,  153,10179,   78
  215,20250610,   18,  330,   60,  145,10186,   78
  215,20250610,   19,  340,   40,  136,10191,   82
  215,20250610,   20,  310,   20,  120,10198,   86
  215,20250610,   21,  290,   20,  114,10204,   87
  215,20250610,   22,  320,   20,  104,10206,   91
  215,20250610,   23,  330,   20,   81,10211,   95
  215,20250610,   24,  990,   10,   81,10214,   97
  215,20250611,    1,  220,   10,   73,10216,   97
  215,20250611,    2,  220,   10,   71,10217,   97
  215,20250611,    3,    0,    0,   64,10219,   98
  215,20250611,    4,    0,    0,   69,10220,   98
  215,20250611,    5,  190,   10,   88,10225,   99
  215,20250611,    6,    0,    0,  125,10228,   95
  215,20250611,    7,  990,   10,  141,10233,   76
  215,20250611,    8,  170,   20,  148,10234,   74
  215,20250611,    9,  230,   10,  153,10236,   68
  215,20250611,   10,  990,   10,  167,10232,   63
  215,20250611,   11,   50,   20,  173,10231,   57
  215,20250611,   12,   90,   30,  185,10231,   59
  215,20250611,   13,  110,   20,  193,10227,   58
  215,20250611,   14,  100,   30,  196,10221,   53
  215,20250611,   15,   60,   30,  199,10217,   55
  215,20250611,   16,   90,   30,  200,10213,   55
  215,20250611,   17,   90,   50,  194,10209,   58
  215,20250611,   18,   60,   50,  187,10207,   62
  215,20250611,   19,   70,   60,  179,10203,   64
  215,20250611,   20,   70,   30,  165,10208,   72
  215,20250611,   21,   70,   40,  157,10209,   76
  215,20250611,   22,   80,   50,  154,10206,   73
  215,20250611,   23,   90,   40,  149,10206,   73
  215,20250611,   24,   80,   50,  138,10203,   78
  215,20250612,    1,   80,   50,  133,10197,   80
  215,20250612,    2,   80,   50,  128,10195,   82
  215,20250612,    3,   80,   50,  125,10191,   83
  215,20250612,    4,   80,   50,  122,10190,   85
  215,20250612,    5,   90,   50,  131,10189,   82
  215,20250612,    6,   90,   50,  148,10186,   77
  215,20250612,    7,  100,   60,  168,10182,   68
  215,20250612,    8,   90,   60,  189,10173,   63
  215,20250612,    9,   90,   70,  206,10171,   56
  215,20250612,   10,  100,   70,  224,10164,   50
  215,20250612,   11,  110,   90,  236,10154,   43
  215,20250612,   12,  120,   80,  241,10156,   42
  215,20250612,   13,  120,   90,  251,10151,   41
  215,20250612,   14,  120,   70,  253,10148,   45
  215,20250612,   15,  120,   70,  264,10146,   41
  215,20250612,   16,  110,   70,  268,10140,   38
  215,20250612,   17,  120,   60,  268,10141,   39
  215,20250612,   18,  120,   40,  260,10145,   44
  215,20250612,   19,  110,   40,  245,10149,   48
  215,20250612,   20,  100,   30,  223,10154,   55
  215,20250612,   21,  100,   30,  206,10161,   62
  215,20250612,   22,  110,   30,  201,10163,   64
  215,20250612,   23,  120,   20,  190,10166,   71
  215,20250612,   24,  110,   10,  172,10167,   84
  215,20250613,    1,  130,   10,  176,10170,   80
  215,20250613,    2,  120,   10,  152,10171,   92
  215,20250613,    3,    0,    0,  146,10174,   98
  215,20250613,    4,    0,    0,  143,10178,   97
  215,20250613,    5,    0,    0,  168,10184,   92
  215,20250613,    6,    0,    0,  212,10190,   68
  215,20250613,    7,  360,   10,  230,10193,   63
  215,20250613,    8,   20,   20,  247,10195,   61
  215,20250613,    9,  330,   30,  254,10197,   57
  215,20250613,   10,  320,   30,  234,10200,   67
  215,20250613,   11,  320,   40,  250,10200,   63
  215,20250613,   12,  320,   30,  255,10195,   62
  215,20250613,   13,  330,   40,  256,10194,   64
  215,20250613,   14,  330,   40,  259,10192,   63
  215,20250613,   15,  320,   40,  251,10188,   64
  215,20250613,   16,  330,   30,  259,10182,   66
  215,20250613,   17,  350,   20,  277,10175,   63
  215,20250613,   18,   90,   30,  295,10172,   55
  215,20250613,   19,   80,   40,  284,10168,   56
  215,20250613,   20,   90,   30,  262,10169,   63
  215,20250613,   21,   90,   50,  261,10167,   58
  215,20250613,   22,   90,   50,  251,10163,   58
  215,20250613,   23,   90,   50,  244,10156,   58
  215,20250613,   24,   90,   40,  236,10152,   60
  215,20250614,    1,  110,   40,  228,10144,   64
  215,20250614,    2,  280,   40,  185,10167,   89
  215,20250614,    3,  360,   20,  180,10151,   93
  215,20250614,    4,   80,   30,  182,10145,   91
  215,20250614,    5,   80,   30,  194,10145,   87
  215,20250614,    6,  110,   20,  208,10149,   85
  215,20250614,    7,  150,   30,  222,10156,   80
  215,20250614,    8,  160,   40,  252,10156,   65
  215,20250614,    9,  190,   50,  255,10156,   63
  215,20250614,   10,  230,   50,  270,10161,   57
  215,20250614,   11,  240,   40,  243,10165,   67
  215,20250614,   12,  230,   50,  244,10170,   70
  215,20250614,   13,  250,   60,  223,10175,   73
  215,20250614,   14,  240,   40,  218,10177,   75
  215,20250614,   15,  250,   60,  232,10177,   68
  215,20250614,   16,  260,   60,  203,10182,   72
  215,20250614,   17,  250,   50,  203,10180,   68
  215,20250614,   18,  240,   40,  205,10184,   50
  215,20250614,   19,  250,   40,  192,10187,   58
  215,20250614,   20,  240,   30,  180,10194,   65
  215,20250614,   21,  220,   30,  176,10201,   63
  215,20250614,   22,  230,   40,  176,10198,   61
  215,20250614,   23,  230,   30,  172,10197,   66
  215,20250614,   24,  230,   30,  167,10191,   71
  215,20250615,    1,  240,   30,  157,10189,   75
  215,20250615,    2,  230,   30,  147,10192,   82
  215,20250615,    3,  250,   30,  158,10192,   76
  215,20250615,    4,  240,   30,  152,10195,   81
  215,20250615,    5,  230,   30,  152,10200,   83
  215,20250615,    6,  260,   50,  168,10203,   81
  215,20250615,    7,  270,   60,  171,10204,   80
  215,20250615,    8,  270,   60,  168,10208,   81
  215,20250615,    9,  270,   40,  180,10212,   75
  215,20250615,   10,  270,   60,  177,10216,   77
  215,20250615,   11,  280,   60,  179,10219,   76
  215,20250615,   12,  270,   70,  184,10220,   76
  215,20250615,   13,  270,   60,  185,10221,   72
  215,20250615,   14,  270,   60,  179,10224,   73
  215,20250615,   15,  270,   50,  179,10225,   73
  215,20250615,   16,  270,   50,  181,10226,   74
  215,20250615,   17,  280,   50,  177,10228,   75
  215,20250615,   18,  280,   50,  174,10233,   77
  215,20250615,   19,  260,   30,  168,10237,   79
  215,20250615,   20,  230,   20,  155,10244,   87
  215,20250615,   21,  230,   20,  151,10247,   90
  215,20250615,   22,  180,   10,  153,10248,   90
  215,20250615,   23,  210,   10,  153,10249,   95
  215,20250615,   24,  990,   10,  147,10249,   94
  215,20250616,    1,    0,    0,  150,10250,   92
  215,20250616,    2,    0,    0,  134,10250,   95
  215,20250616,    3,    0,    0,  126,10252,   98
  215,20250616,    4,  210,   10,  126,10255,   97
  215,20250616,    5,  300,   10,  148,10259,   96
  215,20250616,    6,  260,   20,  171,10261,   88
  215,20250616,    7,  290,   20,  184,10267,   81
  215,20250616,    8,  320,   50,  186,10274,   72
  215,20250616,    9,  330,   30,  191,10275,   72
  215,20250616,   10,  300,   40,  194,10278,   70
  215,20250616,   11,  320,   40,  195,10281,   70
  215,20250616,   12,  300,   40,  189,10282,   69
  215,20250616,   13,  310,   50,  190,10284,   66
  215,20250616,   14,  300,   40,  188,10284,   67
  215,20250616,   15,  300,   40,  185,10282,   70
  215,20250616,   16,  320,   40,  183,10280,   69
  215,20250616,   17,  300,   30,  184,10279,   67
  215,20250616,   18,  310,   20,  179,10279,   72
  215,20250616,   19,  260,   10,  171,10276,   76
  215,20250616,   20,  330,   10,  146,10277,   89
  215,20250616,   21,  310,   10,  131,10280,   96
  215,20250616,   22,    0,    0,  125,10281,   97
  215,20250616,   23,  340,   10,  114,10279,   98
  215,20250616,   24,  190,   10,  112,10274,   96
  215,20250617,    1,  220,   10,  111,10269,   97
  215,20250617,    2,    0,    0,  113,10267,   98
  215,20250617,    3,    0,    0,  115,10264,   98
  215,20250617,    4,    0,    0,  110,10265,   98
  215,20250617,    5,  190,   20,  141,10263,   95
  215,20250617,    6,  190,   20,  169,10264,   85
  215,20250617,    7,  220,   30,  186,10266,   74
  215,20250617,    8,  210,   30,  204,10265,   66
  215,20250617,    9,  230,   50,  219,10265,   58
  215,20250617,   10,  250,   50,  225,10264,   52
  215,20250617,   11,  280,   70,  221,10262,   50
  215,20250617,   12,  250,   50,  226,10258,   49
  215,20250617,   13,  260,   70,  222,10257,   52
  215,20250617,   14,  270,   60,  214,10258,   55
  215,20250617,   15,  280,   50,  209,10254,   55
  215,20250617,   16,  270,   40,  212,10247,   56
  215,20250617,   17,  270,   30,  214,10242,   54
  215,20250617,   18,  330,   10,  206,10241,   66
  215,20250617,   19,  230,   20,  200,10238,   66
  215,20250617,   20,  280,   20,  169,10240,   83
  215,20250617,   21,  240,   20,  154,10241,   85
  215,20250617,   22,  260,   10,  136,10238,   95
  215,20250617,   23,    0,    0,  132,10239,   99
  215,20250617,   24,  230,   10,  124,10235,   98
  215,20250618,    1,    0,    0,  122,10231,   98
  215,20250618,    2,  220,   10,  123,10230,   98
  215,20250618,    3,  190,   10,  124,10229,   97
  215,20250618,    4,  200,   20,  133,10228,   97
  215,20250618,    5,  200,   20,  158,10228,   95
  215,20250618,    6,  250,   30,  183,10230,   84
  215,20250618,    7,  260,   30,  197,10233,   80
  215,20250618,    8,  270,   30,  197,10237,   80
  215,20250618,    9,  330,   40,  200,10242,   74
  215,20250618,   10,  330,   40,  209,10242,   65
  215,20250618,   11,  330,   50,  208,10245,   65
  215,20250618,   12,  320,   50,  205,10248,   73
  215,20250618,   13,  320,   40,  201,10250,   75
  215,20250618,   14,  320,   50,  200,10250,   74
  215,20250618,   15,  320,   50,  197,10248,   74
  215,20250618,   16,  330,   50,  193,10249,   72
  215,20250618,   17,  340,   50,  188,10250,   79
  215,20250618,   18,  340,   30,  189,10248,   73
  215,20250618,   19,  320,   30,  180,10248,   78
  215,20250618,   20,  330,   20,  158,10252,   87
  215,20250618,   21,  340,   20,  146,10253,   96
  215,20250618,   22,  310,   10,  142,10255,   96
  215,20250618,   23,  330,   10,  141,10259,   98
  215,20250618,   24,  330,   10,  130,10258,   99
  215,20250619,    1,  330,   10,  130,10259,   98
  215,20250619,    2,   10,   10,  125,10261,   98
  215,20250619,    3,   10,   10,  119,10262,   99
  215,20250619,    4,  360,   20,  122,10264,   97
  215,20250619,    5,   70,   20,  150,10263,   89
  215,20250619,    6,   70,   10,  176,10266,   76
  215,20250619,    7,   60,   30,  185,10271,   76
  215,20250619,    8,   60,   30,  200,10272,   60
  215,20250619,    9,   80,   20,  205,10272,   61
  215,20250619,   10,   70,   30,  210,10272,   62
  215,20250619,   11,   60,   20,  218,10274,   60
  215,20250619,   12,  990,   10,  232,10272,   58
  215,20250619,   13,   50,   20,  224,10271,   57
  215,20250619,   14,   50,   20,  226,10271,   56
  215,20250619,   15,   50,   30,  227,10268,   57
  215,20250619,   16,   50,   30,  227,10268,   56
  215,20250619,   17,   70,   40,  222,10264,   57
  215,20250619,   18,   40,   30,  217,10262,   58
  215,20250619,   19,   80,   50,  203,10263,   58
  215,20250619,   20,   60,   30,  190,10264,   63
  215,20250619,   21,   80,   20,  172,10267,   71
  215,20250619,   22,   40,   30,  174,10267,   73
  215,20250619,   23,   40,   30,  167,10270,   75
  215,20250619,   24,   70,   30,  167,10270,   72
  215,20250620,    1,   80,   40,  153,10272,   71
  215,20250620,    2,   80,   40,  148,10270,   69
  215,20250620,    3,   90,   30,  139,10269,   72
  215,20250620,    4,   80,   30,  134,10268,   74
  215,20250620,    5,  100,   30,  149,10269,   68
  215,20250620,    6,  100,   40,  161,10271,   67
  215,20250620,    7,  130,   30,  182,10273,   61
  215,20250620,    8,  120,   40,  201,10272,   53
  215,20250620,    9,  120,   40,  213,10271,   52
  215,20250620,   10,  100,   30,  221,10270,   46
  215,20250620,   11,  120,   40,  232,10265,   48
  215,20250620,   12,  130,   40,  236,10264,   45
  215,20250620,   13,  100,   30,  245,10259,   41
  215,20250620,   14,  100,   40,  249,10254,   39
  215,20250620,   15,   70,   40,  252,10249,   39
  215,20250620,   16,   70,   50,  248,10244,   44
  215,20250620,   17,   60,   50,  240,10239,   42
  215,20250620,   18,   70,   50,  230,10237,   46
  215,20250620,   19,   80,   30,  214,10236,   55
  215,20250620,   20,   80,   30,  204,10237,   60
  215,20250620,   21,   70,   30,  196,10240,   65
  215,20250620,   22,   70,   20,  189,10240,   65
  215,20250620,   23,   70,   20,  165,10238,   73
  215,20250620,   24,   80,   30,  167,10234,   69
  215,20250621,    1,   90,   30,  154,10230,   74
  215,20250621,    2,  100,   20,  147,10226,   76
  215,20250621,    3,    0,    0,  122,10221,   94
  215,20250621,    4,   60,   10,  114,10219,   96
  215,20250621,    5,  120,   20,  165,10221,   74
  215,20250621,    6,  110,   20,  190,10219,   61
  215,20250621,    7,  120,   40,  202,10220,   61
  215,20250621,    8,  130,   40,  224,10217,   56
  215,20250621,    9,  150,   30,  245,10215,   47
  215,20250621,   10,  130,   30,  267,10211,   43
  215,20250621,   11,  140,   50,  274,10208,   36
  215,20250621,   12,  150,   40,  284,10203,   39
  215,20250621,   13,  150,   40,  287,10197,   34
  215,20250621,   14,  140,   50,  290,10191,   30
  215,20250621,   15,  120,   50,  294,10187,   28
  215,20250621,   16,  120,   30,  297,10184,   28
  215,20250621,   17,  330,   20,  280,10181,   47
  215,20250621,   18,  330,   20,  259,10180,   51
  215,20250621,   19,  320,   10,  245,10178,   60
  215,20250621,   20,  350,   10,  211,10176,   61
  215,20250621,   21,    0,    0,  185,10171,   77
  215,20250621,   22,  120,   30,  186,10168,   75
  215,20250621,   23,  160,   10,  180,10165,   81
  215,20250621,   24,  150,   10,  185,10162,   68
  215,20250622,    1,  130,   20,  170,10157,   88
  215,20250622,    2,  150,   10,  167,10148,   88
  215,20250622,    3,  150,   20,  153,10142,   93
  215,20250622,    4,  150,   20,  164,10138,   87
  215,20250622,    5,  160,   30,  202,10134,   76
  215,20250622,    6,  170,   30,  236,10130,   58
  215,20250622,    7,  190,   30,  244,10130,   57
  215,20250622,    8,  240,   60,  256,10135,   52
  215,20250622,    9,  270,   50,  221,10142,   71
  215,20250622,   10,  990,   10,  208,10130,   77
  215,20250622,   11,  260,   50,  216,10139,   78
  215,20250622,   12,  240,   60,  235,10140,   61
  215,20250622,   13,  260,   50,  231,10144,   65
  215,20250622,   14,  230,   60,  242,10140,   52
  215,20250622,   15,  250,   60,  230,10136,   53
  215,20250622,   16,  230,   80,  223,10128,   57
  215,20250622,   17,  250,   70,  201,10127,   66
  215,20250622,   18,  230,   70,  206,10125,   64
  215,20250622,   19,  240,   70,  194,10123,   68
  215,20250622,   20,  240,   90,  193,10121,   69
  215,20250622,   21,  240,   90,  189,10120,   70
  215,20250622,   22,  230,   80,  189,10114,   66
  215,20250622,   23,  240,   90,  194,10111,   67
  215,20250622,   24,  240,   90,  191,10108,   72
  215,20250623,    1,  240,   70,  185,10100,   72
  215,20250623,    2,  240,   70,  180,10096,   73
  215,20250623,    3,  230,   80,  177,10090,   78
  215,20250623,    4,  240,   80,  172,10091,   83
  215,20250623,    5,  240,   70,  172,10086,   86
  215,20250623,    6,  240,   80,  180,10083,   83
  215,20250623,    7,  250,   90,  184,10086,   80
  215,20250623,    8,  250,  120,  192,10089,   74
  215,20250623,    9,  280,   90,  166,10102,   66
  215,20250623,   10,  290,   90,  177,10112,   56
  215,20250623,   11,  290,  100,  174,10122,   57
  215,20250623,   12,  270,   90,  185,10129,   56
  215,20250623,   13,  270,   90,  190,10133,   55
  215,20250623,   14,  260,   90,  189,10136,   54
  215,20250623,   15,  260,   90,  188,10139,   51
  215,20250623,   16,  250,   70,  193,10138,   51
  215,20250623,   17,  250,   80,  188,10138,   48
  215,20250623,   18,  240,   60,  182,10140,   50
  215,20250623,   19,  240,   70,  181,10140,   56
  215,20250623,   20,  240,   60,  180,10139,   57
  215,20250623,   21,  240,   60,  178,10139,   69
  215,20250623,   22,  240,   40,  168,10136,   77
  215,20250623,   23,  240,   50,  165,10136,   80
  215,20250623,   24,  240,   40,  161,10133,   83
  215,20250624,    1,  220,   30,  144,10130,   89
  215,20250624,    2,  210,   30,  138,10125,   91
  215,20250624,    3,  210,   30,  125,10121,   94
  215,20250624,    4,  250,   20,  150,10122,   80
  215,20250624,    5,  260,   50,  164,10122,   67
  215,20250624,    6,  260,   50,  169,10125,   71
  215,20250624,    7,  240,   60,  173,10123,   68
  215,20250624,    8,  230,   70,  176,10123,   69
  215,20250624,    9,  230,   80,  179,10126,   62
  215,20250624,   10,  220,   90,  185,10125,   63
  215,20250624,   11,  230,   70,  162,10125,   86
  215,20250624,   12,  230,   90,  172,10123,   82
  215,20250624,   13,  240,  100,  180,10120,   79
  215,20250624,   14,  240,  100,  183,10119,   80
  215,20250624,   15,  240,   90,  189,10118,   79
  215,20250624,   16,  230,   90,  201,10114,   75
  215,20250624,   17,  220,   80,  209,10109,   74
  215,20250624,   18,  230,  100,  202,10108,   76
  215,20250624,   19,  230,   80,  197,10109,   78
  215,20250624,   20,  230,   80,  188,10107,   81
  215,20250624,   21,  230,   70,  182,10107,   86
  215,20250624,   22,  230,   60,  182,10107,   86
  215,20250624,   23,  240,   50,  181,10108,   86
  215,20250624,   24,  240,   60,  181,10108,   86
  215,20250625,    1,  240,   50,  177,10109,   89
  215,20250625,    2,  240,   60,  177,10111,   88
  215,20250625,    3,  250,   50,  176,10112,   90
  215,20250625,    4,  250,   50,  178,10111,   89
  215,20250625,    5,  250,   60,  182,10115,   86
  215,20250625,    6,  260,   60,  189,10120,   83
  215,20250625,    7,  250,   60,  195,10123,   79
  215,20250625,    8,  270,   60,  194,10127,   77
  215,20250625,    9,  250,   60,  192,10135,   79
  215,20250625,   10,  260,   60,  197,10137,   78
  215,20250625,   11,  250,   50,  197,10140,   78
  215,20250625,   12,  270,   40,  194,10140,   80
  215,20250625,   13,  280,   40,  195,10141,   79
  215,20250625,   14,  300,   30,  205,10137,   75
  215,20250625,   15,  330,   40,  209,10134,   75
  215,20250625,   16,  350,   30,  210,10129,   75
  215,20250625,   17,  340,   30,  208,10128,   77
  215,20250625,   18,  340,   20,  199,10124,   80
  215,20250625,   19,  340,   20,  188,10117,   85
  215,20250625,   20,  360,   20,  172,10115,   91
  215,20250625,   21,    0,    0,  163,10117,   94
  215,20250625,   22,  140,   10,  157,10116,   96
  215,20250625,   23,   90,   30,  185,10109,   86
  215,20250625,   24,    0,    0,  177,10110,   91
  215,20250626,    1,  170,   20,  185,10116,   89
  215,20250626,    2,   90,   10,  184,10096,   93
  215,20250626,    3,   90,   20,  183,10084,   94
  215,20250626,    4,  220,   10,  183,10085,   95
  215,20250626,    5,  170,   40,  188,10092,   95
  215,20250626,    6,  220,   30,  195,10092,   94
  215,20250626,    7,  220,   40,  196,10094,   91
  215,20250626,    8,  230,   40,  196,10093,   89
  215,20250626,    9,  230,   50,  194,10096,   85
  215,20250626,   10,  250,   70,  197,10104,   83
  215,20250626,   11,  250,   80,  209,10108,   79
  215,20250626,   12,  250,  110,  203,10117,   75
  215,20250626,   13,  250,   80,  212,10124,   75
  215,20250626,   14,  240,   90,  201,10127,   78
  215,20250626,   15,  240,   90,  212,10129,   78
  215,20250626,   16,  230,   90,  214,10131,   77
  215,20250626,   17,  230,  110,  211,10134,   76
  215,20250626,   18,  240,  100,  203,10137,   72
  215,20250626,   19,  230,   80,  196,10140,   65
  215,20250626,   20,  230,   70,  193,10150,   75
  215,20250626,   21,  250,   60,  182,10164,   81
  215,20250626,   22,  260,   40,  174,10169,   87
  215,20250626,   23,  260,   20,  159,10173,   92
  215,20250626,   24,  990,   10,  155,10173,   95
  215,20250627,    1,  280,   10,  141,10177,   98
  215,20250627,    2,  210,   10,  140,10183,   97
  215,20250627,    3,  200,   10,  140,10186,   96
  215,20250627,    4,  340,   20,  139,10197,   89
  215,20250627,    5,  340,   10,  135,10200,   92
  215,20250627,    6,  170,   10,  144,10203,   90
  215,20250627,    7,  160,   30,  151,10207,   83
  215,20250627,    8,  200,   20,  166,10214,   79
  215,20250627,    9,  250,   70,  173,10216,   70
  215,20250627,   10,  250,   70,  179,10220,   63
  215,20250627,   11,  240,   70,  186,10222,   61
  215,20250627,   12,  250,   70,  194,10222,   66
  215,20250627,   13,  260,   70,  209,10221,   62
  215,20250627,   14,  240,   40,  210,10216,   60
  215,20250627,   15,  230,   70,  214,10221,   51
  215,20250627,   16,  260,   70,  216,10218,   67
  215,20250627,   17,  230,   60,  224,10212,   66
  215,20250627,   18,  250,   70,  215,10216,   70
  215,20250627,   19,  230,   70,  209,10213,   76
  215,20250627,   20,  230,   70,  201,10213,   80
  215,20250627,   21,  230,   80,  199,10214,   82
  215,20250627,   22,  230,   70,  197,10213,   81
  215,20250627,   23,  230,   60,  195,10212,   80
  215,20250627,   24,  230,   60,  191,10213,   82
  215,20250628,    1,  240,   60,  187,10214,   82
  215,20250628,    2,  240,   60,  186,10217,   82
  215,20250628,    3,  240,   50,  182,10217,   84
  215,20250628,    4,  240,   50,  183,10220,   85
  215,20250628,    5,  230,   50,  187,10221,   85
  215,20250628,    6,  230,   60,  199,10225,   82
  215,20250628,    7,  240,   60,  209,10232,   78
  215,20250628,    8,  240,   60,  217,10235,   76
  215,20250628,    9,  250,   60,  221,10238,   76
  215,20250628,   10,  250,   80,  227,10243,   73
  215,20250628,   11,  240,   70,  227,10243,   75
  215,20250628,   12,  240,   70,  237,10244,   73
  215,20250628,   13,  240,   60,  236,10240,   72
  215,20250628,   14,  250,   90,  233,10241,   73
  215,20250628,   15,  240,   60,  249,10239,   68
  215,20250628,   16,  250,   70,  248,10236,   67
  215,20250628,   17,  240,   60,  249,10234,   67
  215,20250628,   18,  230,   60,  233,10234,   72
  215,20250628,   19,  240,   60,  221,10235,   75
  215,20250628,   20,  230,   60,  212,10235,   78
  215,20250628,   21,  230,   50,  204,10237,   83
  215,20250628,   22,  230,   60,  205,10235,   83
  215,20250628,   23,  230,   50,  201,10238,   85
  215,20250628,   24,  230,   60,  199,10237,   86
  215,20250629,    1,  240,   30,  194,10234,   88
  215,20250629,    2,  240,   40,  193,10233,   88
  215,20250629,    3,  250,   40,  188,10232,   90
  215,20250629,    4,  270,   30,  187,10235,   90
  215,20250629,    5,  270,   40,  193,10239,   88
  215,20250629,    6,  300,   40,  204,10243,   78
  215,20250629,    7,  310,   40,  211,10247,   72
  215,20250629,    8,  310,   50,  220,10249,   67
  215,20250629,    9,  320,   50,  219,10251,   70
  215,20250629,   10,  350,   40,  225,10255,   72
  215,20250629,   11,  350,   30,  228,10254,   68
  215,20250629,   12,  320,   40,  228,10254,   69
  215,20250629,   13,  330,   40,  224,10254,   69
  215,20250629,   14,  310,   40,  229,10254,   63
  215,20250629,   15,  320,   50,  226,10253,   70
  215,20250629,   16,  340,   50,  219,10251,   71
  215,20250629,   17,  350,   50,  212,10250,   73
  215,20250629,   18,  350,   50,  207,10246,   72
  215,20250629,   19,  360,   40,  198,10242,   75
  215,20250629,   20,  360,   30,  182,10241,   79
  215,20250629,   21,   30,   20,  169,10244,   85
  215,20250629,   22,   80,   20,  178,10243,   79
  215,20250629,   23,   60,   20,  167,10241,   80
  215,20250629,   24,   50,   10,  152,10239,   93
  215,20250630,    1,   70,   20,  158,10234,   85
  215,20250630,    2,   90,   20,  156,10233,   86
  215,20250630,    3,   70,   20,  157,10229,   86
  215,20250630,    4,   80,   30,  158,10227,   85
  215,20250630,    5,   90,   30,  171,10227,   79
  215,20250630,    6,   90,   20,  188,10224,   73
  215,20250630,    7,  100,   30,  204,10223,   68
  215,20250630,    8,   90,   30,  225,10221,   65
  215,20250630,    9,  100,   40,  235,10215,   62
  215,20250630,   10,  100,   40,  251,10210,   63
  215,20250630,   11,  120,   40,  262,10206,   57
  215,20250630,   12,  140,   30,  275,10201,   55
  215,20250630,   13,  130,   30,  286,10194,   48
  215,20250630,   14,  120,   30,  291,10189,   46
  215,20250630,   15,  110,   30,  294,10181,   47
  215,20250630,   16,  110,   40,  295,10176,   45
  215,20250630,   17,  100,   40,  293,10169,   46
  215,20250630,   18,  100,   30,  288,10164,   44
  215,20250630,   19,  110,   30,  273,10164,   49
  215,20250630,   20,   80,   20,  250,10165,   59
  215,20250630,   21,   90,   20,  230,10165,   72
  215,20250630,   22,  110,   30,  222,10163,   70
  215,20250630,   23,  120,   30,  220,10163,   67
  215,20250630,   24,  120,   20,  209,10162,   62
  215,20250701,    1,  120,   20,  196,10159,   66
  215,20250701,    2,  120,   10,  193,10157,   68
  215,20250701,    3,  170,   10,  183,10154,   80
  215,20250701,    4,  120,   10,  181,10154,   78
  215,20250701,    5,  140,   20,  210,10154,   66
  215,20250701,    6,  140,   20,  229,10153,   59
  215,20250701,    7,  130,   20,  251,10153,   54
  215,20250701,    8,  130,   30,  275,10153,   52
  215,20250701,    9,  140,   20,  299,10152,   48
  215,20250701,   10,  130,   40,  321,10150,   45
  215,20250701,   11,  140,   40,  331,10148,   43
  215,20250701,   12,  160,   40,  337,10146,   42
  215,20250701,   13,  190,   20,  339,10143,   39
  215,20250701,   14,  220,   30,  333,10140,   40
  215,20250701,   15,  990,   10,  338,10136,   41
  215,20250701,   16,  300,   20,  345,10133,   36
  215,20250701,   17,  220,   50,  341,10130,   36
  215,20250701,   18,  240,   40,  322,10129,   42
  215,20250701,   19,  270,   40,  262,10132,   64
  215,20250701,   20,  280,   40,  242,10138,   66
  215,20250701,   21,  290,   40,  236,10143,   66
  215,20250701,   22,  270,   20,  214,10144,   78
  215,20250701,   23,  250,   10,  204,10143,   84
  215,20250701,   24,  240,   10,  191,10137,   88
  215,20250702,    1,    0,    0,  176,10135,   96
  215,20250702,    2,  170,   10,  177,10136,   99
  215,20250702,    3,  300,   30,  190,10138,   94
  215,20250702,    4,  320,   20,  188,10142,   92
  215,20250702,    5,  150,   20,  203,10135,   89
  215,20250702,    6,  990,   10,  217,10137,   83
  215,20250702,    7,  220,   20,  240,10142,   76
  215,20250702,    8,  320,   40,  249,10140,   69
  215,20250702,    9,  320,   20,  258,10140,   65
  215,20250702,   10,  990,   10,  295,10137,   55
  215,20250702,   11,  300,   30,  269,10139,   62
  215,20250702,   12,  310,   40,  248,10142,   70
  215,20250702,   13,  290,   70,  217,10158,   79
  215,20250702,   14,  320,   60,  199,10151,   84
  215,20250702,   15,  300,   40,  189,10152,   95
  215,20250702,   16,  290,   70,  181,10154,   94
  215,20250702,   17,  280,   50,  179,10163,   94
  215,20250702,   18,  300,   60,  181,10164,   92
  215,20250702,   19,  310,   50,  176,10181,   85
  215,20250702,   20,  300,   40,  170,10191,   88
  215,20250702,   21,  320,   50,  163,10198,   87
  215,20250702,   22,  310,   40,  160,10206,   86
  215,20250702,   23,  310,   60,  164,10211,   80
  215,20250702,   24,  310,   50,  160,10215,   80
  215,20250703,    1,  310,   60,  152,10218,   70
  215,20250703,    2,  310,   70,  152,10224,   76
  215,20250703,    3,  310,   60,  148,10229,   79
  215,20250703,    4,  320,   50,  149,10234,   77
  215,20250703,    5,  320,   50,  151,10242,   77
  215,20250703,    6,  320,   60,  154,10251,   75
  215,20250703,    7,  330,   70,  168,10260,   68
  215,20250703,    8,  330,   70,  165,10268,   69
  215,20250703,    9,  320,   50,  170,10274,   67
  215,20250703,   10,  320,   50,  188,10278,   66
  215,20250703,   11,  340,   60,  184,10281,   67
  215,20250703,   12,  320,   50,  186,10286,   67
  215,20250703,   13,  330,   50,  191,10286,   64
  215,20250703,   14,  320,   50,  185,10287,   66
  215,20250703,   15,  320,   50,  186,10286,   66
  215,20250703,   16,  320,   50,  183,10285,   66
  215,20250703,   17,  320,   50,  183,10282,   66
  215,20250703,   18,  320,   40,  174,10280,   64
  215,20250703,   19,  330,   20,  154,10280,   76
  215,20250703,   20,  300,   10,  138,10281,   85
  215,20250703,   21,  270,   10,  118,10284,   94
  215,20250703,   22,    0,    0,  118,10285,   98
  215,20250703,   23,    0,    0,  107,10286,   98
  215,20250703,   24,    0,    0,  101,10286,   99
  215,20250704,    1,  230,   10,   99,10284,   99
  215,20250704,    2,    0,    0,  102,10282,   99
  215,20250704,    3,  210,   10,  111,10278,   99
  215,20250704,    4,  190,   20,  110,10278,   99
  215,20250704,    5,  200,   20,  127,10276,   96
  215,20250704,    6,  200,   20,  166,10278,   78
  215,20250704,    7,  210,   40,  193,10279,   55
  215,20250704,    8,  230,   50,  208,10277,   51
  215,20250704,    9,  240,   60,  214,10275,   52
  215,20250704,   10,  270,   70,  212,10276,   59
  215,20250704,   11,  260,   60,  213,10271,   55
  215,20250704,   12,  270,   60,  222,10268,   47
  215,20250704,   13,  260,   60,  219,10264,   48
  215,20250704,   14,  260,   50,  221,10259,   51
  215,20250704,   15,  250,   50,  223,10251,   44
  215,20250704,   16,  260,   60,  221,10245,   44
  215,20250704,   17,  260,   50,  220,10236,   39
  215,20250704,   18,  240,   60,  212,10231,   44
  215,20250704,   19,  230,   30,  196,10223,   52
  215,20250704,   20,  230,   40,  182,10218,   56
  215,20250704,   21,  230,   50,  180,10212,   56
  215,20250704,   22,  220,   40,  173,10207,   61
  215,20250704,   23,  230,   50,  181,10200,   58
  215,20250704,   24,  220,   50,  185,10193,   61
  215,20250705,    1,  220,   40,  186,10185,   66
  215,20250705,    2,  210,   40,  180,10179,   72
  215,20250705,    3,  220,   40,  176,10173,   76
  215,20250705,    4,  200,   30,  171,10168,   82
  215,20250705,    5,  220,   30,  175,10164,   83
  215,20250705,    6,  240,   50,  191,10164,   66
  215,20250705,    7,  250,   70,  193,10161,   67
  215,20250705,    8,  250,   80,  189,10160,   70
  215,20250705,    9,  260,   70,  172,10159,   81
  215,20250705,   10,  250,   70,  186,10158,   73
  215,20250705,   11,  240,   70,  195,10156,   66
  215,20250705,   12,  250,   80,  195,10155,   70
  215,20250705,   13,  240,   70,  193,10152,   74
  215,20250705,   14,  240,   70,  206,10144,   67
  215,20250705,   15,  230,   60,  205,10138,   71
  215,20250705,   16,  230,   80,  199,10133,   76
  215,20250705,   17,  240,   80,  183,10131,   85
  215,20250705,   18,  240,   60,  178,10124,   93
  215,20250705,   19,  230,   60,  182,10120,   88
  215,20250705,   20,  230,   50,  174,10115,   95
  215,20250705,   21,  230,   50,  178,10111,   93
  215,20250705,   22,  230,   50,  181,10107,   90
  215,20250705,   23,  240,   60,  182,10103,   89
  215,20250705,   24,  240,   50,  181,10098,   89
  215,20250706,    1,  240,   50,  182,10092,   88
  215,20250706,    2,  240,   50,  183,10087,   88
  215,20250706,    3,  240,   50,  182,10081,   89
  215,20250706,    4,  230,   40,  182,10077,   90
  215,20250706,    5,  240,   30,  184,10074,   89
  215,20250706,    6,  250,   40,  188,10071,   87
  215,20250706,    7,  250,   50,  189,10067,   86
  215,20250706,    8,  280,   50,  190,10064,   84
  215,20250706,    9,  280,   40,  184,10060,   92
  215,20250706,   10,  210,   50,  170,10060,   95
  215,20250706,   11,  210,   30,  171,10058,   97
  215,20250706,   12,  210,   40,  175,10054,   95
  215,20250706,   13,  200,   40,  181,10052,   92
  215,20250706,   14,  210,   40,  185,10051,   87
  215,20250706,   15,  190,   20,  175,10049,   94
  215,20250706,   16,  180,   20,  171,10049,   96
  215,20250706,   17,  230,   10,  181,10044,   93
  215,20250706,   18,  240,   20,  181,10046,   91
  215,20250706,   19,  260,   20,  176,10043,   92
  215,20250706,   20,  290,   10,  163,10042,   98
  215,20250706,   21,  200,   20,  141,10043,   99
  215,20250706,   22,  250,   20,  153,10042,   99
  215,20250706,   23,  280,   20,  155,10041,   98
  215,20250706,   24,  320,   20,  156,10039,   96
  215,20250707,    1,  260,   20,  154,10039,   97
  215,20250707,    2,  310,   20,  158,10038,   93
  215,20250707,    3,  310,   40,  159,10036,   90
  215,20250707,    4,  340,   50,  155,10037,   87
  215,20250707,    5,  340,   50,  158,10039,   84
  215,20250707,    6,  340,   70,  166,10042,   81
  215,20250707,    7,  350,   70,  166,10047,   80
  215,20250707,    8,  350,   80,  168,10054,   78
  215,20250707,    9,  340,   90,  152,10062,   78
  215,20250707,   10,  340,   90,  177,10067,   70
  215,20250707,   11,  350,   80,  182,10072,   66
  215,20250707,   12,  340,   90,  186,10076,   64
  215,20250707,   13,  340,   90,  188,10081,   64
  215,20250707,   14,  340,   90,  190,10087,   64
  215,20250707,   15,  330,   90,  175,10093,   63
  215,20250707,   16,  320,   90,  177,10099,   60
  215,20250707,   17,  320,   70,  166,10104,   66
  215,20250707,   18,  320,   60,  153,10107,   72
  215,20250707,   19,  320,   60,  154,10111,   72
  215,20250707,   20,  320,   50,  146,10111,   70
  215,20250707,   21,  310,   40,  140,10111,   74
  215,20250707,   22,  300,   40,  145,10110,   69
  215,20250707,   23,  290,   30,  137,10106,   73
  215,20250707,   24,  300,   20,  133,10105,   76
  240,20240707,    1,  200,   70,  125,10087,   90
  240,20240707,    2,  200,   40,  120,10089,   91
  240,20240707,    3,  210,   50,  123,10091,   92
  240,20240707,    4,  210,   70,  128,10095,   89
  240,20240707,    5,  180,   30,  124,10098,   94
  240,20240707,    6,  200,   50,  139,10101,   91
  240,20240707,    7,  200,   60,  152,10104,   85
  240,20240707,    8,  200,   80,  163,10108,   77
  240,20240707,    9,  210,   70,  163,10110,   72
  240,20240707,   10,  210,   80,  176,10111,   67
  240,20240707,   11,  210,   90,  164,10115,   70
  240,20240707,   12,  200,   70,  154,10120,   88
  240,20240707,   13,  200,   70,  174,10121,   66
  240,20240707,   14,  210,   80,  159,10127,   72
  240,20240707,   15,  220,   80,  152,10129,   83
  240,20240707,   16,  200,   60,  158,10125,   80
  240,20240707,   17,  230,   70,  171,10125,   66
  240,20240707,   18,  210,   60,  172,10125,   67
  240,20240707,   19,  200,   70,  152,10128,   82
  240,20240707,   20,  210,   50,  135,10133,   90
  240,20240707,   21,  160,   20,  134,10134,   93
  240,20240707,   22,  170,   40,  140,10136,   92
  240,20240707,   23,  180,   40,  132,10137,   92
  240,20240707,   24,  180,   50,  134,10140,   91
  240,20240708,    1,  190,   40,  129,10141,   92
  240,20240708,    2,  200,   40,  127,10141,   92
  240,20240708,    3,  200,   40,  128,10145,   94
  240,20240708,    4,  190,   30,  117,10147,   96
  240,20240708,    5,  190,   30,  133,10153,   94
  240,20240708,    6,  180,   30,  150,10159,   90
  240,20240708,    7,  200,   50,  164,10164,   84
  240,20240708,    8,  200,   50,  171,10167,   76
  240,20240708,    9,  220,   50,  188,10168,   65
  240,20240708,   10,  230,   40,  180,10172,   67
  240,20240708,   11,  220,   40,  197,10175,   62
  240,20240708,   12,  260,   40,  188,10178,   62
  240,20240708,   13,  280,   40,  201,10177,   63
  240,20240708,   14,  300,   40,  195,10177,   62
  240,20240708,   15,  310,   30,  194,10176,   65
  240,20240708,   16,  300,   20,  189,10178,   61
  240,20240708,   17,  310,   30,  188,10178,   62
  240,20240708,   18,   10,   20,  183,10178,   63
  240,20240708,   19,   40,   30,  179,10181,   67
  240,20240708,   20,   70,   30,  171,10183,   72
  240,20240708,   21,   60,   30,  172,10180,   80
  240,20240708,   22,   60,   30,  170,10179,   82
  240,20240708,   23,   80,   40,  172,10176,   79
  240,20240708,   24,   90,   30,  166,10172,   80
  240,20240709,    1,   90,   30,  169,10169,   78
  240,20240709,    2,   90,   30,  170,10164,   76
  240,20240709,    3,   80,   30,  169,10159,   78
  240,20240709,    4,   80,   40,  176,10153,   72
  240,20240709,    5,   80,   50,  178,10148,   72
  240,20240709,    6,  100,   40,  186,10143,   69
  240,20240709,    7,  110,   50,  199,10140,   66
  240,20240709,    8,  130,   40,  208,10140,   64
  240,20240709,    9,  120,   30,  219,10139,   65
  240,20240709,   10,  120,   40,  240,10134,   58
  240,20240709,   11,  110,   40,  247,10132,   57
  240,20240709,   12,  130,   40,  258,10128,   55
  240,20240709,   13,  140,   40,  260,10124,   55
  240,20240709,   14,  150,   30,  260,10120,   54
  240,20240709,   15,   60,   30,  260,10108,   58
  240,20240709,   16,  310,   60,  219,10105,   68
  240,20240709,   17,  330,   60,  207,10100,   69
  240,20240709,   18,  300,   70,  174,10119,   97
  240,20240709,   19,   40,   50,  177,10108,   97
  240,20240709,   20,   70,   30,  183,10109,   95
  240,20240709,   21,  210,   30,  181,10112,   96
  240,20240709,   22,  240,   40,  183,10115,   95
  240,20240709,   23,  230,   20,  177,10116,   92
  240,20240709,   24,  210,   30,  170,10120,   96
  240,20240710,    1,  220,   40,  168,10122,   96
  240,20240710,    2,  220,   30,  164,10117,   96
  240,20240710,    3,  180,   40,  164,10121,   95
  240,20240710,    4,  180,   50,  169,10128,   93
  240,20240710,    5,  190,   30,  168,10126,   94
  240,20240710,    6,  160,   40,  174,10130,   93
  240,20240710,    7,  170,   50,  198,10132,   85
  240,20240710,    8,  170,   60,  202,10132,   85
  240,20240710,    9,  180,   70,  198,10133,   91
  240,20240710,   10,  210,   70,  216,10134,   82
  240,20240710,   11,  250,   70,  201,10141,   77
  240,20240710,   12,  230,   80,  207,10142,   63
  240,20240710,   13,  240,   90,  210,10146,   61
  240,20240710,   14,  250,   90,  211,10146,   62
  240,20240710,   15,  250,   90,  211,10146,   60
  240,20240710,   16,  250,   90,  211,10147,   63
  240,20240710,   17,  250,   80,  205,10148,   63
  240,20240710,   18,  240,   90,  198,10152,   61
  240,20240710,   19,  240,   60,  187,10154,   69
  240,20240710,   20,  220,   50,  178,10156,   71
  240,20240710,   21,  210,   50,  168,10157,   76
  240,20240710,   22,  210,   40,  163,10158,   80
  240,20240710,   23,  200,   50,  162,10159,   82
  240,20240710,   24,  210,   40,  157,10158,   86
  240,20240711,    1,  210,   40,  150,10157,   89
  240,20240711,    2,  210,   50,  154,10155,   87
  240,20240711,    3,  220,   50,  153,10153,   87
  240,20240711,    4,  210,   40,  147,10156,   92
  240,20240711,    5,  220,   50,  157,10157,   90
  240,20240711,    6,  210,   50,  166,10160,   88
  240,20240711,    7,  260,   60,  175,10164,   70
  240,20240711,    8,  260,   60,  181,10167,   70
  240,20240711,    9,  260,   70,  180,10172,   69
  240,20240711,   10,  260,   60,  183,10172,   69
  240,20240711,   11,  280,   60,  191,10175,   69
  240,20240711,   12,  270,   60,  196,10176,   59
  240,20240711,   13,  260,   60,  193,10179,   62
  240,20240711,   14,  280,   50,  196,10179,   66
  240,20240711,   15,  280,   50,  189,10179,   66
  240,20240711,   16,  290,   50,  184,10179,   66
  240,20240711,   17,  280,   40,  184,10180,   66
  240,20240711,   18,  310,   40,  178,10179,   69
  240,20240711,   19,  320,   30,  164,10178,   77
  240,20240711,   20,  310,   30,  153,10178,   85
  240,20240711,   21,  320,   20,  151,10176,   86
  240,20240711,   22,  320,   10,  150,10174,   87
  240,20240711,   23,  360,   20,  154,10173,   87
  240,20240711,   24,   40,   30,  153,10169,   87
  240,20240712,    1,   10,   30,  150,10165,   87
  240,20240712,    2,   10,   30,  149,10161,   87
  240,20240712,    3,   10,   30,  151,10156,   84
  240,20240712,    4,   20,   50,  149,10149,   85
  240,20240712,    5,   20,   40,  151,10144,   85
  240,20240712,    6,   10,   40,  154,10144,   83
  240,20240712,    7,   10,   50,  152,10141,   83
  240,20240712,    8,  360,   50,  152,10133,   83
  240,20240712,    9,  360,   50,  150,10133,   81
  240,20240712,   10,  350,   40,  146,10133,   88
  240,20240712,   11,  350,   40,  140,10130,   90
  240,20240712,   12,  350,   60,  138,10127,   90
  240,20240712,   13,  340,   50,  140,10125,   91
  240,20240712,   14,  340,   40,  145,10124,   90
  240,20240712,   15,  330,   40,  144,10124,   88
  240,20240712,   16,  310,   50,  150,10124,   85
  240,20240712,   17,  290,   50,  145,10123,   91
  240,20240712,   18,  290,   40,  147,10120,   91
  240,20240712,   19,  290,   40,  147,10118,   90
  240,20240712,   20,  280,   40,  146,10118,   90
  240,20240712,   21,  270,   40,  145,10116,   91
  240,20240712,   22,  270,   20,  145,10114,   91
  240,20240712,   23,  220,   30,  144,10109,   92
  240,20240712,   24,  220,   40,  146,10105,   93
  240,20240713,    1,  250,   30,  145,10100,   91
  240,20240713,    2,  240,   40,  146,10098,   94
  240,20240713,    3,  230,   40,  143,10095,   96
  240,20240713,    4,  230,   30,  143,10093,   95
  240,20240713,    5,  250,   40,  144,10094,   95
  240,20240713,    6,  270,   50,  150,10095,   92
  240,20240713,    7,  280,   60,  156,10097,   89
  240,20240713,    8,  270,   90,  156,10098,   88
  240,20240713,    9,  270,   90,  148,10103,   92
  240,20240713,   10,  260,   90,  158,10104,   85
  240,20240713,   11,  250,   80,  153,10107,   89
  240,20240713,   12,  260,   90,  157,10111,   83
  240,20240713,   13,  250,   80,  161,10114,   81
  240,20240713,   14,  240,   80,  155,10117,   79
  240,20240713,   15,  240,   70,  154,10119,   81
  240,20240713,   16,  250,   80,  150,10121,   79
  240,20240713,   17,  240,   70,  149,10121,   82
  240,20240713,   18,  240,   50,  153,10121,   78
  240,20240713,   19,  230,   50,  150,10120,   78
  240,20240713,   20,  230,   50,  144,10121,   79
  240,20240713,   21,  220,   40,  139,10120,   80
  240,20240713,   22,  210,   50,  140,10121,   83
  240,20240713,   23,  210,   50,  143,10119,   84
  240,20240713,   24,  200,   50,  135,10118,   89
  240,20240714,    1,  190,   40,  129,10115,   90
  240,20240714,    2,  190,   40,  126,10112,   92
  240,20240714,    3,  190,   40,  126,10110,   93
  240,20240714,    4,  200,   50,  131,10110,   93
  240,20240714,    5,  210,   60,  143,10113,   90
  240,20240714,    6,  210,   60,  156,10112,   87
  240,20240714,    7,  220,   60,  169,10110,   83
  240,20240714,    8,  220,   80,  183,10110,   72
  240,20240714,    9,  240,   80,  175,10112,   67
  240,20240714,   10,  240,   80,  202,10113,   64
  240,20240714,   11,  250,   90,  196,10114,   62
  240,20240714,   12,  260,   90,  199,10116,   62
  240,20240714,   13,  250,  100,  199,10119,   60
  240,20240714,   14,  250,   90,  198,10120,   59
  240,20240714,   15,  250,   80,  200,10121,   60
  240,20240714,   16,  240,   80,  190,10118,   56
  240,20240714,   17,  230,   70,  191,10118,   54
  240,20240714,   18,  240,   70,  186,10120,   55
  240,20240714,   19,  240,   40,  180,10122,   60
  240,20240714,   20,  240,   50,  172,10123,   64
  240,20240714,   21,  220,   50,  160,10124,   71
  240,20240714,   22,  200,   40,  147,10124,   78
  240,20240714,   23,  200,   40,  135,10123,   84
  240,20240714,   24,  210,   30,  130,10123,   83
  240,20240715,    1,  200,   20,  124,10123,   87
  240,20240715,    2,  170,   30,  122,10122,   88
  240,20240715,    3,  170,   20,  116,10122,   89
  240,20240715,    4,  170,   20,  122,10122,   91
  240,20240715,    5,  150,   10,  136,10124,   90
  240,20240715,    6,  160,   20,  159,10123,   85
  240,20240715,    7,  170,   20,  178,10122,   76
  240,20240715,    8,  200,   20,  202,10122,   63
  240,20240715,    9,  190,   20,  215,10119,   56
  240,20240715,   10,  180,   40,  225,10118,   54
  240,20240715,   11,  180,   30,  228,10112,   55
  240,20240715,   12,  180,   30,  236,10110,   48
  240,20240715,   13,  160,   30,  241,10106,   50
  240,20240715,   14,  130,   30,  244,10099,   49
  240,20240715,   15,  110,   40,  234,10094,   54
  240,20240715,   16,   70,   30,  226,10091,   59
  240,20240715,   17,   70,   30,  216,10089,   63
  240,20240715,   18,   70,   40,  209,10084,   69
  240,20240715,   19,   90,   20,  191,10081,   83
  240,20240715,   20,  360,   20,  194,10078,   83
  240,20240715,   21,   20,   20,  183,10073,   90
  240,20240715,   22,   70,   30,  176,10067,   89
  240,20240715,   23,  120,   20,  179,10062,   88
  240,20240715,   24,   80,   30,  175,10056,   91
  240,20240716,    1,  100,   10,  178,10052,   90
  240,20240716,    2,  190,   50,  176,10054,   91
  240,20240716,    3,  220,   60,  171,10058,   90
  240,20240716,    4,  210,   60,  166,10063,   88
  240,20240716,    5,  210,   80,  172,10069,   86
  240,20240716,    6,  230,   80,  177,10076,   80
  240,20240716,    7,  240,   80,  178,10083,   78
  240,20240716,    8,  220,   70,  187,10087,   78
  240,20240716,    9,  200,   80,  202,10087,   71
  240,20240716,   10,  200,   70,  188,10089,   74
  240,20240716,   11,  210,   90,  213,10089,   66
  240,20240716,   12,  200,   50,  179,10096,   86
  240,20240716,   13,  220,   80,  193,10099,   82
  240,20240716,   14,  240,   90,  195,10103,   74
  240,20240716,   15,  240,   70,  197,10100,   68
  240,20240716,   16,  240,   80,  194,10102,   79
  240,20240716,   17,  240,   70,  182,10105,   78
  240,20240716,   18,  240,   80,  182,10109,   80
  240,20240716,   19,  240,   80,  181,10115,   80
  240,20240716,   20,  240,   80,  179,10120,   84
  240,20240716,   21,  270,   80,  161,10127,   86
  240,20240716,   22,  270,   70,  158,10133,   88
  240,20240716,   23,  250,   50,  159,10139,   87
  240,20240716,   24,  270,   70,  160,10143,   87
  240,20240717,    1,  270,   70,  160,10150,   87
  240,20240717,    2,  270,   50,  157,10155,   88
  240,20240717,    3,  260,   50,  156,10162,   88
  240,20240717,    4,  260,   40,  152,10166,   88
  240,20240717,    5,  260,   40,  159,10173,   87
  240,20240717,    6,  280,   40,  165,10180,   85
  240,20240717,    7,  280,   40,  181,10186,   79
  240,20240717,    8,  270,   40,  190,10191,   75
  240,20240717,    9,  280,   40,  193,10195,   73
  240,20240717,   10,  270,   50,  191,10202,   75
  240,20240717,   11,  250,   40,  202,10206,   74
  240,20240717,   12,  270,   60,  203,10210,   71
  240,20240717,   13,  260,   60,  208,10211,   71
  240,20240717,   14,  280,   50,  204,10214,   71
  240,20240717,   15,  280,   40,  195,10219,   73
  240,20240717,   16,  280,   40,  193,10220,   72
  240,20240717,   17,  300,   30,  189,10219,   73
  240,20240717,   18,  310,   30,  184,10223,   73
  240,20240717,   19,  320,   10,  174,10225,   79
  240,20240717,   20,  330,   20,  164,10227,   83
  240,20240717,   21,   40,   10,  157,10227,   89
  240,20240717,   22,   90,   10,  154,10228,   91
  240,20240717,   23,   70,   10,  147,10227,   95
  240,20240717,   24,   60,   10,  140,10227,   98
  240,20240718,    1,    0,    0,  139,10226,   98
  240,20240718,    2,    0,    0,  138,10226,   97
  240,20240718,    3,   70,   10,  133,10224,   98
  240,20240718,    4,    0,    0,  136,10227,   98
  240,20240718,    5,   70,   20,  146,10226,   98
  240,20240718,    6,   90,   20,  172,10227,   90
  240,20240718,    7,  130,   20,  182,10229,   86
  240,20240718,    8,   90,   10,  200,10230,   77
  240,20240718,    9,  150,   10,  213,10230,   63
  240,20240718,   10,   90,   20,  229,10230,   61
  240,20240718,   11,  330,   10,  238,10226,   57
  240,20240718,   12,  990,   10,  244,10222,   52
  240,20240718,   13,  340,   20,  249,10222,   51
  240,20240718,   14,  340,   20,  255,10219,   51
  240,20240718,   15,   50,   30,  245,10217,   61
  240,20240718,   16,   70,   20,  249,10215,   58
  240,20240718,   17,   60,   30,  245,10212,   59
  240,20240718,   18,   70,   30,  237,10212,   63
  240,20240718,   19,   60,   30,  218,10214,   68
  240,20240718,   20,   60,   30,  203,10216,   73
  240,20240718,   21,   60,   30,  193,10217,   77
  240,20240718,   22,   60,   30,  188,10215,   80
  240,20240718,   23,   60,   30,  183,10214,   84
  240,20240718,   24,   70,   20,  184,10211,   81
  240,20240719,    1,   70,   30,  175,10205,   84
  240,20240719,    2,   80,   20,  176,10200,   85
  240,20240719,    3,   80,   20,  182,10200,   85
  240,20240719,    4,   70,   10,  184,10200,   83
  240,20240719,    5,   70,   10,  189,10198,   83
  240,20240719,    6,   80,   20,  199,10196,   80
  240,20240719,    7,   90,   20,  213,10196,   73
  240,20240719,    8,   80,   30,  219,10193,   72
  240,20240719,    9,  120,   40,  225,10190,   69
  240,20240719,   10,  110,   20,  235,10190,   68
  240,20240719,   11,  110,   40,  240,10187,   63
  240,20240719,   12,  120,   30,  254,10184,   60
  240,20240719,   13,  120,   30,  261,10182,   58
  240,20240719,   14,  120,   30,  261,10175,   65
  240,20240719,   15,  120,   40,  268,10169,   58
  240,20240719,   16,  110,   30,  276,10164,   56
  240,20240719,   17,  110,   40,  275,10159,   53
  240,20240719,   18,  120,   40,  268,10155,   58
  240,20240719,   19,  110,   30,  251,10153,   64
  240,20240719,   20,  100,   20,  230,10152,   72
  240,20240719,   21,  110,   20,  217,10151,   77
  240,20240719,   22,  120,   40,  221,10150,   73
  240,20240719,   23,  130,   40,  218,10145,   70
  240,20240719,   24,  120,   40,  210,10140,   72
  240,20240720,    1,  120,   40,  202,10134,   74
  240,20240720,    2,  120,   30,  193,10128,   77
  240,20240720,    3,  120,   30,  193,10122,   76
  240,20240720,    4,  110,   30,  184,10119,   81
  240,20240720,    5,   90,   10,  194,10114,   80
  240,20240720,    6,  110,   30,  219,10110,   68
  240,20240720,    7,  120,   30,  236,10108,   66
  240,20240720,    8,  120,   30,  254,10105,   64
  240,20240720,    9,  120,   40,  264,10100,   57
  240,20240720,   10,  130,   40,  271,10096,   55
  240,20240720,   11,  160,   40,  283,10090,   49
  240,20240720,   12,  120,   40,  285,10083,   48
  240,20240720,   13,  140,   40,  292,10077,   44
  240,20240720,   14,  170,   40,  291,10073,   43
  240,20240720,   15,  140,   40,  294,10068,   42
  240,20240720,   16,  290,   60,  256,10065,   65
  240,20240720,   17,  320,   40,  248,10064,   66
  240,20240720,   18,  270,   40,  237,10064,   65
  240,20240720,   19,  310,   30,  222,10067,   70
  240,20240720,   20,  310,   30,  213,10070,   74
  240,20240720,   21,  320,   20,  202,10069,   77
  240,20240720,   22,  340,   10,  194,10065,   77
  240,20240720,   23,   60,   10,  196,10062,   81
  240,20240720,   24,   90,   20,  178,10060,   83
  240,20240721,    1,  100,   20,  187,10057,   75
  240,20240721,    2,   90,   10,  194,10054,   77
  240,20240721,    3,  330,   20,  177,10053,   81
  240,20240721,    4,  290,   20,  180,10059,   80
  240,20240721,    5,  320,   30,  190,10059,   77
  240,20240721,    6,  340,   30,  204,10061,   75
  240,20240721,    7,  360,   20,  207,10064,   73
  240,20240721,    8,  300,   60,  196,10074,   90
  240,20240721,    9,  330,   40,  196,10078,   92
  240,20240721,   10,  350,   20,  201,10082,   89
  240,20240721,   11,   40,   10,  214,10087,   83
  240,20240721,   12,  260,   30,  226,10087,   80
  240,20240721,   13,  280,   40,  217,10091,   81
  240,20240721,   14,  290,   60,  205,10096,   84
  240,20240721,   15,  300,   60,  218,10102,   80
  240,20240721,   16,  300,   60,  194,10107,   85
  240,20240721,   17,  280,   60,  191,10110,   85
  240,20240721,   18,  300,   60,  183,10111,   86
  240,20240721,   19,  300,   40,  179,10118,   86
  240,20240721,   20,  300,   40,  175,10123,   87
  240,20240721,   21,  310,   40,  164,10131,   88
  240,20240721,   22,  310,   30,  160,10133,   88
  240,20240721,   23,  300,   40,  155,10138,   87
  240,20240721,   24,  300,   20,  143,10142,   89
  240,20240722,    1,  260,   30,  143,10143,   88
  240,20240722,    2,  270,   30,  134,10145,   90
  240,20240722,    3,  270,   30,  135,10146,   90
  240,20240722,    4,  260,   10,  132,10148,   89
  240,20240722,    5,  220,   20,  147,10151,   87
  240,20240722,    6,  220,   20,  172,10155,   78
  240,20240722,    7,  210,   30,  184,10158,   72
  240,20240722,    8,  190,   20,  198,10158,   59
  240,20240722,    9,  180,   30,  200,10159,   68
  240,20240722,   10,  210,   40,  190,10165,   84
  240,20240722,   11,  240,   70,  184,10167,   85
  240,20240722,   12,  240,   70,  212,10167,   59
  240,20240722,   13,  230,   60,  222,10166,   58
  240,20240722,   14,  260,   80,  221,10166,   61
  240,20240722,   15,  270,   70,  207,10168,   70
  240,20240722,   16,  260,   50,  206,10166,   72
  240,20240722,   17,  240,   40,  204,10164,   74
  240,20240722,   18,  250,   60,  191,10164,   85
  240,20240722,   19,  240,   70,  189,10166,   86
  240,20240722,   20,  210,   40,  191,10165,   87
  240,20240722,   21,  230,   50,  191,10162,   89
  240,20240722,   22,  210,   50,  193,10160,   87
  240,20240722,   23,  210,   60,  194,10158,   83
  240,20240722,   24,  230,   60,  193,10157,   83
  240,20240723,    1,  230,   70,  189,10153,   82
  240,20240723,    2,  240,   60,  185,10149,   85
  240,20240723,    3,  240,   50,  182,10148,   87
  240,20240723,    4,  230,   50,  181,10145,   87
  240,20240723,    5,  240,   50,  183,10144,   87
  240,20240723,    6,  240,   50,  187,10144,   85
  240,20240723,    7,  250,   40,  189,10143,   85
  240,20240723,    8,  280,   50,  193,10145,   85
  240,20240723,    9,  270,   40,  196,10144,   84
  240,20240723,   10,  290,   50,  201,10146,   81
  240,20240723,   11,  290,   50,  211,10150,   75
  240,20240723,   12,  310,   50,  213,10154,   73
  240,20240723,   13,  310,   50,  220,10157,   67
  240,20240723,   14,  310,   60,  206,10164,   69
  240,20240723,   15,  310,   70,  207,10170,   68
  240,20240723,   16,  310,   70,  194,10174,   74
  240,20240723,   17,  310,   60,  183,10181,   77
  240,20240723,   18,  310,   60,  178,10185,   80
  240,20240723,   19,  310,   60,  174,10189,   79
  240,20240723,   20,  310,   50,  173,10194,   84
  240,20240723,   21,  300,   50,  172,10196,   85
  240,20240723,   22,  300,   40,  173,10200,   85
  240,20240723,   23,  310,   40,  168,10201,   89
  240,20240723,   24,  320,   50,  168,10202,   90
  240,20240724,    1,  330,   50,  167,10206,   87
  240,20240724,    2,  330,   40,  167,10206,   86
  240,20240724,    3,  330,   30,  161,10210,   87
  240,20240724,    4,  330,   30,  162,10212,   81
  240,20240724,    5,  340,   30,  162,10214,   80
  240,20240724,    6,  340,   30,  164,10214,   80
  240,20240724,    7,  360,   30,  176,10215,   71
  240,20240724,    8,  340,   40,  181,10220,   72
  240,20240724,    9,  330,   30,  186,10219,   68
  240,20240724,   10,  320,   40,  194,10219,   66
  240,20240724,   11,  310,   30,  196,10218,   61
  240,20240724,   12,  300,   40,  196,10217,   62
  240,20240724,   13,  310,   30,  202,10214,   59
  240,20240724,   14,  300,   40,  203,10211,   59
  240,20240724,   15,  310,   30,  203,10209,   59
  240,20240724,   16,  310,   30,  200,10204,   58
  240,20240724,   17,  300,   30,  198,10200,   58
  240,20240724,   18,  310,   20,  189,10198,   60
  240,20240724,   19,  310,   30,  169,10198,   70
  240,20240724,   20,   60,   20,  166,10192,   74
  240,20240724,   21,  100,   20,  148,10190,   84
  240,20240724,   22,  120,   10,  151,10187,   81
  240,20240724,   23,  140,   20,  134,10185,   87
  240,20240724,   24,  120,   30,  150,10178,   84
  240,20240725,    1,  130,   30,  156,10175,   83
  240,20240725,    2,  140,   30,  160,10167,   79
  240,20240725,    3,  170,   20,  159,10166,   81
  240,20240725,    4,  150,   40,  161,10157,   78
  240,20240725,    5,  160,   40,  167,10155,   76
  240,20240725,    6,  170,   50,  176,10150,   72
  240,20240725,    7,  170,   50,  174,10147,   79
  240,20240725,    8,  170,   50,  186,10141,   75
  240,20240725,    9,  190,   60,  196,10137,   70
  240,20240725,   10,  190,   60,  220,10129,   66
  240,20240725,   11,  200,   70,  221,10126,   65
  240,20240725,   12,  210,   70,  229,10123,   66
  240,20240725,   13,  230,   90,  210,10123,   68
  240,20240725,   14,  210,   60,  215,10118,   66
  240,20240725,   15,  210,   60,  217,10114,   68
  240,20240725,   16,  240,   40,  186,10114,   93
  240,20240725,   17,  200,   40,  194,10107,   88
  240,20240725,   18,  230,   50,  196,10105,   79
  240,20240725,   19,  210,   70,  190,10106,   78
  240,20240725,   20,  190,   50,  184,10099,   86
  240,20240725,   21,  200,   40,  184,10098,   87
  240,20240725,   22,  190,   30,  185,10096,   89
  240,20240725,   23,  180,   40,  189,10091,   87
  240,20240725,   24,  180,   40,  186,10085,   90
  240,20240726,    1,  180,   50,  184,10079,   92
  240,20240726,    2,  190,   60,  182,10077,   95
  240,20240726,    3,  190,   50,  182,10074,   97
  240,20240726,    4,  250,   50,  180,10075,   96
  240,20240726,    5,  250,   50,  180,10075,   97
  240,20240726,    6,  240,   60,  181,10080,   95
  240,20240726,    7,  270,   60,  187,10088,   92
  240,20240726,    8,  290,   50,  186,10092,   86
  240,20240726,    9,  270,   60,  194,10100,   79
  240,20240726,   10,  270,   50,  198,10102,   74
  240,20240726,   11,  280,   60,  195,10108,   75
  240,20240726,   12,  250,   50,  206,10113,   70
  240,20240726,   13,  270,   60,  203,10117,   69
  240,20240726,   14,  250,   70,  211,10119,   65
  240,20240726,   15,  280,   60,  209,10117,   63
  240,20240726,   16,  260,   50,  197,10122,   61
  240,20240726,   17,  260,   50,  194,10121,   63
  240,20240726,   18,  290,   40,  183,10123,   76
  240,20240726,   19,  280,   30,  181,10123,   74
  240,20240726,   20,  300,   20,  164,10130,   81
  240,20240726,   21,  310,   10,  165,10130,   82
  240,20240726,   22,  120,   10,  152,10129,   88
  240,20240726,   23,   90,   10,  143,10130,   96
  240,20240726,   24,  160,   10,  139,10128,   97
  240,20240727,    1,  150,   20,  140,10130,   93
  240,20240727,    2,  120,   10,  140,10128,   94
  240,20240727,    3,  140,   30,  137,10128,   95
  240,20240727,    4,  150,   20,  127,10128,   97
  240,20240727,    5,  170,   20,  139,10131,   95
  240,20240727,    6,  170,   20,  160,10134,   89
  240,20240727,    7,  180,   30,  184,10136,   78
  240,20240727,    8,  200,   20,  196,10137,   68
  240,20240727,    9,  200,   30,  206,10137,   64
  240,20240727,   10,  170,   20,  214,10137,   57
  240,20240727,   11,  180,   20,  221,10136,   58
  240,20240727,   12,  190,   20,  225,10137,   56
  240,20240727,   13,  180,   20,  222,10136,   50
  240,20240727,   14,  290,   40,  213,10138,   65
  240,20240727,   15,  280,   40,  216,10140,   62
  240,20240727,   16,  280,   50,  206,10144,   63
  240,20240727,   17,  300,   50,  204,10146,   57
  240,20240727,   18,  310,   30,  198,10150,   62
  240,20240727,   19,  300,   40,  184,10155,   72
  240,20240727,   20,  310,   30,  165,10164,   88
  240,20240727,   21,  290,   30,  163,10172,   90
  240,20240727,   22,  300,   30,  163,10177,   91
  240,20240727,   23,  270,   30,  159,10182,   92
  240,20240727,   24,  310,   20,  152,10190,   95
  240,20240728,    1,  280,   40,  156,10198,   91
  240,20240728,    2,  290,   30,  145,10203,   84
  240,20240728,    3,  290,   30,  138,10210,   86
  240,20240728,    4,  290,   20,  136,10218,   87
  240,20240728,    5,  320,   20,  144,10227,   88
  240,20240728,    6,  310,   30,  171,10235,   86
  240,20240728,    7,  310,   40,  184,10245,   78
  240,20240728,    8,  290,   40,  191,10251,   72
  240,20240728,    9,  290,   40,  196,10254,   68
  240,20240728,   10,  310,   30,  206,10257,   61
  240,20240728,   11,  320,   30,  212,10260,   56
  240,20240728,   12,  340,   40,  222,10263,   58
  240,20240728,   13,  310,   30,  223,10265,   56
  240,20240728,   14,  290,   40,  220,10267,   53
  240,20240728,   15,  310,   30,  221,10265,   48
  240,20240728,   16,  330,   30,  218,10262,   51
  240,20240728,   17,  320,   40,  210,10259,   58
  240,20240728,   18,  350,   30,  204,10258,   57
  240,20240728,   19,  340,   20,  191,10261,   59
  240,20240728,   20,   50,   10,  179,10264,   74
  240,20240728,   21,   40,   20,  170,10263,   74
  240,20240728,   22,   60,   10,  163,10262,   78
  240,20240728,   23,   70,   10,  158,10261,   85
  240,20240728,   24,   80,   10,  155,10260,   86
  240,20240729,    1,   90,   20,  151,10256,   83
  240,20240729,    2,  110,   20,  145,10257,   86
  240,20240729,    3,   80,   20,  135,10255,   88
  240,20240729,    4,   80,   20,  135,10255,   91
  240,20240729,    5,   90,   10,  141,10257,   89
  240,20240729,    6,  100,   20,  171,10255,   80
  240,20240729,    7,  120,   40,  185,10254,   71
  240,20240729,    8,  110,   30,  206,10251,   66
  240,20240729,    9,  140,   40,  218,10248,   62
  240,20240729,   10,  120,   40,  230,10243,   54
  240,20240729,   11,  110,   40,  237,10238,   53
  240,20240729,   12,  130,   40,  240,10231,   50
  240,20240729,   13,  110,   30,  253,10227,   45
  240,20240729,   14,  120,   30,  255,10221,   43
  240,20240729,   15,   80,   40,  256,10213,   49
  240,20240729,   16,   70,   40,  249,10206,   53
  240,20240729,   17,   50,   40,  244,10201,   55
  240,20240729,   18,   60,   30,  236,10199,   60
  240,20240729,   19,   50,   20,  222,10195,   65
  240,20240729,   20,   50,   10,  215,10196,   71
  240,20240729,   21,   70,   20,  196,10193,   81
  240,20240729,   22,   80,   20,  181,10192,   77
  240,20240729,   23,   80,   30,  175,10189,   79
  240,20240729,   24,   70,   20,  188,10185,   75
  240,20240730,    1,   60,   20,  192,10183,   72
  240,20240730,    2,   70,   20,  183,10178,   77
  240,20240730,    3,   70,   20,  183,10175,   78
  240,20240730,    4,   70,   20,  168,10174,   82
  240,20240730,    5,  110,   10,  175,10173,   80
  240,20240730,    6,   80,   20,  192,10171,   79
  240,20240730,    7,  150,   10,  218,10171,   67
  240,20240730,    8,   40,   10,  235,10169,   62
  240,20240730,    9,   60,   20,  258,10167,   52
  240,20240730,   10,   80,   30,  266,10167,   48
  240,20240730,   11,   90,   30,  270,10168,   49
  240,20240730,   12,   20,   20,  279,10167,   46
  240,20240730,   13,   20,   30,  281,10167,   46
  240,20240730,   14,  310,   20,  284,10165,   47
  240,20240730,   15,   10,   30,  280,10163,   50
  240,20240730,   16,  360,   20,  283,10160,   53
  240,20240730,   17,   60,   30,  268,10159,   52
  240,20240730,   18,   80,   40,  253,10158,   58
  240,20240730,   19,   40,   30,  242,10159,   51
  240,20240730,   20,   20,   30,  228,10164,   61
  240,20240730,   21,   40,   30,  221,10165,   70
  240,20240730,   22,   40,   30,  215,10164,   69
  240,20240730,   23,   40,   30,  207,10165,   71
  240,20240730,   24,   50,   30,  203,10161,   71
  240,20240731,    1,   50,   20,  195,10170,   71
  240,20240731,    2,   40,   30,  189,10164,   71
  240,20240731,    3,   30,   20,  180,10165,   71
  240,20240731,    4,   50,   10,  178,10162,   75
  240,20240731,    5,   50,   20,  182,10158,   78
  240,20240731,    6,   60,   50,  201,10157,   65
  240,20240731,    7,   60,   50,  205,10154,   64
  240,20240731,    8,   70,   50,  216,10158,   59
  240,20240731,    9,   40,   50,  216,10159,   59
  240,20240731,   10,   60,   50,  223,10163,   57
  240,20240731,   11,   60,   50,  237,10160,   54
  240,20240731,   12,   50,   50,  241,10158,   50
  240,20240731,   13,   50,   50,  247,10157,   45
  240,20240731,   14,   60,   50,  253,10152,   49
  240,20240731,   15,   70,   50,  250,10149,   55
  240,20240731,   16,   50,   40,  247,10144,   53
  240,20240731,   17,   30,   50,  241,10139,   62
  240,20240731,   18,   40,   40,  234,10138,   67
  240,20240731,   19,   40,   40,  222,10143,   73
  240,20240731,   20,   30,   40,  215,10145,   77
  240,20240731,   21,   50,   40,  207,10146,   79
  240,20240731,   22,   50,   50,  201,10142,   80
  240,20240731,   23,   50,   60,  195,10141,   81
  240,20240731,   24,   60,   50,  186,10141,   86
  240,20240801,    1,   60,   50,  185,10137,   86
  240,20240801,    2,   50,   40,  177,10137,   88
  240,20240801,    3,   60,   50,  173,10136,   82
  240,20240801,    4,   60,   60,  168,10129,   81
  240,20240801,    5,   60,   50,  174,10130,   80
  240,20240801,    6,   70,   50,  178,10130,   78
  240,20240801,    7,   60,   50,  179,10130,   76
  240,20240801,    8,   50,   40,  190,10126,   74
  240,20240801,    9,   50,   50,  194,10122,   76
  240,20240801,   10,   60,   40,  198,10125,   76
  240,20240801,   11,   70,   30,  204,10126,   73
  240,20240801,   12,   60,   30,  207,10125,   73
  240,20240801,   13,   60,   40,  212,10124,   73
  240,20240801,   14,   60,   40,  218,10125,   71
  240,20240801,   15,   50,   40,  222,10124,   70
  240,20240801,   16,   60,   40,  219,10123,   71
  240,20240801,   17,   50,   30,  218,10122,   72
  240,20240801,   18,   40,   40,  214,10126,   72
  240,20240801,   19,   30,   40,  205,10130,   76
  240,20240801,   20,   50,   40,  196,10133,   80
  240,20240801,   21,   40,   30,  185,10135,   85
  240,20240801,   22,   30,   30,  179,10135,   85
  240,20240801,   23,   60,   40,  177,10136,   85
  240,20240801,   24,   80,   40,  165,10138,   86
  240,20240802,    1,   80,   20,  155,10138,   88
  240,20240802,    2,   70,   20,  159,10134,   89
  240,20240802,    3,   70,   20,  158,10132,   87
  240,20240802,    4,   80,   20,  155,10132,   88
  240,20240802,    5,  100,   20,  155,10133,   87
  240,20240802,    6,   90,   30,  166,10135,   81
  240,20240802,    7,  100,   30,  184,10136,   74
  240,20240802,    8,   70,   20,  192,10133,   71
  240,20240802,    9,  120,   20,  204,10131,   67
  240,20240802,   10,  160,   20,  216,10133,   66
  240,20240802,   11,  170,   20,  232,10131,   63
  240,20240802,   12,  990,   10,  235,10128,   60
  240,20240802,   13,   60,   20,  237,10124,   61
  240,20240802,   14,  160,   20,  244,10120,   57
  240,20240802,   15,  990,   10,  254,10118,   57
  240,20240802,   16,   80,   20,  245,10114,   59
  240,20240802,   17,   90,   20,  242,10110,   62
  240,20240802,   18,   80,   30,  230,10107,   65
  240,20240802,   19,   60,   20,  208,10108,   70
  240,20240802,   20,   90,   20,  208,10113,   69
  240,20240802,   21,   90,   10,  202,10113,   71
  240,20240802,   22,   90,   10,  182,10113,   80
  240,20240802,   23,  230,   20,  189,10113,   76
  240,20240802,   24,  110,   10,  181,10110,   84
  240,20240803,    1,  250,   30,  194,10109,   85
  240,20240803,    2,  230,   30,  193,10106,   89
  240,20240803,    3,  220,   40,  189,10102,   89
  240,20240803,    4,  210,   30,  183,10102,   89
  240,20240803,    5,  210,   40,  187,10104,   91
  240,20240803,    6,  220,   40,  196,10103,   89
  240,20240803,    7,  270,   40,  211,10106,   78
  240,20240803,    8,  280,   40,  219,10111,   70
  240,20240803,    9,  280,   50,  219,10114,   70
  240,20240803,   10,  250,   50,  229,10115,   69
  240,20240803,   11,  240,   50,  232,10115,   63
  240,20240803,   12,  250,   60,  230,10114,   69
  240,20240803,   13,  250,   70,  228,10113,   68
  240,20240803,   14,  250,   90,  220,10115,   69
  240,20240803,   15,  250,   70,  208,10115,   78
  240,20240803,   16,  240,   80,  208,10113,   79
  240,20240803,   17,  240,   80,  209,10110,   75
  240,20240803,   18,  240,   80,  204,10108,   78
  240,20240803,   19,  240,   80,  202,10109,   80
  240,20240803,   20,  250,   70,  202,10115,   82
  240,20240803,   21,  260,   70,  196,10117,   88
  240,20240803,   22,  270,   40,  188,10118,   92
  240,20240803,   23,  290,   50,  178,10119,   90
  240,20240803,   24,  300,   40,  166,10121,   90
  240,20240804,    1,  290,   30,  154,10124,   90
  240,20240804,    2,  300,   20,  144,10127,   91
  240,20240804,    3,  270,   20,  140,10126,   93
  240,20240804,    4,  290,   20,  141,10129,   92
  240,20240804,    5,    0,    0,  145,10134,   93
  240,20240804,    6,  320,   10,  156,10140,   90
  240,20240804,    7,  330,   10,  173,10143,   77
  240,20240804,    8,  320,   20,  182,10147,   70
  240,20240804,    9,  310,   30,  191,10152,   57
  240,20240804,   10,  280,   20,  190,10156,   61
  240,20240804,   11,  260,   30,  191,10160,   59
  240,20240804,   12,  290,   40,  195,10158,   57
  240,20240804,   13,  290,   50,  198,10159,   59
  240,20240804,   14,  290,   40,  197,10159,   56
  240,20240804,   15,  300,   40,  192,10159,   59
  240,20240804,   16,  290,   40,  194,10159,   55
  240,20240804,   17,  290,   30,  190,10156,   53
  240,20240804,   18,  330,   20,  187,10153,   55
  240,20240804,   19,  320,   20,  172,10155,   60
  240,20240804,   20,  330,   10,  172,10157,   64
  240,20240804,   21,  310,   10,  166,10157,   70
  240,20240804,   22,  990,   10,  169,10157,   68
  240,20240804,   23,  160,   20,  157,10155,   74
  240,20240804,   24,  160,   20,  164,10152,   74
  240,20240805,    1,  150,   10,  166,10150,   74
  240,20240805,    2,  140,   10,  162,10147,   72
  240,20240805,    3,  140,   20,  158,10143,   78
  240,20240805,    4,    0,    0,  144,10141,   86
  240,20240805,    5,  160,   10,  156,10141,   83
  240,20240805,    6,  160,   30,  177,10140,   77
  240,20240805,    7,  170,   30,  185,10141,   72
  240,20240805,    8,  220,   30,  199,10143,   69
  240,20240805,    9,  250,   40,  207,10143,   71
  240,20240805,   10,  210,   50,  211,10142,   68
  240,20240805,   11,  200,   50,  227,10140,   56
  240,20240805,   12,  260,   50,  213,10139,   65
  240,20240805,   13,  220,   40,  235,10140,   55
  240,20240805,   14,  260,   50,  226,10138,   62
  240,20240805,   15,  270,   50,  225,10138,   63
  240,20240805,   16,  260,   60,  227,10136,   57
  240,20240805,   17,  250,   50,  224,10132,   55
  240,20240805,   18,  250,   20,  223,10131,   55
  240,20240805,   19,  360,   10,  211,10131,   62
  240,20240805,   20,  100,   10,  190,10133,   73
  240,20240805,   21,  120,   20,  177,10132,   74
  240,20240805,   22,  110,   10,  173,10132,   81
  240,20240805,   23,  110,   20,  163,10127,   84
  240,20240805,   24,  120,   10,  161,10124,   88
  240,20240806,    1,  130,   20,  170,10120,   84
  240,20240806,    2,  130,   40,  170,10117,   81
  240,20240806,    3,  140,   30,  169,10113,   78
  240,20240806,    4,  150,   20,  164,10112,   80
  240,20240806,    5,  150,   20,  167,10111,   82
  240,20240806,    6,  150,   30,  188,10110,   73
  240,20240806,    7,  150,   40,  211,10108,   70
  240,20240806,    8,  160,   40,  233,10106,   59
  240,20240806,    9,  160,   50,  247,10104,   56
  240,20240806,   10,  180,   40,  264,10102,   53
  240,20240806,   11,  180,   50,  275,10101,   50
  240,20240806,   12,  200,   60,  282,10096,   46
  240,20240806,   13,  190,   60,  275,10094,   48
  240,20240806,   14,  280,   60,  253,10095,   61
  240,20240806,   15,  300,   40,  249,10095,   60
  240,20240806,   16,  290,   40,  246,10094,   57
  240,20240806,   17,  280,   40,  241,10094,   57
  240,20240806,   18,  290,   50,  235,10096,   62
  240,20240806,   19,  300,   30,  218,10097,   68
  240,20240806,   20,  270,   30,  206,10101,   72
  240,20240806,   21,  260,   40,  204,10102,   74
  240,20240806,   22,  220,   30,  196,10102,   79
  240,20240806,   23,  240,   40,  205,10101,   78
  240,20240806,   24,  250,   40,  201,10102,   85
  240,20240807,    1,  260,   40,  198,10102,   88
  240,20240807,    2,  270,   40,  196,10102,   90
  240,20240807,    3,  310,   30,  190,10101,   82
  240,20240807,    4,  300,   30,  181,10105,   82
  240,20240807,    5,  280,   50,  176,10107,   84
  240,20240807,    6,  300,   20,  175,10110,   82
  240,20240807,    7,  250,   40,  185,10109,   73
  240,20240807,    8,  250,   50,  201,10112,   75
  240,20240807,    9,  270,   50,  210,10116,   63
  240,20240807,   10,  280,   60,  223,10120,   53
  240,20240807,   11,  270,   60,  224,10123,   52
  240,20240807,   12,  270,   70,  226,10125,   48
  240,20240807,   13,  270,   70,  226,10130,   44
  240,20240807,   14,  270,   70,  220,10130,   44
  240,20240807,   15,  270,   70,  219,10129,   46
  240,20240807,   16,  270,   70,  218,10127,   49
  240,20240807,   17,  260,   60,  210,10128,   56
  240,20240807,   18,  240,   60,  203,10132,   56
  240,20240807,   19,  260,   60,  188,10135,   71
  240,20240807,   20,  230,   40,  178,10139,   74
  240,20240807,   21,  210,   40,  181,10140,   71
  240,20240807,   22,  210,   40,  184,10143,   69
  240,20240807,   23,  200,   40,  180,10143,   75
  240,20240807,   24,  200,   40,  181,10140,   78
  240,20240808,    1,  200,   30,  178,10137,   82
  240,20240808,    2,  220,   40,  180,10137,   82
  240,20240808,    3,  230,   40,  183,10140,   81
  240,20240808,    4,  230,   30,  178,10141,   82
  240,20240808,    5,  220,   40,  178,10146,   84
  240,20240808,    6,  260,   30,  181,10151,   83
  240,20240808,    7,  250,   40,  197,10154,   71
  240,20240808,    8,  260,   50,  205,10159,   64
  240,20240808,    9,  240,   50,  209,10161,   62
  240,20240808,   10,  240,   60,  215,10164,   58
  240,20240808,   11,  240,   60,  218,10166,   57
  240,20240808,   12,  250,   60,  216,10165,   56
  240,20240808,   13,  240,   50,  225,10161,   49
  240,20240808,   14,  200,   70,  239,10158,   42
  240,20240808,   15,  210,   70,  232,10155,   50
  240,20240808,   16,  190,   60,  233,10150,   45
  240,20240808,   17,  210,   70,  231,10145,   46
  240,20240808,   18,  210,   70,  226,10142,   54
  240,20240808,   19,  190,   60,  219,10139,   58
  240,20240808,   20,  190,   50,  212,10137,   62
  240,20240808,   21,  220,   60,  201,10134,   73
  240,20240808,   22,  210,   60,  200,10131,   75
  240,20240808,   23,  210,   80,  189,10125,   85
  240,20240808,   24,  210,   80,  193,10118,   84
  240,20240809,    1,  210,   80,  202,10112,   81
  240,20240809,    2,  210,   80,  207,10108,   82
  240,20240809,    3,  220,   90,  207,10103,   82
  240,20240809,    4,  230,   80,  209,10103,   80
  240,20240809,    5,  240,  100,  197,10106,   86
  240,20240809,    6,  240,  110,  194,10107,   90
  240,20240809,    7,  240,  100,  192,10111,   91
  240,20240809,    8,  230,   90,  201,10115,   88
  240,20240809,    9,  230,  100,  203,10117,   85
  240,20240809,   10,  250,  100,  206,10122,   81
  240,20240809,   11,  250,  100,  219,10127,   74
  240,20240809,   12,  250,  100,  221,10133,   71
  240,20240809,   13,  260,  100,  232,10138,   66
  240,20240809,   14,  260,   90,  225,10143,   67
  240,20240809,   15,  270,   80,  219,10146,   65
  240,20240809,   16,  280,   80,  221,10151,   67
  240,20240809,   17,  270,   70,  215,10155,   71
  240,20240809,   18,  260,   60,  206,10160,   73
  240,20240809,   19,  270,   40,  197,10163,   77
  240,20240809,   20,  250,   20,  188,10168,   83
  240,20240809,   21,  210,   20,  175,10169,   87
  240,20240809,   22,  180,   30,  174,10168,   89
  240,20240809,   23,  210,   40,  179,10170,   91
  240,20240809,   24,  200,   30,  174,10170,   91
  240,20240810,    1,  200,   40,  168,10168,   94
  240,20240810,    2,  210,   50,  170,10169,   93
  240,20240810,    3,  210,   40,  170,10169,   95
  240,20240810,    4,  200,   40,  173,10172,   95
  240,20240810,    5,  220,   50,  175,10178,   92
  240,20240810,    6,  230,   40,  186,10182,   83
  240,20240810,    7,  260,   50,  200,10189,   71
  240,20240810,    8,  260,   50,  203,10192,   66
  240,20240810,    9,  250,   50,  210,10193,   63
  240,20240810,   10,  230,   60,  226,10197,   51
  240,20240810,   11,  240,   80,  232,10197,   42
  240,20240810,   12,  240,   80,  231,10198,   42
  240,20240810,   13,  250,   90,  236,10198,   45
  240,20240810,   14,  250,   90,  219,10203,   58
  240,20240810,   15,  260,   80,  217,10205,   62
  240,20240810,   16,  250,   80,  211,10207,   69
  240,20240810,   17,  250,   60,  212,10206,   61
  240,20240810,   18,  250,   50,  209,10203,   61
  240,20240810,   19,  270,   40,  200,10204,   73
  240,20240810,   20,  230,   30,  198,10209,   78
  240,20240810,   21,  230,   40,  196,10208,   81
  240,20240810,   22,  260,   30,  194,10210,   83
  240,20240810,   23,  250,   30,  194,10212,   84
  240,20240810,   24,  260,   20,  195,10211,   84
  240,20240811,    1,  280,   20,  190,10212,   88
  240,20240811,    2,  300,   20,  176,10215,   94
  240,20240811,    3,  300,   10,  161,10212,   97
  240,20240811,    4,  170,   10,  162,10215,   97
  240,20240811,    5,    0,    0,  164,10220,   98
  240,20240811,    6,  160,   10,  184,10222,   94
  240,20240811,    7,  160,   20,  208,10226,   80
  240,20240811,    8,  140,   20,  222,10227,   71
  240,20240811,    9,  180,   20,  232,10226,   66
  240,20240811,   10,  180,   20,  242,10224,   56
  240,20240811,   11,  150,   20,  252,10220,   48
  240,20240811,   12,   90,   10,  247,10217,   52
  240,20240811,   13,  340,   20,  265,10214,   47
  240,20240811,   14,   20,   40,  251,10211,   56
  240,20240811,   15,   50,   30,  261,10206,   54
  240,20240811,   16,   40,   50,  250,10202,   60
  240,20240811,   17,   50,   50,  241,10198,   62
  240,20240811,   18,   50,   50,  229,10195,   63
  240,20240811,   19,   50,   50,  219,10192,   71
  240,20240811,   20,   50,   50,  212,10190,   78
  240,20240811,   21,   60,   60,  209,10188,   76
  240,20240811,   22,   70,   50,  196,10185,   76
  240,20240811,   23,   70,   50,  189,10182,   74
  240,20240811,   24,   80,   40,  180,10176,   78
  240,20240812,    1,   80,   50,  178,10169,   80
  240,20240812,    2,   80,   40,  172,10163,   83
  240,20240812,    3,   90,   40,  176,10158,   80
  240,20240812,    4,   80,   40,  169,10153,   82
  240,20240812,    5,   90,   50,  178,10147,   76
  240,20240812,    6,  100,   50,  190,10145,   71
  240,20240812,    7,  100,   50,  210,10137,   67
  240,20240812,    8,  100,   40,  228,10132,   62
  240,20240812,    9,   90,   50,  248,10125,   62
  240,20240812,   10,   80,   50,  264,10118,   58
  240,20240812,   11,  100,   40,  276,10113,   52
  240,20240812,   12,  120,   50,  289,10106,   50
  240,20240812,   13,  110,   60,  300,10099,   49
  240,20240812,   14,  130,   50,  308,10095,   46
  240,20240812,   15,  160,   60,  315,10093,   46
  240,20240812,   16,  140,   50,  309,10089,   48
  240,20240812,   17,  140,   50,  303,10085,   51
  240,20240812,   18,  120,   30,  291,10083,   59
  240,20240812,   19,  120,   30,  272,10082,   66
  240,20240812,   20,  110,   40,  268,10082,   67
  240,20240812,   21,  110,   50,  267,10081,   67
  240,20240812,   22,  120,   40,  259,10080,   70
  240,20240812,   23,  210,   10,  238,10082,   81
  240,20240812,   24,  120,   30,  245,10078,   78
  240,20240813,    1,  180,   20,  242,10079,   81
  240,20240813,    2,  260,   30,  237,10080,   75
  240,20240813,    3,  240,   30,  222,10079,   78
  240,20240813,    4,  260,   30,  216,10080,   83
  240,20240813,    5,  240,   40,  218,10078,   85
  240,20240813,    6,  240,   30,  224,10078,   85
  240,20240813,    7,  260,   50,  234,10086,   82
  240,20240813,    8,  240,   40,  232,10094,   82
  240,20240813,    9,  190,   30,  240,10091,   79
  240,20240813,   10,  190,   30,  250,10091,   76
  240,20240813,   11,  210,   30,  262,10092,   72
  240,20240813,   12,  230,   20,  266,10092,   66
  240,20240813,   13,  280,   60,  248,10092,   71
  240,20240813,   14,  270,   50,  260,10096,   58
  240,20240813,   15,  290,   40,  257,10092,   60
  240,20240813,   16,  300,   40,  224,10093,   75
  240,20240813,   17,  300,   30,  240,10091,   69
  240,20240813,   18,  280,   40,  224,10098,   71
  240,20240813,   19,  280,   30,  214,10103,   75
  240,20240813,   20,  280,   40,  205,10105,   83
  240,20240813,   21,  220,   40,  205,10102,   83
  240,20240813,   22,  270,   30,  206,10100,   83
  240,20240813,   23,  340,   20,  198,10100,   86
  240,20240813,   24,   70,   20,  194,10109,   89
  240,20240814,    1,  160,   20,  197,10104,   87
  240,20240814,    2,  190,   10,  187,10099,   93
  240,20240814,    3,  130,   10,  187,10103,   94
  240,20240814,    4,  230,   10,  199,10108,   87
  240,20240814,    5,  250,   30,  203,10106,   83
  240,20240814,    6,  190,   20,  205,10107,   84
  240,20240814,    7,  240,   10,  211,10103,   81
  240,20240814,    8,  310,   40,  211,10108,   86
  240,20240814,    9,  300,   40,  220,10113,   84
  240,20240814,   10,   10,   30,  221,10112,   74
  240,20240814,   11,  340,   10,  228,10115,   73
  240,20240814,   12,  990,   10,  228,10122,   74
  240,20240814,   13,  300,   20,  224,10125,   72
  240,20240814,   14,  320,   20,  221,10124,   77
  240,20240814,   15,  320,   20,  223,10127,   76
  240,20240814,   16,  310,   10,  220,10129,   76
  240,20240814,   17,    0,    0,  224,10128,   77
  240,20240814,   18,  300,   30,  215,10131,   72
  240,20240814,   19,  320,   30,  203,10136,   83
  240,20240814,   20,  330,   20,  193,10138,   90
  240,20240814,   21,  330,   10,  188,10142,   94
  240,20240814,   22,  310,   10,  182,10147,   95
  240,20240814,   23,  270,   20,  173,10153,   96
  240,20240814,   24,  270,   20,  179,10151,   95
  240,20240815,    1,  250,   20,  176,10152,   94
  240,20240815,    2,  260,   30,  177,10150,   93
  240,20240815,    3,  250,   30,  173,10152,   90
  240,20240815,    4,  260,   30,  167,10152,   92
  240,20240815,    5,  240,   20,  180,10155,   90
  240,20240815,    6,  200,   20,  188,10159,   88
  240,20240815,    7,  210,   50,  197,10162,   86
  240,20240815,    8,  200,   40,  214,10162,   83
  240,20240815,    9,  210,   60,  227,10161,   77
  240,20240815,   10,  200,   70,  236,10157,   72
  240,20240815,   11,  230,   60,  244,10154,   68
  240,20240815,   12,  250,   80,  231,10155,   66
  240,20240815,   13,  240,   80,  233,10154,   66
  240,20240815,   14,  220,   60,  239,10149,   62
  240,20240815,   15,  220,   90,  240,10147,   60
  240,20240815,   16,  220,   90,  236,10142,   60
  240,20240815,   17,  230,   80,  235,10138,   61
  240,20240815,   18,  250,   70,  214,10141,   71
  240,20240815,   19,  240,   80,  203,10141,   69
  240,20240815,   20,  230,   60,  203,10146,   60
  240,20240815,   21,  230,   60,  199,10146,   70
  240,20240815,   22,  240,   70,  205,10145,   75
  240,20240815,   23,  240,   80,  206,10142,   77
  240,20240815,   24,  230,   70,  207,10141,   79
  240,20240816,    1,  240,   70,  200,10137,   89
  240,20240816,    2,  210,   60,  187,10135,   95
  240,20240816,    3,  220,   60,  193,10131,   96
  240,20240816,    4,  220,   60,  193,10128,   97
  240,20240816,    5,  230,   50,  193,10129,   97
  240,20240816,    6,  250,   60,  190,10133,   96
  240,20240816,    7,  250,   40,  191,10136,   93
  240,20240816,    8,  230,   40,  192,10140,   94
  240,20240816,    9,  250,   40,  204,10142,   91
  240,20240816,   10,  260,   50,  212,10144,   82
  240,20240816,   11,  320,   40,  200,10147,   93
  240,20240816,   12,  320,   40,  212,10147,   83
  240,20240816,   13,  320,   20,  217,10147,   77
  240,20240816,   14,   20,   30,  208,10147,   79
  240,20240816,   15,   30,   20,  217,10146,   73
  240,20240816,   16,  310,   40,  219,10146,   73
  240,20240816,   17,  340,   40,  200,10147,   75
  240,20240816,   18,  340,   30,  191,10145,   74
  240,20240816,   19,   10,   20,  181,10142,   77
  240,20240816,   20,   30,   20,  178,10145,   78
  240,20240816,   21,  360,   20,  176,10145,   80
  240,20240816,   22,   20,   20,  172,10144,   83
  240,20240816,   23,  360,   20,  175,10144,   81
  240,20240816,   24,   20,   10,  173,10139,   81
  240,20240817,    1,  340,   20,  163,10137,   88
  240,20240817,    2,  350,   10,  156,10136,   87
  240,20240817,    3,   20,   10,  138,10135,   94
  240,20240817,    4,  340,   10,  133,10135,   95
  240,20240817,    5,  350,   10,  130,10137,   95
  240,20240817,    6,   20,   10,  153,10138,   91
  240,20240817,    7,   40,   20,  180,10141,   71
  240,20240817,    8,   80,   20,  197,10143,   64
  240,20240817,    9,   80,   20,  205,10143,   55
  240,20240817,   10,   80,   20,  213,10143,   51
  240,20240817,   11,   60,   30,  220,10142,   53
  240,20240817,   12,  990,   10,  229,10139,   52
  240,20240817,   13,   50,   20,  224,10136,   51
  240,20240817,   14,   80,   10,  221,10133,   51
  240,20240817,   15,   90,   20,  226,10128,   51
  240,20240817,   16,   70,   30,  219,10127,   52
  240,20240817,   17,   80,   30,  214,10123,   54
  240,20240817,   18,   80,   30,  195,10120,   64
  240,20240817,   19,   70,   20,  184,10121,   64
  240,20240817,   20,   50,   20,  170,10122,   73
  240,20240817,   21,   50,   10,  159,10120,   82
  240,20240817,   22,  360,   10,  163,10117,   76
  240,20240817,   23,    0,    0,  152,10114,   88
  240,20240817,   24,   50,   10,  154,10111,   89
  240,20240818,    1,  990,   10,  148,10108,   87
  240,20240818,    2,  330,   20,  146,10106,   89
  240,20240818,    3,  320,   10,  144,10103,   91
  240,20240818,    4,  310,   10,  137,10104,   94
  240,20240818,    5,   30,   20,  150,10104,   91
  240,20240818,    6,  310,   10,  167,10108,   86
  240,20240818,    7,  360,   10,  188,10111,   77
  240,20240818,    8,  350,   10,  199,10114,   67
  240,20240818,    9,  310,   20,  211,10117,   54
  240,20240818,   10,  290,   20,  222,10118,   54
  240,20240818,   11,  310,   40,  220,10120,   55
  240,20240818,   12,  300,   50,  213,10125,   62
  240,20240818,   13,  280,   60,  211,10129,   66
  240,20240818,   14,  290,   60,  210,10131,   64
  240,20240818,   15,  320,   60,  209,10137,   67
  240,20240818,   16,  320,   50,  201,10143,   57
  240,20240818,   17,  310,   50,  191,10148,   56
  240,20240818,   18,  310,   40,  181,10152,   60
  240,20240818,   19,  310,   20,  162,10159,   69
  240,20240818,   20,  310,   20,  156,10167,   70
  240,20240818,   21,  320,   10,  159,10171,   72
  240,20240818,   22,  270,   20,  164,10173,   67
  240,20240818,   23,  220,   10,  151,10174,   72
  240,20240818,   24,    0,    0,  144,10177,   74
  240,20240819,    1,  170,   20,  146,10180,   77
  240,20240819,    2,  150,   10,  138,10178,   84
  240,20240819,    3,  160,   10,  121,10178,   88
  240,20240819,    4,  170,   30,  127,10177,   88
  240,20240819,    5,  170,   10,  124,10182,   92
  240,20240819,    6,  160,   20,  148,10184,   85
  240,20240819,    7,  170,   30,  173,10185,   76
  240,20240819,    8,  170,   40,  188,10187,   70
  240,20240819,    9,  170,   50,  202,10186,   61
  240,20240819,   10,  180,   60,  208,10186,   56
  240,20240819,   11,  190,   60,  215,10184,   53
  240,20240819,   12,  180,   50,  218,10182,   51
  240,20240819,   13,  180,   50,  227,10177,   52
  240,20240819,   14,  160,   60,  229,10172,   51
  240,20240819,   15,  170,   50,  226,10166,   54
  240,20240819,   16,  160,   50,  224,10160,   53
  240,20240819,   17,  160,   50,  219,10156,   54
  240,20240819,   18,  160,   50,  211,10151,   57
  240,20240819,   19,  140,   40,  190,10149,   67
  240,20240819,   20,  160,   40,  180,10150,   72
  240,20240819,   21,  170,   40,  183,10147,   72
  240,20240819,   22,  180,   40,  172,10145,   77
  240,20240819,   23,  160,   30,  171,10141,   79
  240,20240819,   24,  150,   40,  171,10134,   79
  240,20240820,    1,  170,   40,  174,10130,   78
  240,20240820,    2,  170,   40,  172,10125,   80
  240,20240820,    3,  170,   40,  164,10119,   82
  240,20240820,    4,  180,   40,  157,10118,   85
  240,20240820,    5,  170,   50,  161,10114,   83
  240,20240820,    6,  170,   40,  165,10111,   82
  240,20240820,    7,  170,   50,  180,10112,   78
  240,20240820,    8,  190,   60,  195,10110,   72
  240,20240820,    9,  180,   60,  194,10109,   75
  240,20240820,   10,  190,   60,  211,10106,   70
  240,20240820,   11,  190,   60,  221,10101,   66
  240,20240820,   12,  190,   80,  231,10094,   58
  240,20240820,   13,  230,   90,  194,10102,   80
  240,20240820,   14,  220,   60,  185,10095,   91
  240,20240820,   15,  190,   50,  183,10093,   92
  240,20240820,   16,  180,   50,  183,10087,   93
  240,20240820,   17,  200,   60,  183,10089,   94
  240,20240820,   18,  180,   40,  180,10087,   95
  240,20240820,   19,  190,   40,  178,10084,   95
  240,20240820,   20,  200,   40,  178,10088,   92
  240,20240820,   21,  310,   50,  165,10098,   87
  240,20240820,   22,  310,   30,  151,10106,   85
  240,20240820,   23,  240,   10,  139,10110,   91
  240,20240820,   24,  230,   20,  127,10111,   92
  240,20240821,    1,  270,   30,  141,10117,   82
  240,20240821,    2,  280,   50,  147,10121,   77
  240,20240821,    3,  270,   50,  138,10125,   79
  240,20240821,    4,  270,   50,  138,10129,   80
  240,20240821,    5,  270,   50,  140,10136,   77
  240,20240821,    6,  260,   60,  158,10142,   70
  240,20240821,    7,  280,   70,  162,10148,   67
  240,20240821,    8,  270,   90,  176,10155,   62
  240,20240821,    9,  270,   80,  177,10160,   61
  240,20240821,   10,  270,   90,  185,10165,   61
  240,20240821,   11,  280,   90,  179,10170,   56
  240,20240821,   12,  260,   80,  180,10173,   52
  240,20240821,   13,  260,   80,  192,10175,   52
  240,20240821,   14,  250,   70,  187,10176,   52
  240,20240821,   15,  250,   80,  175,10175,   57
  240,20240821,   16,  260,   70,  183,10169,   60
  240,20240821,   17,  240,   80,  184,10166,   56
  240,20240821,   18,  240,   70,  177,10161,   59
  240,20240821,   19,  220,   50,  166,10159,   67
  240,20240821,   20,  200,   50,  160,10160,   72
  240,20240821,   21,  210,   50,  161,10156,   71
  240,20240821,   22,  200,   60,  163,10152,   74
  240,20240821,   23,  200,   60,  164,10148,   70
  240,20240821,   24,  200,   60,  161,10141,   74
  240,20240822,    1,  200,   60,  162,10133,   77
  240,20240822,    2,  200,   60,  158,10128,   80
  240,20240822,    3,  210,   70,  158,10121,   81
  240,20240822,    4,  210,   70,  163,10114,   77
  240,20240822,    5,  210,   80,  163,10110,   78
  240,20240822,    6,  210,   80,  164,10108,   76
  240,20240822,    7,  200,   90,  168,10105,   71
  240,20240822,    8,  210,   90,  189,10100,   66
  240,20240822,    9,  210,  100,  195,10096,   61
  240,20240822,   10,  210,  100,  198,10091,   60
  240,20240822,   11,  210,  100,  199,10086,   58
  240,20240822,   12,  210,  100,  207,10087,   56
  240,20240822,   13,  210,  110,  220,10080,   48
  240,20240822,   14,  210,   90,  219,10077,   48
  240,20240822,   15,  210,  100,  219,10074,   47
  240,20240822,   16,  230,  100,  210,10072,   50
  240,20240822,   17,  230,   70,  207,10071,   56
  240,20240822,   18,  220,   70,  204,10067,   62
  240,20240822,   19,  220,   70,  205,10069,   58
  240,20240822,   20,  230,   70,  204,10068,   61
  240,20240822,   21,  240,   90,  199,10067,   73
  240,20240822,   22,  230,   70,  201,10059,   68
  240,20240822,   23,  210,   70,  204,10052,   66
  240,20240822,   24,  180,   50,  191,10048,   69
  240,20240823,    1,  190,   60,  192,10041,   66
  240,20240823,    2,  180,   50,  188,10034,   68
  240,20240823,    3,  200,   60,  182,10030,   71
  240,20240823,    4,  200,   70,  190,10025,   69
  240,20240823,    5,  190,   80,  188,10016,   72
  240,20240823,    6,  200,   90,  193,10014,   74
  240,20240823,    7,  210,  110,  199,10017,   74
  240,20240823,    8,  210,  110,  212,10015,   72
  240,20240823,    9,  210,  130,  208,10022,   72
  240,20240823,   10,  210,  100,  188,10031,   92
  240,20240823,   11,  220,  100,  192,10038,   92
  240,20240823,   12,  240,  120,  212,10048,   77
  240,20240823,   13,  250,  120,  219,10058,   68
  240,20240823,   14,  260,  110,  211,10067,   58
  240,20240823,   15,  250,  100,  215,10076,   57
  240,20240823,   16,  250,   80,  208,10082,   57
  240,20240823,   17,  260,   60,  206,10086,   63
  240,20240823,   18,  250,   50,  194,10087,   65
  240,20240823,   19,  220,   30,  180,10090,   72
  240,20240823,   20,  180,   30,  161,10094,   81
  240,20240823,   21,  160,   30,  155,10092,   87
  240,20240823,   22,  170,   30,  149,10093,   88
  240,20240823,   23,  180,   50,  162,10092,   81
  240,20240823,   24,  200,   50,  166,10087,   74
  240,20240824,    1,  180,   50,  161,10085,   81
  240,20240824,    2,  190,   40,  157,10084,   88
  240,20240824,    3,  180,   50,  162,10080,   87
  240,20240824,    4,  170,   60,  163,10074,   87
  240,20240824,    5,  180,   40,  160,10076,   92
  240,20240824,    6,  160,   30,  156,10070,   96
  240,20240824,    7,  110,   20,  159,10067,   98
  240,20240824,    8,   90,   30,  161,10060,   97
  240,20240824,    9,  140,   30,  199,10052,   94
  240,20240824,   10,  180,   80,  226,10048,   83
  240,20240824,   11,  190,  100,  231,10042,   75
  240,20240824,   12,  190,   70,  227,10038,   75
  240,20240824,   13,  200,  110,  235,10033,   70
  240,20240824,   14,  190,   80,  240,10030,   71
  240,20240824,   15,  200,   70,  255,10020,   67
  240,20240824,   16,  290,   90,  162,10052,   93
  240,20240824,   17,  200,   20,  167,10045,   92
  240,20240824,   18,  220,   40,  172,10034,   87
  240,20240824,   19,  220,   40,  170,10051,   90
  240,20240824,   20,  220,   50,  170,10052,   91
  240,20240824,   21,  220,   50,  169,10059,   93
  240,20240824,   22,  280,   60,  161,10072,   92
  240,20240824,   23,  270,   50,  150,10086,   87
  240,20240824,   24,  260,   50,  160,10098,   82
  240,20240825,    1,  270,   70,  150,10110,   86
  240,20240825,    2,  250,   70,  133,10120,   87
  240,20240825,    3,  260,   50,  140,10131,   80
  240,20240825,    4,  260,   40,  134,10144,   80
  240,20240825,    5,  250,   40,  138,10157,   75
  240,20240825,    6,  240,   40,  149,10167,   72
  240,20240825,    7,  250,   60,  167,10175,   66
  240,20240825,    8,  250,   60,  174,10183,   67
  240,20240825,    9,  260,   80,  181,10191,   61
  240,20240825,   10,  260,   80,  179,10196,   65
  240,20240825,   11,  230,   80,  182,10201,   68
  240,20240825,   12,  240,   90,  185,10201,   57
  240,20240825,   13,  240,   70,  197,10203,   57
  240,20240825,   14,  240,   70,  202,10202,   53
  240,20240825,   15,  230,   80,  201,10202,   50
  240,20240825,   16,  210,   70,  197,10202,   58
  240,20240825,   17,  190,   60,  176,10200,   68
  240,20240825,   18,  210,   60,  172,10200,   71
  240,20240825,   19,  200,   60,  167,10200,   75
  240,20240825,   20,  210,   50,  160,10202,   79
  240,20240825,   21,  200,   50,  153,10201,   77
  240,20240825,   22,  200,   50,  152,10199,   76
  240,20240825,   23,  190,   50,  149,10198,   76
  240,20240825,   24,  180,   40,  144,10197,   79
  240,20240826,    1,  180,   50,  144,10195,   80
  240,20240826,    2,  190,   60,  143,10195,   82
  240,20240826,    3,  190,   70,  146,10193,   82
  240,20240826,    4,  200,   70,  150,10193,   81
  240,20240826,    5,  210,   60,  152,10197,   81
  240,20240826,    6,  180,   50,  153,10199,   81
  240,20240826,    7,  200,   60,  169,10201,   79
  240,20240826,    8,  210,   60,  164,10205,   83
  240,20240826,    9,  220,   80,  182,10207,   78
  240,20240826,   10,  220,   80,  195,10209,   73
  240,20240826,   11,  210,   70,  199,10210,   69
  240,20240826,   12,  220,   80,  188,10210,   73
  240,20240826,   13,  240,   60,  194,10212,   72
  240,20240826,   14,  250,   80,  201,10211,   67
  240,20240826,   15,  240,   70,  207,10213,   60
  240,20240826,   16,  240,   50,  208,10211,   60
  240,20240826,   17,  240,   40,  202,10208,   68
  240,20240826,   18,  230,   50,  190,10211,   68
  240,20240826,   19,  220,   30,  170,10216,   79
  240,20240826,   20,  230,   30,  168,10218,   79
  240,20240826,   21,  140,   20,  156,10219,   86
  240,20240826,   22,  160,   30,  149,10220,   88
  240,20240826,   23,  180,   20,  145,10220,   89
  240,20240826,   24,  170,   20,  141,10220,   91
  240,20240827,    1,  160,   20,  133,10218,   93
  240,20240827,    2,  160,   20,  130,10217,   93
  240,20240827,    3,  150,   30,  127,10215,   93
  240,20240827,    4,  170,   20,  125,10215,   93
  240,20240827,    5,  170,   10,  124,10217,   95
  240,20240827,    6,  170,   20,  142,10217,   91
  240,20240827,    7,  180,   20,  164,10220,   84
  240,20240827,    8,  190,   30,  190,10221,   73
  240,20240827,    9,  190,   30,  204,10220,   69
  240,20240827,   10,  190,   40,  215,10216,   59
  240,20240827,   11,  160,   40,  225,10213,   55
  240,20240827,   12,  170,   50,  231,10210,   49
  240,20240827,   13,  180,   40,  237,10207,   50
  240,20240827,   14,  180,   40,  236,10200,   47
  240,20240827,   15,  150,   40,  239,10194,   50
  240,20240827,   16,  160,   50,  237,10189,   50
  240,20240827,   17,  160,   30,  231,10184,   53
  240,20240827,   18,  140,   20,  217,10183,   58
  240,20240827,   19,  120,   10,  194,10185,   70
  240,20240827,   20,  110,   20,  177,10185,   77
  240,20240827,   21,  110,   20,  151,10186,   86
  240,20240827,   22,  110,   30,  169,10186,   75
  240,20240827,   23,   60,   10,  151,10184,   82
  240,20240827,   24,   80,   20,  143,10181,   88
  240,20240828,    1,   70,   10,  162,10178,   82
  240,20240828,    2,   80,   20,  153,10170,   84
  240,20240828,    3,   60,   10,  145,10169,   87
  240,20240828,    4,   70,   20,  150,10165,   87
  240,20240828,    5,   80,   10,  145,10167,   90
  240,20240828,    6,   90,   20,  164,10166,   83
  240,20240828,    7,  100,   20,  192,10164,   75
  240,20240828,    8,  110,   20,  211,10161,   66
  240,20240828,    9,  120,   20,  231,10160,   63
  240,20240828,   10,  130,   30,  247,10156,   56
  240,20240828,   11,  120,   50,  262,10152,   57
  240,20240828,   12,  120,   50,  272,10148,   53
  240,20240828,   13,  140,   40,  277,10139,   54
  240,20240828,   14,  160,   60,  282,10136,   55
  240,20240828,   15,  150,   50,  271,10130,   55
  240,20240828,   16,  160,   40,  277,10127,   55
  240,20240828,   17,  160,   40,  268,10125,   58
  240,20240828,   18,  180,   20,  254,10124,   63
  240,20240828,   19,  150,   20,  232,10125,   73
  240,20240828,   20,  130,   10,  217,10127,   80
  240,20240828,   21,  310,   10,  215,10126,   80
  240,20240828,   22,  140,   10,  200,10125,   90
  240,20240828,   23,  150,   10,  193,10126,   90
  240,20240828,   24,  170,   20,  182,10127,   90
  240,20240829,    1,  170,   20,  186,10126,   88
  240,20240829,    2,  160,   10,  187,10128,   88
  240,20240829,    3,  200,   10,  182,10131,   91
  240,20240829,    4,  200,   20,  183,10132,   88
  240,20240829,    5,  210,   30,  175,10137,   89
  240,20240829,    6,  240,   30,  200,10140,   85
  240,20240829,    7,  270,   30,  214,10144,   79
  240,20240829,    8,  270,   30,  228,10149,   75
  240,20240829,    9,  280,   50,  226,10155,   74
  240,20240829,   10,  280,   50,  220,10160,   76
  240,20240829,   11,  300,   50,  223,10165,   68
  240,20240829,   12,  280,   40,  224,10170,   68
  240,20240829,   13,  280,   60,  219,10177,   73
  240,20240829,   14,  290,   50,  210,10184,   75
  240,20240829,   15,  290,   40,  208,10185,   75
  240,20240829,   16,  310,   40,  209,10190,   69
  240,20240829,   17,  290,   40,  194,10194,   72
  240,20240829,   18,  290,   50,  190,10197,   74
  240,20240829,   19,  290,   40,  171,10203,   81
  240,20240829,   20,  310,   20,  157,10203,   84
  240,20240829,   21,  350,   20,  157,10203,   84
  240,20240829,   22,    0,    0,  147,10207,   89
  240,20240829,   23,  350,   10,  137,10209,   93
  240,20240829,   24,  340,   10,  135,10211,   94
  240,20240830,    1,    0,    0,  135,10215,   96
  240,20240830,    2,  350,   10,  133,10215,   97
  240,20240830,    3,  360,   10,  136,10214,   97
  240,20240830,    4,    0,    0,  133,10215,   97
  240,20240830,    5,    0,    0,  131,10216,   98
  240,20240830,    6,    0,    0,  138,10220,   97
  240,20240830,    7,  140,   10,  154,10226,   93
  240,20240830,    8,   40,   10,  184,10228,   80
  240,20240830,    9,   50,   20,  202,10229,   63
  240,20240830,   10,   30,   20,  211,10230,   57
  240,20240830,   11,   70,   20,  216,10231,   59
  240,20240830,   12,   10,   30,  219,10231,   59
  240,20240830,   13,   50,   40,  206,10232,   61
  240,20240830,   14,   60,   40,  207,10230,   60
  240,20240830,   15,   40,   50,  211,10233,   59
  240,20240830,   16,   50,   60,  207,10233,   49
  240,20240830,   17,   30,   40,  201,10232,   51
  240,20240830,   18,   20,   50,  188,10237,   57
  240,20240830,   19,   20,   60,  179,10239,   76
  240,20240830,   20,   30,   40,  173,10245,   79
  240,20240830,   21,   40,   50,  173,10247,   79
  240,20240830,   22,   40,   40,  170,10248,   82
  240,20240830,   23,   50,   50,  172,10250,   81
  240,20240830,   24,   50,   50,  172,10248,   79
  240,20240831,    1,   60,   40,  171,10250,   78
  240,20240831,    2,   70,   50,  167,10249,   80
  240,20240831,    3,   60,   60,  164,10249,   80
  240,20240831,    4,   70,   50,  161,10247,   80
  240,20240831,    5,   60,   60,  159,10248,   80
  240,20240831,    6,   70,   70,  159,10249,   78
  240,20240831,    7,   60,   70,  161,10248,   77
  240,20240831,    8,   60,   80,  174,10249,   70
  240,20240831,    9,   60,   80,  179,10250,   63
  240,20240831,   10,   70,   90,  185,10245,   63
  240,20240831,   11,   60,   80,  192,10241,   60
  240,20240831,   12,   60,   90,  199,10235,   58
  240,20240831,   13,   60,   90,  207,10228,   57
  240,20240831,   14,   60,   90,  211,10221,   58
  240,20240831,   15,   60,   80,  213,10218,   58
  240,20240831,   16,   60,   70,  208,10215,   60
  240,20240831,   17,   60,   70,  207,10212,   65
  240,20240831,   18,   70,   60,  198,10212,   68
  240,20240831,   19,   70,   50,  187,10215,   73
  240,20240831,   20,   60,   60,  189,10215,   72
  240,20240831,   21,   70,   60,  185,10215,   71
  240,20240831,   22,   70,   70,  180,10211,   71
  240,20240831,   23,   60,   60,  179,10205,   69
  240,20240831,   24,   60,   60,  173,10198,   73
  240,20240901,    1,   60,   50,  167,10192,   76
  240,20240901,    2,   60,   40,  165,10190,   79
  240,20240901,    3,   60,   30,  157,10185,   83
  240,20240901,    4,   60,   40,  159,10178,   82
  240,20240901,    5,   60,   50,  159,10176,   82
  240,20240901,    6,   70,   50,  163,10178,   81
  240,20240901,    7,   70,   60,  168,10171,   79
  240,20240901,    8,   80,   40,  175,10169,   77
  240,20240901,    9,   70,   30,  199,10169,   73
  240,20240901,   10,   70,   40,  220,10162,   68
  240,20240901,   11,   60,   50,  234,10157,   67
  240,20240901,   12,   70,   50,  250,10151,   67
  240,20240901,   13,   70,   60,  262,10146,   63
  240,20240901,   14,   70,   50,  272,10141,   65
  240,20240901,   15,   90,   40,  278,10137,   59
  240,20240901,   16,   80,   50,  273,10132,   63
  240,20240901,   17,   80,   40,  267,10128,   66
  240,20240901,   18,   90,   50,  252,10130,   70
  240,20240901,   19,   90,   40,  238,10133,   75
  240,20240901,   20,  100,   50,  234,10133,   75
  240,20240901,   21,  100,   50,  230,10131,   76
  240,20240901,   22,  100,   40,  223,10129,   79
  240,20240901,   23,  110,   40,  219,10126,   80
  240,20240901,   24,  110,   40,  215,10124,   81
  240,20240902,    1,   90,   20,  201,10121,   86
  240,20240902,    2,   90,   10,  201,10118,   87
  240,20240902,    3,  110,   20,  184,10116,   92
  240,20240902,    4,   90,   10,  184,10116,   95
  240,20240902,    5,  160,   10,  185,10117,   94
  240,20240902,    6,  170,   10,  189,10121,   94
  240,20240902,    7,  270,   30,  223,10123,   86
  240,20240902,    8,  270,   30,  235,10124,   80
  240,20240902,    9,  250,   20,  254,10123,   72
  240,20240902,   10,  240,   30,  262,10120,   62
  240,20240902,   11,  210,   40,  268,10117,   57
  240,20240902,   12,  200,   40,  276,10118,   55
  240,20240902,   13,  290,   30,  272,10114,   62
  240,20240902,   14,  290,   40,  265,10111,   63
  240,20240902,   15,  280,   40,  261,10113,   64
  240,20240902,   16,  270,   40,  227,10114,   79
  240,20240902,   17,  280,   50,  218,10113,   78
  240,20240902,   18,  280,   40,  213,10119,   80
  240,20240902,   19,  310,   30,  201,10123,   86
  240,20240902,   20,   60,   20,  195,10127,   90
  240,20240902,   21,  280,   20,  200,10121,   86
  240,20240902,   22,   60,   10,  199,10124,   85
  240,20240902,   23,  220,   10,  197,10125,   90
  240,20240902,   24,  230,   10,  193,10127,   92
  240,20240903,    1,  230,   20,  190,10125,   89
  240,20240903,    2,  120,   10,  186,10124,   93
  240,20240903,    3,  170,   20,  179,10125,   96
  240,20240903,    4,  130,   10,  181,10126,   96
  240,20240903,    5,  170,   10,  180,10126,   95
  240,20240903,    6,  180,   10,  196,10127,   92
  240,20240903,    7,  150,   20,  201,10129,   91
  240,20240903,    8,  160,   20,  212,10131,   84
  240,20240903,    9,  180,   30,  227,10133,   78
  240,20240903,   10,  150,   40,  230,10132,   73
  240,20240903,   11,  210,   50,  225,10134,   78
  240,20240903,   12,  210,   60,  227,10137,   77
  240,20240903,   13,  260,   60,  214,10141,   76
  240,20240903,   14,  250,   50,  202,10142,   83
  240,20240903,   15,  220,   30,  216,10140,   75
  240,20240903,   16,  280,   50,  207,10141,   73
  240,20240903,   17,  280,   50,  201,10142,   73
  240,20240903,   18,  300,   20,  186,10145,   87
  240,20240903,   19,  330,   10,  172,10149,   96
  240,20240903,   20,  270,   10,  175,10154,   95
  240,20240903,   21,   70,   10,  173,10152,   95
  240,20240903,   22,  120,   20,  176,10154,   96
  240,20240903,   23,  130,   30,  175,10150,   96
  240,20240903,   24,  150,   20,  174,10150,   97
  240,20240904,    1,  140,   20,  173,10150,   97
  240,20240904,    2,  160,   20,  171,10151,   96
  240,20240904,    3,  160,   20,  166,10151,   98
  240,20240904,    4,  180,   30,  165,10150,   98
  240,20240904,    5,  160,   20,  166,10153,   98
  240,20240904,    6,  180,   30,  170,10155,   98
  240,20240904,    7,  180,   30,  175,10157,   93
  240,20240904,    8,  180,   30,  180,10159,   94
  240,20240904,    9,  170,   30,  189,10161,   91
  240,20240904,   10,  190,   20,  198,10162,   83
  240,20240904,   11,  170,   30,  205,10161,   77
  240,20240904,   12,  280,   30,  187,10161,   86
  240,20240904,   13,  250,   10,  190,10160,   87
  240,20240904,   14,  990,   10,  199,10157,   82
  240,20240904,   15,  290,   40,  196,10158,   80
  240,20240904,   16,  300,   30,  192,10161,   81
  240,20240904,   17,  340,   20,  190,10161,   84
  240,20240904,   18,  320,   20,  186,10161,   84
  240,20240904,   19,  330,   20,  182,10163,   88
  240,20240904,   20,   10,   20,  180,10163,   88
  240,20240904,   21,  350,   20,  178,10163,   90
  240,20240904,   22,  310,   10,  167,10161,   94
  240,20240904,   23,  330,   10,  167,10160,   96
  240,20240904,   24,   20,   20,  160,10155,   97
  240,20240905,    1,   40,   20,  163,10155,   96
  240,20240905,    2,   40,   20,  163,10155,   97
  240,20240905,    3,   30,   20,  164,10149,   96
  240,20240905,    4,   20,   20,  166,10143,   94
  240,20240905,    5,   20,   40,  175,10136,   94
  240,20240905,    6,   30,   50,  180,10133,   92
  240,20240905,    7,   30,   60,  187,10126,   93
  240,20240905,    8,   30,   60,  196,10122,   89
  240,20240905,    9,   40,   60,  203,10117,   87
  240,20240905,   10,   50,   80,  213,10107,   83
  240,20240905,   11,   50,   70,  229,10097,   79
  240,20240905,   12,   60,   80,  246,10090,   72
  240,20240905,   13,   60,   80,  262,10086,   67
  240,20240905,   14,   70,   60,  269,10084,   62
  240,20240905,   15,   60,   70,  273,10083,   60
  240,20240905,   16,   70,   60,  271,10085,   61
  240,20240905,   17,   70,   60,  265,10090,   61
  240,20240905,   18,   70,   50,  254,10094,   63
  240,20240905,   19,   50,   40,  240,10097,   69
  240,20240905,   20,   50,   50,  236,10097,   70
  240,20240905,   21,   60,   50,  234,10099,   65
  240,20240905,   22,   70,   60,  236,10100,   59
  240,20240905,   23,   70,   60,  231,10097,   57
  240,20240905,   24,   60,   60,  219,10096,   61
  240,20240906,    1,   60,   50,  214,10095,   62
  240,20240906,    2,   60,   50,  203,10094,   67
  240,20240906,    3,   60,   50,  197,10094,   66
  240,20240906,    4,   60,   50,  192,10091,   67
  240,20240906,    5,   60,   50,  187,10093,   69
  240,20240906,    6,   60,   50,  189,10096,   70
  240,20240906,    7,   70,   50,  199,10095,   68
  240,20240906,    8,   70,   50,  213,10096,   65
  240,20240906,    9,   80,   50,  224,10098,   64
  240,20240906,   10,  100,   50,  237,10100,   60
  240,20240906,   11,  110,   50,  252,10099,   57
  240,20240906,   12,  100,   50,  260,10099,   57
  240,20240906,   13,  100,   40,  259,10098,   55
  240,20240906,   14,  110,   30,  273,10098,   54
  240,20240906,   15,  180,   50,  258,10100,   66
  240,20240906,   16,  200,   50,  238,10101,   75
  240,20240906,   17,  120,   20,  221,10108,   81
  240,20240906,   18,  110,   40,  200,10112,   91
  240,20240906,   19,  110,   20,  199,10116,   92
  240,20240906,   20,  120,   30,  195,10120,   97
  240,20240906,   21,  150,   30,  194,10122,   97
  240,20240906,   22,  160,   20,  194,10123,   96
  240,20240906,   23,  190,   10,  191,10119,   93
  240,20240906,   24,  170,   30,  188,10122,   97
  240,20240907,    1,  150,   10,  187,10121,   97
  240,20240907,    2,  160,   10,  187,10121,   96
  240,20240907,    3,  190,   30,  186,10120,   95
  240,20240907,    4,  190,   30,  179,10120,   96
  240,20240907,    5,  180,   20,  173,10119,   96
  240,20240907,    6,  110,   10,  167,10118,   98
  240,20240907,    7,  100,   20,  182,10120,   95
  240,20240907,    8,  130,   20,  186,10120,   91
  240,20240907,    9,  120,   30,  198,10120,   85
  240,20240907,   10,  120,   30,  208,10118,   82
  240,20240907,   11,  130,   30,  216,10116,   71
  240,20240907,   12,  120,   30,  226,10114,   69
  240,20240907,   13,  110,   30,  234,10109,   62
  240,20240907,   14,  110,   30,  245,10104,   60
  240,20240907,   15,  120,   30,  239,10101,   60
  240,20240907,   16,   70,   30,  246,10099,   65
  240,20240907,   17,   70,   20,  236,10099,   71
  240,20240907,   18,   40,   20,  218,10097,   80
  240,20240907,   19,   60,   20,  212,10095,   84
  240,20240907,   20,   80,   40,  214,10091,   81
  240,20240907,   21,   80,   40,  222,10087,   78
  240,20240907,   22,   90,   50,  226,10082,   73
  240,20240907,   23,  120,   40,  220,10087,   78
  240,20240907,   24,  150,   30,  205,10086,   87
  240,20240908,    1,   80,   30,  196,10076,   93
  240,20240908,    2,  150,   50,  199,10075,   88
  240,20240908,    3,  150,   30,  191,10076,   94
  240,20240908,    4,  190,   40,  191,10077,   92
  240,20240908,    5,  190,   30,  187,10077,   93
  240,20240908,    6,  190,   40,  181,10078,   92
  240,20240908,    7,  190,   50,  186,10082,   89
  240,20240908,    8,  200,   60,  186,10087,   80
  240,20240908,    9,  200,   60,  194,10088,   69
  240,20240908,   10,  170,   60,  203,10085,   66
  240,20240908,   11,  190,   70,  213,10082,   58
  240,20240908,   12,  190,   80,  212,10080,   60
  240,20240908,   13,  170,   80,  203,10076,   60
  240,20240908,   14,  190,   80,  215,10071,   56
  240,20240908,   15,  180,   60,  215,10069,   56
  240,20240908,   16,  170,   50,  202,10066,   62
  240,20240908,   17,  170,   40,  200,10063,   62
  240,20240908,   18,  150,   30,  191,10062,   68
  240,20240908,   19,  160,   40,  180,10060,   72
  240,20240908,   20,  150,   30,  168,10053,   77
  240,20240908,   21,  140,   20,  154,10050,   83
  240,20240908,   22,  140,   40,  152,10046,   83
  240,20240908,   23,  140,   30,  162,10042,   80
  240,20240908,   24,  150,   30,  156,10035,   81
  240,20240909,    1,  140,   20,  144,10031,   86
  240,20240909,    2,  140,   20,  155,10030,   84
  240,20240909,    3,  120,   20,  158,10027,   84
  240,20240909,    4,  140,   30,  154,10024,   87
  240,20240909,    5,  100,   10,  150,10026,   89
  240,20240909,    6,  180,   10,  155,10030,   91
  240,20240909,    7,  170,   10,  165,10029,   84
  240,20240909,    8,  210,   10,  173,10033,   81
  240,20240909,    9,  330,   10,  183,10037,   79
  240,20240909,   10,  280,   20,  206,10036,   71
  240,20240909,   11,  300,   50,  202,10039,   70
  240,20240909,   12,  300,   60,  208,10043,   68
  240,20240909,   13,  300,   70,  195,10048,   73
  240,20240909,   14,  300,   90,  194,10053,   78
  240,20240909,   15,  330,   60,  185,10060,   81
  240,20240909,   16,  320,   80,  166,10069,   90
  240,20240909,   17,  320,   70,  164,10078,   78
  240,20240909,   18,  320,   80,  156,10087,   72
  240,20240909,   19,  320,   80,  149,10096,   66
  240,20240909,   20,  310,   60,  148,10100,   69
  240,20240909,   21,  310,   60,  144,10104,   68
  240,20240909,   22,  310,   40,  146,10108,   70
  240,20240909,   23,  300,   40,  148,10107,   69
  240,20240909,   24,  260,   30,  147,10107,   74
  240,20240910,    1,  290,   30,  140,10107,   87
  240,20240910,    2,  240,   30,  141,10105,   90
  240,20240910,    3,  260,   40,  140,10101,   78
  240,20240910,    4,  250,   40,  142,10096,   75
  240,20240910,    5,  230,   60,  142,10093,   74
  240,20240910,    6,  220,   50,  146,10092,   73
  240,20240910,    7,  200,   50,  154,10087,   76
  240,20240910,    8,  210,   80,  165,10082,   72
  240,20240910,    9,  220,  100,  160,10078,   76
  240,20240910,   10,  210,   80,  165,10071,   76
  240,20240910,   11,  230,  120,  174,10067,   68
  240,20240910,   12,  210,   90,  151,10061,   93
  240,20240910,   13,  220,   90,  151,10060,   95
  240,20240910,   14,  210,  100,  156,10051,   92
  240,20240910,   15,  230,   50,  156,10048,   89
  240,20240910,   16,  230,   80,  159,10045,   85
  240,20240910,   17,  230,   90,  155,10039,   89
  240,20240910,   18,  220,   60,  148,10032,   92
  240,20240910,   19,  250,   70,  152,10030,   90
  240,20240910,   20,  340,   30,  134,10030,   93
  240,20240910,   21,    0,    0,  131,10025,   95
  240,20240910,   22,  340,   60,  116,10027,   95
  240,20240910,   23,  360,   40,  109,10023,   90
  240,20240910,   24,  100,   10,  105,10023,   96
  240,20240911,    1,  190,   20,  106,10020,   96
  240,20240911,    2,  190,   50,  110,10019,   96
  240,20240911,    3,  200,   50,  103,10022,   96
  240,20240911,    4,  200,   40,   98,10024,   96
  240,20240911,    5,  230,   50,  115,10027,   84
  240,20240911,    6,  270,   60,  112,10034,   77
  240,20240911,    7,  220,   30,  113,10035,   85
  240,20240911,    8,  270,   80,  135,10036,   67
  240,20240911,    9,  270,  100,  143,10041,   63
  240,20240911,   10,  270,  110,  135,10043,   67
  240,20240911,   11,  270,  100,  137,10046,   68
  240,20240911,   12,  270,  110,  140,10049,   62
  240,20240911,   13,  280,  100,  137,10051,   58
  240,20240911,   14,  280,   80,  138,10057,   62
  240,20240911,   15,  300,  100,  133,10062,   65
  240,20240911,   16,  310,   60,  140,10061,   63
  240,20240911,   17,  310,   30,  127,10064,   63
  240,20240911,   18,  290,   20,  103,10071,   80
  240,20240911,   19,  320,   30,   94,10078,   86
  240,20240911,   20,  190,   30,   94,10083,   91
  240,20240911,   21,  200,   40,   92,10081,   94
  240,20240911,   22,  140,   20,   80,10082,   93
  240,20240911,   23,  160,   20,   76,10081,   95
  240,20240911,   24,  170,   20,   84,10085,   96
  240,20240912,    1,  270,   40,   87,10093,   88
  240,20240912,    2,  190,   50,   85,10089,   90
  240,20240912,    3,  260,   50,   86,10092,   92
  240,20240912,    4,  210,   20,   79,10093,   89
  240,20240912,    5,  270,   30,   84,10100,   92
  240,20240912,    6,  170,   20,   88,10101,   90
  240,20240912,    7,  230,   30,  102,10108,   87
  240,20240912,    8,  990,   10,  106,10115,   71
  240,20240912,    9,  150,   20,  115,10119,   79
  240,20240912,   10,   60,   30,  103,10122,   81
  240,20240912,   11,  250,   50,  104,10129,   83
  240,20240912,   12,  280,   40,  118,10134,   83
  240,20240912,   13,  280,   30,  138,10134,   71
  240,20240912,   14,  290,   60,  141,10138,   73
  240,20240912,   15,  310,   50,  123,10141,   75
  240,20240912,   16,  310,   40,  138,10144,   61
  240,20240912,   17,  320,   30,  130,10150,   67
  240,20240912,   18,  310,   10,  119,10154,   72
  240,20240912,   19,  320,   40,  101,10160,   86
  240,20240912,   20,  350,   20,  103,10166,   85
  240,20240912,   21,   40,   10,  100,10170,   89
  240,20240912,   22,  300,   10,   78,10176,   95
  240,20240912,   23,  330,   20,   72,10182,   97
  240,20240912,   24,  990,   10,   74,10186,   95
  240,20240913,    1,  330,   20,   74,10190,   97
  240,20240913,    2,  310,   10,   78,10194,   96
  240,20240913,    3,  340,   30,   73,10200,   96
  240,20240913,    4,  330,   20,   73,10209,   96
  240,20240913,    5,  340,   20,   98,10215,   93
  240,20240913,    6,  360,   30,  114,10224,   89
  240,20240913,    7,   20,   20,  125,10233,   85
  240,20240913,    8,  360,   30,  129,10240,   87
  240,20240913,    9,   20,   30,  143,10246,   81
  240,20240913,   10,  360,   50,  146,10250,   70
  240,20240913,   11,   10,   50,  157,10254,   60
  240,20240913,   12,  340,   50,  165,10259,   49
  240,20240913,   13,  330,   70,  161,10262,   56
  240,20240913,   14,  320,   60,  163,10266,   53
  240,20240913,   15,  340,   60,  153,10269,   56
  240,20240913,   16,  330,   60,  150,10273,   58
  240,20240913,   17,  330,   50,  135,10277,   58
  240,20240913,   18,  340,   30,  133,10283,   65
  240,20240913,   19,  330,   20,  105,10288,   82
  240,20240913,   20,  330,   20,  110,10292,   81
  240,20240913,   21,  350,   10,   92,10297,   87
  240,20240913,   22,  340,   10,   86,10301,   91
  240,20240913,   23,  300,   10,   76,10302,   94
  240,20240913,   24,  310,   10,   68,10301,   97
  240,20240914,    1,  310,   10,   73,10300,   97
  240,20240914,    2,  260,   10,   73,10302,   90
  240,20240914,    3,    0,    0,   73,10302,   92
  240,20240914,    4,    0,    0,   59,10304,   92
  240,20240914,    5,  140,   10,   75,10306,   91
  240,20240914,    6,  190,   10,   70,10307,   93
  240,20240914,    7,  140,   10,  109,10308,   87
  240,20240914,    8,  160,   10,  139,10310,   74
  240,20240914,    9,  990,   10,  158,10313,   55
  240,20240914,   10,  290,   30,  159,10309,   54
  240,20240914,   11,  270,   30,  159,10308,   58
  240,20240914,   12,  290,   40,  168,10307,   55
  240,20240914,   13,  280,   50,  174,10307,   56
  240,20240914,   14,  270,   50,  170,10303,   58
  240,20240914,   15,  280,   30,  167,10300,   59
  240,20240914,   16,  280,   40,  161,10300,   61
  240,20240914,   17,  270,   30,  153,10300,   62
  240,20240914,   18,  270,   30,  126,10301,   71
  240,20240914,   19,  260,   20,  131,10301,   69
  240,20240914,   20,  240,   30,  123,10298,   72
  240,20240914,   21,  220,   30,  115,10294,   76
  240,20240914,   22,  170,   20,  103,10293,   86
  240,20240914,   23,  170,   10,   90,10292,   90
  240,20240914,   24,  160,   20,   90,10291,   89
  240,20240915,    1,  170,   30,   89,10289,   88
  240,20240915,    2,  160,   20,   87,10286,   89
  240,20240915,    3,  160,   20,   88,10281,   91
  240,20240915,    4,  160,   20,   87,10277,   92
  240,20240915,    5,  160,   20,   88,10275,   92
  240,20240915,    6,  160,   20,   95,10276,   93
  240,20240915,    7,  190,   20,  131,10275,   85
  240,20240915,    8,  200,   20,  153,10274,   83
  240,20240915,    9,  250,   30,  181,10272,   73
  240,20240915,   10,  270,   40,  175,10271,   69
  240,20240915,   11,  240,   40,  186,10268,   65
  240,20240915,   12,  240,   40,  187,10266,   63
  240,20240915,   13,  260,   40,  183,10262,   64
  240,20240915,   14,  270,   50,  181,10260,   67
  240,20240915,   15,  260,   50,  180,10258,   68
  240,20240915,   16,  260,   50,  177,10255,   68
  240,20240915,   17,  260,   50,  161,10252,   72
  240,20240915,   18,  250,   40,  150,10253,   77
  240,20240915,   19,  240,   40,  152,10250,   78
  240,20240915,   20,  220,   20,  144,10247,   83
  240,20240915,   21,  180,   20,  141,10247,   87
  240,20240915,   22,  170,   20,  136,10247,   88
  240,20240915,   23,  180,   20,  140,10247,   89
  240,20240915,   24,  160,   20,  126,10244,   91
  240,20240916,    1,  190,   20,  125,10241,   93
  240,20240916,    2,    0,    0,  120,10242,   94
  240,20240916,    3,  280,   10,  116,10239,   96
  240,20240916,    4,  290,   20,  142,10239,   95
  240,20240916,    5,  990,   10,  146,10242,   96
  240,20240916,    6,  340,   10,  146,10245,   96
  240,20240916,    7,    0,    0,  151,10250,   96
  240,20240916,    8,  320,   30,  166,10254,   92
  240,20240916,    9,   10,   40,  176,10257,   83
  240,20240916,   10,  350,   50,  176,10258,   82
  240,20240916,   11,  360,   50,  173,10263,   84
  240,20240916,   12,   10,   40,  184,10265,   73
  240,20240916,   13,   10,   50,  191,10269,   68
  240,20240916,   14,   10,   50,  193,10268,   63
  240,20240916,   15,  360,   60,  192,10268,   63
  240,20240916,   16,   20,   60,  180,10273,   64
  240,20240916,   17,   20,   50,  170,10279,   70
  240,20240916,   18,   10,   50,  156,10282,   74
  240,20240916,   19,   10,   30,  145,10287,   81
  240,20240916,   20,  330,   30,  127,10289,   88
  240,20240916,   21,  350,   30,  129,10291,   86
  240,20240916,   22,  340,   20,  123,10289,   92
  240,20240916,   23,  360,   30,  142,10289,   92
  240,20240916,   24,   20,   40,  150,10293,   91
  240,20240917,    1,   30,   30,  145,10290,   93
  240,20240917,    2,   30,   30,  145,10292,   92
  240,20240917,    3,   30,   40,  155,10292,   86
  240,20240917,    4,   30,   40,  157,10295,   85
  240,20240917,    5,   40,   40,  159,10298,   87
  240,20240917,    6,   20,   30,  161,10301,   88
  240,20240917,    7,   30,   40,  164,10303,   89
  240,20240917,    8,   30,   50,  173,10304,   86
  240,20240917,    9,   50,   70,  175,10304,   82
  240,20240917,   10,   60,   60,  178,10304,   81
  240,20240917,   11,   50,   80,  185,10304,   73
  240,20240917,   12,   40,   70,  190,10302,   69
  240,20240917,   13,   40,   60,  190,10299,   67
  240,20240917,   14,   40,   60,  191,10295,   66
  240,20240917,   15,   40,   70,  188,10293,   69
  240,20240917,   16,   30,   80,  182,10294,   71
  240,20240917,   17,   40,   70,  174,10293,   72
  240,20240917,   18,   40,   60,  165,10294,   77
  240,20240917,   19,   40,   50,  159,10297,   82
  240,20240917,   20,   40,   50,  156,10297,   86
  240,20240917,   21,   50,   60,  155,10297,   87
  240,20240917,   22,   60,   60,  152,10300,   89
  240,20240917,   23,   50,   50,  151,10298,   90
  240,20240917,   24,   50,   50,  151,10296,   91
  240,20240918,    1,   50,   50,  152,10294,   91
  240,20240918,    2,   50,   50,  151,10292,   90
  240,20240918,    3,   50,   50,  149,10290,   92
  240,20240918,    4,   60,   50,  149,10287,   91
  240,20240918,    5,   50,   50,  147,10288,   92
  240,20240918,    6,   50,   60,  147,10289,   93
  240,20240918,    7,   50,   60,  153,10289,   91
  240,20240918,    8,   50,   70,  159,10290,   88
  240,20240918,    9,   60,   70,  167,10291,   85
  240,20240918,   10,   60,   60,  171,10291,   84
  240,20240918,   11,   50,   70,  179,10288,   82
  240,20240918,   12,   60,   70,  189,10284,   77
  240,20240918,   13,   60,   70,  196,10279,   76
  240,20240918,   14,   50,   60,  207,10274,   74
  240,20240918,   15,   50,   60,  205,10271,   72
  240,20240918,   16,   50,   50,  205,10268,   71
  240,20240918,   17,   50,   50,  201,10268,   73
  240,20240918,   18,   40,   50,  189,10272,   78
  240,20240918,   19,   50,   50,  184,10274,   83
  240,20240918,   20,   60,   50,  176,10274,   89
  240,20240918,   21,   60,   50,  172,10275,   90
  240,20240918,   22,   60,   50,  168,10277,   91
  240,20240918,   23,   60,   50,  165,10274,   92
  240,20240918,   24,   50,   50,  165,10273,   92
  240,20240919,    1,   60,   50,  163,10269,   93
  240,20240919,    2,   50,   50,  162,10265,   93
  240,20240919,    3,   50,   50,  159,10263,   95
  240,20240919,    4,   50,   50,  158,10261,   95
  240,20240919,    5,   50,   50,  157,10262,   96
  240,20240919,    6,   50,   40,  155,10262,   96
  240,20240919,    7,   50,   60,  158,10265,   96
  240,20240919,    8,   50,   70,  152,10268,   97
  240,20240919,    9,   50,   60,  159,10268,   95
  240,20240919,   10,   50,   60,  171,10264,   89
  240,20240919,   11,   60,   50,  183,10260,   85
  240,20240919,   12,   50,   60,  184,10255,   81
  240,20240919,   13,   60,   60,  199,10250,   75
  240,20240919,   14,   50,   60,  205,10245,   74
  240,20240919,   15,   40,   60,  205,10241,   72
  240,20240919,   16,   40,   60,  201,10236,   72
  240,20240919,   17,   50,   50,  193,10234,   75
  240,20240919,   18,   50,   50,  181,10234,   82
  240,20240919,   19,   60,   50,  178,10238,   83
  240,20240919,   20,   80,   60,  174,10240,   83
  240,20240919,   21,   80,   50,  163,10241,   87
  240,20240919,   22,   60,   40,  160,10237,   90
  240,20240919,   23,   60,   40,  157,10235,   92
  240,20240919,   24,   60,   40,  158,10233,   92
  240,20240920,    1,   60,   40,  156,10231,   93
  240,20240920,    2,   60,   50,  161,10229,   90
  240,20240920,    3,   60,   50,  160,10226,   92
  240,20240920,    4,   60,   50,  156,10226,   93
  240,20240920,    5,   60,   40,  153,10225,   92
  240,20240920,    6,   60,   50,  153,10227,   91
  240,20240920,    7,   80,   50,  161,10229,   83
  240,20240920,    8,   90,   50,  169,10232,   78
  240,20240920,    9,   90,   60,  180,10231,   73
  240,20240920,   10,   80,   70,  194,10228,   68
  240,20240920,   11,   90,   70,  207,10226,   63
  240,20240920,   12,   60,   70,  214,10221,   60
  240,20240920,   13,   80,   60,  221,10217,   59
  240,20240920,   14,   80,   60,  224,10212,   55
  240,20240920,   15,   80,   50,  224,10209,   55
  240,20240920,   16,   80,   50,  214,10208,   54
  240,20240920,   17,   80,   40,  199,10209,   60
  240,20240920,   18,   70,   40,  174,10210,   70
  240,20240920,   19,   80,   40,  170,10213,   72
  240,20240920,   20,   80,   40,  164,10214,   75
  240,20240920,   21,   80,   40,  163,10214,   77
  240,20240920,   22,   90,   50,  167,10213,   76
  240,20240920,   23,   90,   40,  165,10211,   77
  240,20240920,   24,   90,   40,  158,10210,   80
  240,20240921,    1,   90,   40,  158,10209,   79
  240,20240921,    2,   70,   20,  145,10208,   86
  240,20240921,    3,   70,   20,  141,10207,   86
  240,20240921,    4,   70,   20,  135,10205,   90
  240,20240921,    5,   70,   20,  132,10204,   90
  240,20240921,    6,   70,   20,  132,10207,   90
  240,20240921,    7,   90,   20,  151,10208,   85
  240,20240921,    8,   80,   30,  168,10208,   79
  240,20240921,    9,   90,   30,  181,10207,   73
  240,20240921,   10,   80,   30,  198,10204,   70
  240,20240921,   11,   70,   30,  211,10200,   66
  240,20240921,   12,   70,   40,  221,10194,   62
  240,20240921,   13,   90,   40,  227,10191,   62
  240,20240921,   14,   70,   40,  230,10187,   61
  240,20240921,   15,   70,   40,  229,10184,   61
  240,20240921,   16,   80,   30,  222,10182,   65
  240,20240921,   17,   60,   30,  202,10182,   72
  240,20240921,   18,   50,   20,  179,10184,   78
  240,20240921,   19,   60,   20,  171,10186,   84
  240,20240921,   20,   70,   20,  164,10186,   85
  240,20240921,   21,   80,   20,  156,10187,   88
  240,20240921,   22,   60,   20,  158,10183,   87
  240,20240921,   23,   60,   20,  154,10181,   86
  240,20240921,   24,   70,   20,  152,10180,   86
  240,20240922,    1,   60,   20,  151,10176,   88
  240,20240922,    2,   40,   10,  151,10173,   90
  240,20240922,    3,   70,   20,  144,10166,   91
  240,20240922,    4,   70,   10,  150,10164,   90
  240,20240922,    5,   70,   20,  144,10162,   93
  240,20240922,    6,   60,   20,  146,10161,   96
  240,20240922,    7,   80,   30,  167,10158,   90
  240,20240922,    8,  110,   20,  193,10160,   76
  240,20240922,    9,  120,   30,  200,10157,   72
  240,20240922,   10,  100,   30,  206,10152,   67
  240,20240922,   11,  120,   40,  225,10148,   62
  240,20240922,   12,  130,   50,  231,10142,   57
  240,20240922,   13,  130,   40,  230,10136,   57
  240,20240922,   14,  100,   40,  228,10133,   61
  240,20240922,   15,  120,   40,  224,10129,   63
  240,20240922,   16,  140,   20,  205,10127,   81
  240,20240922,   17,  100,   20,  196,10125,   85
  240,20240922,   18,  100,   20,  189,10121,   84
  240,20240922,   19,   70,   20,  183,10119,   86
  240,20240922,   20,  100,   10,  179,10117,   87
  240,20240922,   21,  110,   20,  181,10114,   83
  240,20240922,   22,  100,   20,  178,10109,   85
  240,20240922,   23,  120,   30,  182,10106,   80
  240,20240922,   24,  110,   20,  175,10098,   83
  240,20240923,    1,   50,   10,  159,10091,   90
  240,20240923,    2,  120,   30,  166,10083,   86
  240,20240923,    3,  140,   40,  168,10080,   86
  240,20240923,    4,  150,   40,  166,10076,   85
  240,20240923,    5,  150,   40,  162,10074,   88
  240,20240923,    6,  130,   30,  163,10074,   88
  240,20240923,    7,  150,   50,  168,10073,   86
  240,20240923,    8,  170,   50,  166,10075,   94
  240,20240923,    9,  200,   60,  178,10075,   86
  240,20240923,   10,  190,   70,  199,10075,   73
  240,20240923,   11,  210,   50,  204,10073,   71
  240,20240923,   12,  200,   50,  199,10070,   69
  240,20240923,   13,  200,   60,  204,10066,   66
  240,20240923,   14,  200,   40,  201,10062,   69
  240,20240923,   15,  170,   50,  191,10059,   71
  240,20240923,   16,  180,   30,  179,10055,   76
  240,20240923,   17,  180,   30,  177,10055,   80
  240,20240923,   18,  190,   30,  160,10056,   87
  240,20240923,   19,  160,   30,  160,10057,   89
  240,20240923,   20,  190,   40,  158,10055,   87
  240,20240923,   21,  200,   40,  147,10055,   90
  240,20240923,   22,  170,   30,  141,10050,   92
  240,20240923,   23,  160,   30,  133,10048,   93
  240,20240923,   24,  160,   40,  135,10044,   93
  240,20240924,    1,  170,   30,  136,10039,   92
  240,20240924,    2,  170,   40,  131,10035,   92
  240,20240924,    3,  160,   30,  123,10030,   93
  240,20240924,    4,  170,   30,  120,10026,   94
  240,20240924,    5,  160,   30,  115,10024,   95
  240,20240924,    6,  150,   40,  120,10024,   95
  240,20240924,    7,  180,   50,  128,10022,   96
  240,20240924,    8,  200,   60,  137,10022,   92
  240,20240924,    9,  200,   60,  142,10022,   88
  240,20240924,   10,  210,   60,  151,10019,   82
  240,20240924,   11,  210,   70,  162,10018,   79
  240,20240924,   12,  210,   60,  168,10016,   77
  240,20240924,   13,  230,   60,  177,10011,   73
  240,20240924,   14,  220,   50,  171,10007,   83
  240,20240924,   15,  220,   40,  156,10007,   94
  240,20240924,   16,  260,   50,  164,10008,   88
  240,20240924,   17,  280,   70,  158,10014,   86
  240,20240924,   18,  280,   60,  152,10021,   82
  240,20240924,   19,  280,   40,  140,10027,   86
  240,20240924,   20,  270,   40,  128,10028,   87
  240,20240924,   21,  220,   30,  129,10028,   88
  240,20240924,   22,  220,   50,  143,10031,   88
  240,20240924,   23,  250,   40,  147,10031,   73
  240,20240924,   24,  260,   40,  144,10031,   72
  240,20240925,    1,  220,   30,  138,10029,   79
  240,20240925,    2,  220,   30,  137,10028,   82
  240,20240925,    3,  180,   30,  138,10024,   82
  240,20240925,    4,  220,   40,  142,10021,   88
  240,20240925,    5,  220,   40,  144,10018,   89
  240,20240925,    6,  220,   40,  144,10020,   87
  240,20240925,    7,  250,   30,  145,10021,   80
  240,20240925,    8,  210,   60,  138,10026,   88
  240,20240925,    9,  210,   40,  145,10026,   85
  240,20240925,   10,  220,   40,  151,10027,   77
  240,20240925,   11,  220,   60,  150,10027,   85
  240,20240925,   12,  220,   50,  160,10024,   75
  240,20240925,   13,  200,   40,  166,10019,   73
  240,20240925,   14,  180,   50,  165,10011,   73
  240,20240925,   15,  150,   40,  162,10005,   76
  240,20240925,   16,  130,   40,  159, 9995,   82
  240,20240925,   17,  140,   30,  158, 9990,   84
  240,20240925,   18,  190,   30,  151, 9984,   90
  240,20240925,   19,  160,   30,  150, 9980,   88
  240,20240925,   20,  150,   40,  144, 9971,   87
  240,20240925,   21,  140,   30,  141, 9963,   89
  240,20240925,   22,  140,   40,  141, 9953,   92
  240,20240925,   23,  140,   40,  142, 9939,   95
  240,20240925,   24,  130,   50,  139, 9925,   96
  240,20240926,    1,  120,   40,  140, 9910,   96
  240,20240926,    2,  110,   40,  139, 9892,   97
  240,20240926,    3,  110,   50,  140, 9877,   97
  240,20240926,    4,  160,   40,  144, 9869,   97
  240,20240926,    5,  180,   50,  149, 9864,   96
  240,20240926,    6,  210,   80,  158, 9865,   92
  240,20240926,    7,  230,   70,  161, 9873,   87
  240,20240926,    8,  220,   80,  164, 9879,   91
  240,20240926,    9,  220,   80,  164, 9886,   80
  240,20240926,   10,  210,  100,  170, 9890,   84
  240,20240926,   11,  210,   90,  179, 9894,   81
  240,20240926,   12,  220,   80,  178, 9893,   78
  240,20240926,   13,  220,  100,  164, 9901,   86
  240,20240926,   14,  210,   70,  172, 9894,   81
  240,20240926,   15,  220,   60,  182, 9887,   75
  240,20240926,   16,  190,   50,  174, 9883,   79
  240,20240926,   17,  170,   40,  169, 9877,   80
  240,20240926,   18,  180,   70,  157, 9882,   81
  240,20240926,   19,  180,   60,  155, 9887,   86
  240,20240926,   20,  180,   60,  147, 9888,   84
  240,20240926,   21,  190,   70,  152, 9888,   83
  240,20240926,   22,  200,   90,  147, 9889,   87
  240,20240926,   23,  210,  110,  145, 9890,   80
  240,20240926,   24,  220,  140,  146, 9896,   79
  240,20240927,    1,  220,  110,  131, 9902,   86
  240,20240927,    2,  210,  110,  133, 9906,   87
  240,20240927,    3,  210,  120,  129, 9907,   83
  240,20240927,    4,  210,  120,  125, 9905,   84
  240,20240927,    5,  210,  130,  121, 9903,   82
  240,20240927,    6,  210,  120,  121, 9906,   82
  240,20240927,    7,  210,  130,  122, 9907,   83
  240,20240927,    8,  210,  130,  125, 9908,   81
  240,20240927,    9,  210,  130,  127, 9913,   77
  240,20240927,   10,  210,  140,  121, 9916,   85
  240,20240927,   11,  220,  120,  118, 9925,   88
  240,20240927,   12,  230,  110,  115, 9937,   93
  240,20240927,   13,  240,   50,  123, 9948,   95
  240,20240927,   14,  260,   40,  127, 9959,   94
  240,20240927,   15,  320,   50,  133, 9973,   87
  240,20240927,   16,  310,   70,  129, 9987,   83
  240,20240927,   17,  330,   70,  135,10005,   74
  240,20240927,   18,  330,   80,  126,10024,   75
  240,20240927,   19,  320,   80,  120,10043,   82
  240,20240927,   20,  340,   30,  114,10059,   86
  240,20240927,   21,  320,   50,  112,10071,   81
  240,20240927,   22,  330,   40,  109,10083,   80
  240,20240927,   23,  330,   50,  113,10093,   76
  240,20240927,   24,  340,   50,   98,10103,   83
  240,20240928,    1,  320,   40,   99,10112,   80
  240,20240928,    2,  300,   20,   83,10120,   87
  240,20240928,    3,  280,   10,   83,10127,   88
  240,20240928,    4,  990,   10,   85,10137,   89
  240,20240928,    5,  350,   20,   89,10144,   80
  240,20240928,    6,  340,   20,   93,10155,   78
  240,20240928,    7,  300,   70,   83,10173,   79
  240,20240928,    8,  320,   20,  118,10180,   75
  240,20240928,    9,  290,   30,  122,10189,   77
  240,20240928,   10,  320,   50,  130,10198,   68
  240,20240928,   11,  300,   30,  125,10204,   77
  240,20240928,   12,  330,   60,  136,10209,   67
  240,20240928,   13,  310,   70,  145,10214,   60
  240,20240928,   14,  300,   80,  138,10221,   60
  240,20240928,   15,  310,   80,  131,10228,   59
  240,20240928,   16,  330,   50,  130,10233,   64
  240,20240928,   17,  300,   30,  115,10240,   78
  240,20240928,   18,  320,   30,  105,10247,   79
  240,20240928,   19,    0,    0,   95,10253,   83
  240,20240928,   20,  140,   20,   86,10258,   89
  240,20240928,   21,  170,   20,   84,10264,   93
  240,20240928,   22,  160,   10,   77,10269,   92
  240,20240928,   23,  190,   30,   99,10270,   89
  240,20240928,   24,  180,   10,   83,10274,   95
  240,20240929,    1,  190,   30,   61,10274,   95
  240,20240929,    2,  170,   10,   67,10271,   96
  240,20240929,    3,  150,   10,   69,10270,   96
  240,20240929,    4,  160,   20,   54,10269,   97
  240,20240929,    5,  160,   20,   60,10270,   98
  240,20240929,    6,  180,   10,   60,10271,   98
  240,20240929,    7,  170,   20,   79,10274,   96
  240,20240929,    8,  180,   30,  106,10277,   84
  240,20240929,    9,  170,   40,  124,10276,   76
  240,20240929,   10,  170,   50,  135,10271,   70
  240,20240929,   11,  180,   60,  138,10268,   59
  240,20240929,   12,  170,   50,  142,10261,   60
  240,20240929,   13,  170,   50,  131,10255,   64
  240,20240929,   14,  160,   50,  131,10249,   66
  240,20240929,   15,  140,   40,  126,10240,   68
  240,20240929,   16,  110,   40,  126,10231,   71
  240,20240929,   17,  120,   50,  118,10224,   73
  240,20240929,   18,  110,   40,  110,10217,   76
  240,20240929,   19,  110,   50,  107,10214,   75
  240,20240929,   20,  100,   40,   93,10206,   81
  240,20240929,   21,  100,   50,   96,10195,   80
  240,20240929,   22,  120,   50,   96,10188,   80
  240,20240929,   23,  120,   60,   99,10179,   79
  240,20240929,   24,  120,   60,   93,10169,   80
  240,20240930,    1,  110,   60,   92,10156,   79
  240,20240930,    2,  110,   60,   90,10146,   80
  240,20240930,    3,  110,   70,   94,10136,   78
  240,20240930,    4,  110,   60,   94,10129,   79
  240,20240930,    5,  110,   60,   89,10120,   80
  240,20240930,    6,  110,   70,   88,10114,   82
  240,20240930,    7,  110,   70,   93,10109,   81
  240,20240930,    8,  120,   70,  107,10103,   78
  240,20240930,    9,  120,   70,  117,10098,   75
  240,20240930,   10,  130,   70,  115,10093,   82
  240,20240930,   11,  130,   70,  115,10088,   86
  240,20240930,   12,  120,   80,  116,10080,   93
  240,20240930,   13,  120,   80,  117,10071,   96
  240,20240930,   14,  120,   80,  122,10060,   96
  240,20240930,   15,  120,   70,  128,10048,   96
  240,20240930,   16,  130,   80,  136,10036,   97
  240,20240930,   17,  140,   70,  143,10028,   97
  240,20240930,   18,  190,   90,  148,10028,   95
  240,20240930,   19,  210,   80,  148,10029,   86
  240,20240930,   20,  210,   90,  140,10032,   93
  240,20240930,   21,  210,   80,  140,10030,   91
  240,20240930,   22,  190,   70,  136,10029,   93
  240,20240930,   23,  200,   80,  138,10028,   89
  240,20240930,   24,  190,   70,  134,10027,   92
  240,20241001,    1,  200,   70,  131,10028,   94
  240,20241001,    2,  190,   80,  130,10027,   93
  240,20241001,    3,  170,   80,  124,10026,   96
  240,20241001,    4,  180,   70,  122,10022,   97
  240,20241001,    5,  180,   70,  120,10024,   97
  240,20241001,    6,  180,   50,  125,10023,   96
  240,20241001,    7,  180,   40,  131,10026,   97
  240,20241001,    8,  190,   60,  134,10030,   96
  240,20241001,    9,  200,   80,  139,10030,   97
  240,20241001,   10,  210,   80,  140,10034,   97
  240,20241001,   11,  200,   70,  139,10037,   96
  240,20241001,   12,  200,   70,  136,10041,   96
  240,20241001,   13,  200,   70,  140,10042,   94
  240,20241001,   14,  200,   60,  136,10045,   94
  240,20241001,   15,  190,   60,  139,10047,   90
  240,20241001,   16,  190,   50,  137,10049,   90
  240,20241001,   17,  180,   50,  136,10052,   90
  240,20241001,   18,  180,   50,  133,10052,   90
  240,20241001,   19,  170,   50,  129,10057,   93
  240,20241001,   20,  160,   30,  127,10059,   94
  240,20241001,   21,   90,   20,  123,10062,   96
  240,20241001,   22,  100,   20,  121,10065,   97
  240,20241001,   23,   90,   20,  117,10068,   98
  240,20241001,   24,   90,   10,  117,10070,   98
  240,20241002,    1,   60,   20,  117,10073,   98
  240,20241002,    2,   90,   10,  119,10075,   98
  240,20241002,    3,  990,   10,  122,10078,   98
  240,20241002,    4,   30,   20,  124,10083,   97
  240,20241002,    5,   50,   60,  121,10090,   94
  240,20241002,    6,   50,   50,  115,10099,   91
  240,20241002,    7,   50,   50,  113,10106,   90
  240,20241002,    8,   50,   40,  115,10113,   90
  240,20241002,    9,   40,   50,  117,10119,   89
  240,20241002,   10,   50,   50,  116,10125,   87
  240,20241002,   11,   50,   50,  119,10128,   85
  240,20241002,   12,   50,   70,  128,10129,   78
  240,20241002,   13,   40,   70,  130,10131,   74
  240,20241002,   14,   50,   80,  136,10135,   71
  240,20241002,   15,   50,   80,  128,10138,   72
  240,20241002,   16,   60,   80,  123,10143,   74
  240,20241002,   17,   50,   70,  122,10151,   70
  240,20241002,   18,   60,   60,  121,10160,   68
  240,20241002,   19,   50,   40,  121,10168,   69
  240,20241002,   20,   40,   30,  120,10173,   77
  240,20241002,   21,   60,   50,  121,10178,   77
  240,20241002,   22,   60,   40,  114,10182,   77
  240,20241002,   23,   50,   30,   97,10184,   82
  240,20241002,   24,   50,   30,   93,10187,   80
  240,20241003,    1,   60,   30,   88,10190,   81
  240,20241003,    2,   80,   40,   84,10191,   81
  240,20241003,    3,   40,   20,   81,10193,   85
  240,20241003,    4,   40,   20,   77,10194,   85
  240,20241003,    5,   40,   20,   67,10196,   87
  240,20241003,    6,  340,   20,   60,10200,   92
  240,20241003,    7,   10,   20,   85,10205,   88
  240,20241003,    8,  360,   20,  110,10211,   79
  240,20241003,    9,   30,   50,  126,10213,   71
  240,20241003,   10,   40,   60,  140,10214,   63
  240,20241003,   11,   50,   70,  137,10213,   64
  240,20241003,   12,   50,   80,  133,10210,   65
  240,20241003,   13,   50,   60,  147,10210,   58
  240,20241003,   14,   50,   50,  144,10208,   58
  240,20241003,   15,   50,   60,  140,10206,   60
  240,20241003,   16,   40,   60,  136,10207,   64
  240,20241003,   17,   40,   40,  123,10210,   68
  240,20241003,   18,   20,   20,  108,10215,   75
  240,20241003,   19,   20,   20,   97,10217,   80
  240,20241003,   20,   30,   20,  107,10219,   79
  240,20241003,   21,   40,   30,   92,10221,   85
  240,20241003,   22,   30,   10,   83,10222,   92
  240,20241003,   23,  340,   10,   74,10220,   94
  240,20241003,   24,   30,   10,   64,10219,   97
  240,20241004,    1,   10,   20,   64,10218,   98
  240,20241004,    2,   30,   10,   62,10216,   98
  240,20241004,    3,    0,    0,   61,10216,   99
  240,20241004,    4,  350,   10,   57,10218,   99
  240,20241004,    5,    0,    0,   48,10219,   99
  240,20241004,    6,    0,    0,   48,10223,   99
  240,20241004,    7,    0,    0,   52,10226,   98
  240,20241004,    8,   50,   10,  103,10230,   89
  240,20241004,    9,   90,   20,  123,10230,   70
  240,20241004,   10,  120,   30,  132,10229,   63
  240,20241004,   11,  120,   30,  140,10227,   64
  240,20241004,   12,  150,   30,  142,10223,   60
  240,20241004,   13,  160,   20,  150,10219,   56
  240,20241004,   14,   90,   20,  148,10217,   60
  240,20241004,   15,   80,   20,  135,10216,   64
  240,20241004,   16,   90,   30,  133,10215,   68
  240,20241004,   17,   80,   30,  110,10218,   77
  240,20241004,   18,   40,   10,  104,10221,   79
  240,20241004,   19,   80,   10,   92,10222,   87
  240,20241004,   20,   70,   10,   84,10222,   92
  240,20241004,   21,   80,   20,   69,10220,   97
  240,20241004,   22,   80,   20,   66,10220,   97
  240,20241004,   23,   60,   10,   65,10216,   97
  240,20241004,   24,    0,    0,   60,10215,   97
  240,20241005,    1,   60,   10,   56,10214,   98
  240,20241005,    2,   70,   10,   53,10212,   97
  240,20241005,    3,   90,   10,   49,10209,   97
  240,20241005,    4,   60,   10,   55,10210,   97
  240,20241005,    5,  110,   10,   41,10207,   97
  240,20241005,    6,   80,   10,   44,10207,   97
  240,20241005,    7,   80,   10,   57,10207,   97
  240,20241005,    8,  130,   10,  103,10207,   81
  240,20241005,    9,  120,   30,  124,10205,   72
  240,20241005,   10,  120,   30,  135,10200,   67
  240,20241005,   11,  160,   30,  142,10197,   59
  240,20241005,   12,  150,   20,  147,10189,   57
  240,20241005,   13,  110,   40,  151,10179,   61
  240,20241005,   14,  130,   40,  150,10172,   57
  240,20241005,   15,  150,   30,  148,10166,   58
  240,20241005,   16,  140,   30,  140,10164,   61
  240,20241005,   17,  120,   30,  112,10158,   71
  240,20241005,   18,  120,   30,  100,10156,   73
  240,20241005,   19,  100,   30,   81,10151,   82
  240,20241005,   20,  100,   30,   86,10147,   83
  240,20241005,   21,  110,   30,   90,10146,   83
  240,20241005,   22,  110,   40,   86,10141,   83
  240,20241005,   23,  110,   40,   81,10132,   86
  240,20241005,   24,  110,   40,   80,10127,   85
  240,20241006,    1,  110,   40,   77,10123,   87
  240,20241006,    2,  130,   40,   76,10118,   89
  240,20241006,    3,  120,   40,   74,10111,   90
  240,20241006,    4,  120,   40,   72,10104,   90
  240,20241006,    5,  120,   50,   72,10095,   90
  240,20241006,    6,  120,   40,   72,10098,   91
  240,20241006,    7,  120,   30,   79,10098,   89
  240,20241006,    8,  120,   50,   95,10094,   85
  240,20241006,    9,  110,   60,  101,10085,   84
  240,20241006,   10,  120,   70,  120,10078,   76
  240,20241006,   11,  120,   60,  128,10067,   74
  240,20241006,   12,  130,   70,  138,10053,   68
  240,20241006,   13,  120,   70,  144,10044,   70
  240,20241006,   14,  130,   70,  153,10038,   65
  240,20241006,   15,  130,   70,  147,10033,   65
  240,20241006,   16,  140,   40,  142,10030,   69
  240,20241006,   17,  140,   40,  126,10028,   75
  240,20241006,   18,  110,   40,  127,10021,   78
  240,20241006,   19,  120,   50,  128,10013,   77
  240,20241006,   20,  150,   50,  131,10011,   77
  240,20241006,   21,  160,   60,  123,10010,   93
  240,20241006,   22,  150,   50,  124,10000,   91
  240,20241006,   23,  150,   60,  130, 9995,   86
  240,20241006,   24,  150,   50,  128, 9989,   92
  240,20241007,    1,  160,   50,  129, 9985,   95
  240,20241007,    2,  170,   50,  135, 9983,   95
  240,20241007,    3,  170,   40,  138, 9981,   96
  240,20241007,    4,  190,   50,  147, 9983,   94
  240,20241007,    5,  210,   80,  152, 9984,   87
  240,20241007,    6,  210,   90,  143, 9992,   87
  240,20241007,    7,  220,   80,  140,10001,   87
  240,20241007,    8,  210,   80,  150,10007,   84
  240,20241007,    9,  220,   70,  158,10013,   81
  240,20241007,   10,  220,   70,  166,10018,   77
  240,20241007,   11,  220,   70,  177,10019,   70
  240,20241007,   12,  210,   60,  182,10021,   68
  240,20241007,   13,  200,   70,  181,10022,   68
  240,20241007,   14,  210,   60,  179,10018,   66
  240,20241007,   15,  190,   50,  175,10014,   67
  240,20241007,   16,  170,   40,  166,10011,   72
  240,20241007,   17,  150,   40,  152,10013,   77
  240,20241007,   18,  150,   30,  150,10014,   79
  240,20241007,   19,  100,   30,  137,10006,   86
  240,20241007,   20,  110,   30,  143,10000,   84
  240,20241007,   21,  110,   40,  142, 9996,   83
  240,20241007,   22,  120,   20,  146, 9989,   81
  240,20241007,   23,   80,   40,  137, 9979,   90
  240,20241007,   24,   90,   40,  138, 9969,   93
  240,20241008,    1,  110,   40,  141, 9964,   95
  240,20241008,    2,  140,   30,  149, 9954,   95
  240,20241008,    3,  170,   50,  156, 9951,   94
  240,20241008,    4,  190,   50,  157, 9954,   95
  240,20241008,    5,  200,   40,  157, 9960,   95
  240,20241008,    6,  210,   60,  155, 9964,   93
  240,20241008,    7,  200,   60,  149, 9972,   92
  240,20241008,    8,  200,   60,  155, 9975,   90
  240,20241008,    9,  210,   70,  160, 9974,   82
  240,20241008,   10,  200,   70,  167, 9978,   76
  240,20241008,   11,  200,   70,  167, 9978,   74
  240,20241008,   12,  200,   70,  170, 9976,   73
  240,20241008,   13,  200,   70,  173, 9978,   72
  240,20241008,   14,  200,   70,  172, 9976,   74
  240,20241008,   15,  200,   60,  173, 9974,   73
  240,20241008,   16,  190,   70,  172, 9970,   73
  240,20241008,   17,  190,   40,  152, 9971,   79
  240,20241008,   18,  160,   30,  136, 9970,   86
  240,20241008,   19,  140,   40,  147, 9968,   86
  240,20241008,   20,  170,   50,  147, 9965,   88
  240,20241008,   21,  170,   50,  150, 9962,   85
  240,20241008,   22,  150,   50,  146, 9955,   86
  240,20241008,   23,  160,   40,  137, 9950,   89
  240,20241008,   24,  160,   50,  141, 9947,   88
  240,20241009,    1,  160,   50,  135, 9940,   90
  240,20241009,    2,  160,   50,  135, 9933,   90
  240,20241009,    3,  170,   60,  133, 9931,   90
  240,20241009,    4,  170,   50,  127, 9924,   91
  240,20241009,    5,  170,   60,  132, 9915,   90
  240,20241009,    6,  170,   60,  136, 9914,   89
  240,20241009,    7,  170,   70,  139, 9910,   89
  240,20241009,    8,  170,   70,  145, 9904,   85
  240,20241009,    9,  170,   80,  154, 9896,   81
  240,20241009,   10,  180,   80,  154, 9892,   81
  240,20241009,   11,  180,   60,  157, 9884,   80
  240,20241009,   12,  180,   80,  159, 9880,   80
  240,20241009,   13,  170,   60,  159, 9873,   80
  240,20241009,   14,  170,   50,  157, 9867,   81
  240,20241009,   15,  170,   50,  153, 9865,   82
  240,20241009,   16,  160,   40,  147, 9858,   86
  240,20241009,   17,  160,   30,  139, 9855,   91
  240,20241009,   18,  130,   20,  132, 9852,   94
  240,20241009,   19,  140,   10,  130, 9852,   96
  240,20241009,   20,  140,   10,  124, 9850,   97
  240,20241009,   21,    0,    0,  122, 9848,   98
  240,20241009,   22,  290,   20,  118, 9847,   98
  240,20241009,   23,  310,   10,  125, 9847,   98
  240,20241009,   24,  310,   20,  126, 9854,   97
  240,20241010,    1,  300,   30,  124, 9863,   95
  240,20241010,    2,  290,   30,  135, 9871,   90
  240,20241010,    3,  320,   50,  134, 9883,   92
  240,20241010,    4,  340,   80,  131, 9898,   91
  240,20241010,    5,  340,   80,  128, 9915,   87
  240,20241010,    6,  330,   70,  125, 9933,   84
  240,20241010,    7,  330,   80,  121, 9953,   83
  240,20241010,    8,  330,   60,  128, 9971,   80
  240,20241010,    9,  350,   70,  126, 9983,   81
  240,20241010,   10,  320,   80,  131, 9995,   71
  240,20241010,   11,  320,   40,  127,10011,   74
  240,20241010,   12,  310,   70,  131,10021,   66
  240,20241010,   13,  300,   70,  118,10032,   74
  240,20241010,   14,  320,   30,  131,10038,   65
  240,20241010,   15,  330,   70,  115,10048,   74
  240,20241010,   16,  350,   30,  106,10053,   78
  240,20241010,   17,  340,   20,  104,10059,   76
  240,20241010,   18,  300,   20,   98,10069,   82
  240,20241010,   19,  350,   40,   97,10075,   79
  240,20241010,   20,  270,   10,   91,10083,   84
  240,20241010,   21,    0,    0,   93,10090,   82
  240,20241010,   22,  200,   10,   89,10095,   89
  240,20241010,   23,  160,   20,   83,10100,   91
  240,20241010,   24,    0,    0,   72,10106,   92
  240,20241011,    1,    0,    0,   73,10112,   92
  240,20241011,    2,    0,    0,   59,10117,   95
  240,20241011,    3,  210,   10,   46,10123,   98
  240,20241011,    4,  140,   10,   60,10127,   94
  240,20241011,    5,  190,   10,   59,10132,   90
  240,20241011,    6,  180,   20,   54,10138,   95
  240,20241011,    7,  180,   30,   80,10148,   86
  240,20241011,    8,  200,   40,   99,10155,   84
  240,20241011,    9,  190,   20,  111,10161,   78
  240,20241011,   10,  200,   60,  111,10166,   78
  240,20241011,   11,  210,   40,  127,10169,   72
  240,20241011,   12,  230,   50,  118,10171,   70
  240,20241011,   13,  250,   50,  134,10173,   55
  240,20241011,   14,  250,   50,  120,10176,   57
  240,20241011,   15,  270,   40,  118,10178,   60
  240,20241011,   16,  270,   40,  112,10179,   60
  240,20241011,   17,  250,   20,   96,10180,   63
  240,20241011,   18,  130,   10,   74,10180,   78
  240,20241011,   19,  140,   10,   68,10178,   88
  240,20241011,   20,  150,   20,   58,10180,   87
  240,20241011,   21,  160,   30,   51,10178,   89
  240,20241011,   22,  140,   10,   54,10178,   94
  240,20241011,   23,  120,   10,   57,10174,   92
  240,20241011,   24,  130,   10,   49,10172,   95
  240,20241012,    1,  130,   20,   46,10166,   95
  240,20241012,    2,  110,   10,   45,10159,   95
  240,20241012,    3,  130,   30,   59,10152,   92
  240,20241012,    4,  130,   30,   64,10145,   90
  240,20241012,    5,  140,   40,   64,10142,   91
  240,20241012,    6,  140,   30,   61,10135,   93
  240,20241012,    7,  140,   30,   63,10129,   93
  240,20241012,    8,  140,   40,   69,10126,   91
  240,20241012,    9,  150,   30,   83,10121,   90
  240,20241012,   10,  150,   60,   92,10116,   87
  240,20241012,   11,  150,   50,  101,10106,   84
  240,20241012,   12,  150,   40,  109,10097,   82
  240,20241012,   13,  150,   50,  114,10085,   80
  240,20241012,   14,  160,   60,  119,10074,   78
  240,20241012,   15,  170,   50,  119,10067,   80
  240,20241012,   16,  160,   50,  119,10061,   80
  240,20241012,   17,  150,   60,  116,10051,   82
  240,20241012,   18,  160,   60,  115,10044,   85
  240,20241012,   19,  190,   70,  113,10038,   84
  240,20241012,   20,  200,   80,  119,10029,   82
  240,20241012,   21,  220,   80,  113,10025,   93
  240,20241012,   22,  270,   60,  108,10030,   83
  240,20241012,   23,  280,   80,  108,10034,   76
  240,20241012,   24,  280,   90,  102,10044,   69
  240,20241013,    1,  280,  120,  101,10055,   65
  240,20241013,    2,  270,  110,  100,10059,   69
  240,20241013,    3,  270,  120,   98,10064,   73
  240,20241013,    4,  280,  100,  101,10073,   73
  240,20241013,    5,  290,  110,  106,10083,   67
  240,20241013,    6,  280,   80,  105,10094,   71
  240,20241013,    7,  280,   80,  106,10106,   81
  240,20241013,    8,  310,  100,  104,10122,   85
  240,20241013,    9,  310,   90,  111,10137,   78
  240,20241013,   10,  310,  100,  122,10148,   69
  240,20241013,   11,  300,   70,  112,10160,   79
  240,20241013,   12,  310,   70,  129,10169,   72
  240,20241013,   13,  280,   80,  124,10174,   63
  240,20241013,   14,  310,   70,  123,10183,   66
  240,20241013,   15,  300,   60,  118,10186,   62
  240,20241013,   16,  280,   30,  108,10186,   71
  240,20241013,   17,  270,   30,   94,10192,   75
  240,20241013,   18,  270,   30,   98,10196,   76
  240,20241013,   19,  270,   30,   98,10198,   77
  240,20241013,   20,  250,   30,  101,10198,   73
  240,20241013,   21,  200,   30,   76,10204,   89
  240,20241013,   22,  170,   10,   72,10203,   92
  240,20241013,   23,  180,   20,   77,10195,   91
  240,20241013,   24,  180,   20,   80,10194,   88
  240,20241014,    1,  190,   20,   71,10196,   90
  240,20241014,    2,   90,   10,   66,10188,   91
  240,20241014,    3,  170,   20,   70,10186,   95
  240,20241014,    4,  110,   20,   75,10177,   93
  240,20241014,    5,  130,   20,   75,10172,   92
  240,20241014,    6,  140,   20,   77,10174,   90
  240,20241014,    7,  150,   20,   80,10175,   90
  240,20241014,    8,  120,   20,   89,10176,   87
  240,20241014,    9,  110,   30,   96,10173,   81
  240,20241014,   10,  110,   20,   99,10176,   78
  240,20241014,   11,  110,   30,  104,10172,   78
  240,20241014,   12,   90,   30,  104,10165,   76
  240,20241014,   13,   90,   30,  115,10165,   75
  240,20241014,   14,   90,   20,  114,10170,   72
  240,20241014,   15,   90,   30,  111,10174,   75
  240,20241014,   16,   50,   40,  106,10177,   80
  240,20241014,   17,   60,   30,   87,10185,   86
  240,20241014,   18,   90,   10,   84,10190,   91
  240,20241014,   19,   80,   20,   70,10193,   94
  240,20241014,   20,   90,   20,   67,10199,   95
  240,20241014,   21,   80,   10,   61,10209,   97
  240,20241014,   22,  100,   20,   60,10210,   96
  240,20241014,   23,   80,   30,   50,10208,   96
  240,20241014,   24,   80,   40,   55,10208,   94
  240,20241015,    1,   80,   40,   68,10207,   90
  240,20241015,    2,   90,   30,   53,10205,   91
  240,20241015,    3,  100,   40,   59,10207,   90
  240,20241015,    4,   90,   40,   55,10208,   91
  240,20241015,    5,   90,   40,   58,10207,   89
  240,20241015,    6,   90,   40,   61,10207,   88
  240,20241015,    7,   90,   40,   72,10208,   87
  240,20241015,    8,  100,   50,   90,10209,   82
  240,20241015,    9,  120,   70,  100,10207,   75
  240,20241015,   10,  110,   60,  110,10202,   77
  240,20241015,   11,  100,   60,  123,10196,   73
  240,20241015,   12,  100,   60,  135,10192,   71
  240,20241015,   13,  110,   60,  143,10187,   69
  240,20241015,   14,  100,   60,  145,10182,   70
  240,20241015,   15,  120,   50,  138,10176,   74
  240,20241015,   16,  100,   50,  129,10172,   78
  240,20241015,   17,  110,   50,  119,10172,   82
  240,20241015,   18,  100,   50,  116,10171,   81
  240,20241015,   19,  100,   50,  111,10165,   82
  240,20241015,   20,  100,   60,  106,10160,   82
  240,20241015,   21,  100,   60,  109,10152,   82
  240,20241015,   22,  110,   50,  109,10144,   86
  240,20241015,   23,  110,   70,  109,10138,   87
  240,20241015,   24,  120,   70,  112,10134,   87
  240,20241016,    1,  120,   50,  113,10132,   88
  240,20241016,    2,  120,   60,  115,10122,   88
  240,20241016,    3,  120,   80,  117,10112,   87
  240,20241016,    4,  120,   60,  118,10108,   87
  240,20241016,    5,  120,   70,  117,10102,   89
  240,20241016,    6,  110,   70,  117,10099,   89
  240,20241016,    7,  110,   50,  122,10098,   89
  240,20241016,    8,  120,   60,  129,10100,   88
  240,20241016,    9,  120,   60,  148,10094,   83
  240,20241016,   10,  130,   50,  177,10091,   75
  240,20241016,   11,  140,   80,  185,10091,   73
  240,20241016,   12,  140,   70,  193,10089,   72
  240,20241016,   13,  140,   60,  203,10085,   71
  240,20241016,   14,  140,   60,  196,10081,   72
  240,20241016,   15,  130,   60,  190,10077,   75
  240,20241016,   16,  120,   60,  184,10075,   78
  240,20241016,   17,  130,   60,  182,10076,   78
  240,20241016,   18,  120,   60,  180,10074,   79
  240,20241016,   19,  130,   60,  176,10072,   80
  240,20241016,   20,  130,   50,  170,10071,   82
  240,20241016,   21,  140,   60,  171,10072,   80
  240,20241016,   22,  140,   60,  169,10072,   79
  240,20241016,   23,  140,   70,  163,10072,   79
  240,20241016,   24,  130,   50,  152,10068,   82
  240,20241017,    1,  130,   60,  154,10067,   82
  240,20241017,    2,  140,   60,  155,10063,   82
  240,20241017,    3,  140,   50,  157,10059,   81
  240,20241017,    4,  140,   60,  153,10059,   86
  240,20241017,    5,  140,   50,  156,10059,   87
  240,20241017,    6,  160,   60,  161,10062,   89
  240,20241017,    7,  170,   70,  166,10070,   91
  240,20241017,    8,  180,   60,  169,10076,   96
  240,20241017,    9,  230,   80,  167,10090,   95
  240,20241017,   10,  240,   60,  178,10099,   90
  240,20241017,   11,  230,   70,  182,10108,   85
  240,20241017,   12,  240,   60,  184,10111,   82
  240,20241017,   13,  230,   40,  186,10113,   84
  240,20241017,   14,  230,   60,  182,10119,   82
  240,20241017,   15,  250,   50,  179,10121,   83
  240,20241017,   16,  240,   30,  174,10126,   84
  240,20241017,   17,  260,   10,  157,10130,   91
  240,20241017,   18,  180,   20,  151,10135,   94
  240,20241017,   19,  150,   10,  151,10138,   97
  240,20241017,   20,  310,   10,  144,10140,   97
  240,20241017,   21,  310,   20,  145,10143,   98
  240,20241017,   22,  350,   10,  142,10142,   98
  240,20241017,   23,  320,   10,  146,10144,   98
  240,20241017,   24,  330,   20,  147,10145,   98
  240,20241018,    1,  320,   20,  149,10145,   98
  240,20241018,    2,  350,   20,  144,10146,   97
  240,20241018,    3,  100,   20,  143,10143,   97
  240,20241018,    4,   80,   10,  140,10141,   96
  240,20241018,    5,   50,   10,  149,10143,   98
  240,20241018,    6,  310,   30,  144,10149,   98
  240,20241018,    7,  330,   20,  148,10152,   98
  240,20241018,    8,  990,   10,  150,10153,   98
  240,20241018,    9,  330,   30,  154,10150,   96
  240,20241018,   10,   10,   30,  164,10147,   91
  240,20241018,   11,   40,   20,  172,10141,   88
  240,20241018,   12,   70,   20,  176,10135,   87
  240,20241018,   13,  110,   20,  172,10137,   88
  240,20241018,   14,  130,   20,  173,10137,   86
  240,20241018,   15,  310,   50,  159,10136,   90
  240,20241018,   16,  340,   20,  156,10132,   90
  240,20241018,   17,  350,   10,  147,10135,   93
  240,20241018,   18,  310,   10,  143,10138,   96
  240,20241018,   19,    0,    0,  142,10136,   98
  240,20241018,   20,  110,   10,  139,10130,   98
  240,20241018,   21,  220,   20,  141,10131,   97
  240,20241018,   22,  280,   20,  141,10131,   95
  240,20241018,   23,  270,   10,  142,10130,   92
  240,20241018,   24,  260,   30,  145,10130,   91
  240,20241019,    1,  160,   10,  141,10127,   93
  240,20241019,    2,  230,   20,  143,10126,   92
  240,20241019,    3,  220,   20,  142,10126,   93
  240,20241019,    4,  170,   20,  140,10122,   93
  240,20241019,    5,  200,   20,  138,10122,   94
  240,20241019,    6,  220,   40,  141,10126,   93
  240,20241019,    7,  180,   30,  135,10129,   95
  240,20241019,    8,  180,   30,  138,10133,   89
  240,20241019,    9,  180,   30,  144,10134,   91
  240,20241019,   10,  180,   40,  155,10138,   85
  240,20241019,   11,  170,   50,  157,10137,   83
  240,20241019,   12,  190,   70,  156,10137,   80
  240,20241019,   13,  190,   50,  155,10139,   82
  240,20241019,   14,  200,   60,  157,10140,   82
  240,20241019,   15,  200,   60,  155,10144,   83
  240,20241019,   16,  190,   50,  155,10147,   84
  240,20241019,   17,  170,   50,  146,10151,   87
  240,20241019,   18,  170,   60,  146,10154,   87
  240,20241019,   19,  180,   70,  146,10159,   87
  240,20241019,   20,  180,   50,  139,10162,   96
  240,20241019,   21,  190,   50,  141,10165,   94
  240,20241019,   22,  190,   40,  142,10167,   93
  240,20241019,   23,  190,   40,  142,10170,   93
  240,20241019,   24,  190,   30,  141,10172,   94
  240,20241020,    1,  180,   30,  141,10172,   96
  240,20241020,    2,  170,   40,  136,10168,   97
  240,20241020,    3,  220,   20,  133,10169,   98
  240,20241020,    4,  170,   40,  135,10167,   97
  240,20241020,    5,  180,   40,  137,10164,   96
  240,20241020,    6,  180,   40,  136,10170,   95
  240,20241020,    7,  170,   50,  136,10165,   95
  240,20241020,    8,  180,   50,  138,10161,   95
  240,20241020,    9,  180,   50,  143,10164,   94
  240,20241020,   10,  180,   70,  152,10160,   88
  240,20241020,   11,  180,   80,  159,10156,   83
  240,20241020,   12,  180,   90,  164,10142,   78
  240,20241020,   13,  180,   90,  168,10137,   74
  240,20241020,   14,  180,   90,  165,10132,   74
  240,20241020,   15,  190,   90,  162,10130,   75
  240,20241020,   16,  180,   90,  166,10130,   74
  240,20241020,   17,  190,   90,  165,10133,   77
  240,20241020,   18,  190,   90,  163,10135,   82
  240,20241020,   19,  190,   90,  168,10135,   82
  240,20241020,   20,  200,  100,  173,10138,   82
  240,20241020,   21,  210,   90,  168,10145,   90
  240,20241020,   22,  230,   70,  148,10155,   96
  240,20241020,   23,  220,   80,  147,10159,   84
  240,20241020,   24,  210,   70,  142,10167,   88
  240,20241021,    1,  220,   70,  141,10171,   88
  240,20241021,    2,  210,   60,  141,10174,   88
  240,20241021,    3,  220,   60,  136,10178,   90
  240,20241021,    4,  220,   60,  135,10183,   89
  240,20241021,    5,  220,   40,  128,10189,   93
  240,20241021,    6,  200,   40,  137,10195,   93
  240,20241021,    7,  220,   50,  144,10206,   90
  240,20241021,    8,  200,   50,  143,10212,   91
  240,20241021,    9,  220,   60,  147,10223,   90
  240,20241021,   10,  210,   50,  150,10225,   91
  240,20241021,   11,  230,   50,  152,10229,   88
  240,20241021,   12,  220,   60,  153,10227,   83
  240,20241021,   13,  230,   40,  154,10232,   83
  240,20241021,   14,  200,   40,  147,10230,   88
  240,20241021,   15,  270,   30,  144,10231,   88
  240,20241021,   16,  240,   30,  143,10228,   86
  240,20241021,   17,  190,   20,  137,10227,   91
  240,20241021,   18,  190,   10,  133,10223,   93
  240,20241021,   19,  990,   10,  132,10219,   94
  240,20241021,   20,  190,   10,  127,10220,   97
  240,20241021,   21,  330,   30,  109,10218,   95
  240,20241021,   22,  320,   10,  106,10224,   95
  240,20241021,   23,  270,   20,  106,10227,   97
  240,20241021,   24,  300,   10,  105,10228,   97
  240,20241022,    1,  310,   10,  102,10228,   97
  240,20241022,    2,  160,   20,  100,10230,   97
  240,20241022,    3,  190,   30,   94,10240,   97
  240,20241022,    4,  190,   40,   94,10245,   97
  240,20241022,    5,  200,   40,   96,10250,   95
  240,20241022,    6,  210,   50,  102,10254,   94
  240,20241022,    7,  210,   40,  100,10262,   95
  240,20241022,    8,  210,   50,  119,10268,   93
  240,20241022,    9,  210,   60,  135,10273,   89
  240,20241022,   10,  220,   60,  141,10278,   85
  240,20241022,   11,  230,   70,  154,10282,   75
  240,20241022,   12,  240,   60,  143,10285,   76
  240,20241022,   13,  240,   80,  149,10286,   69
  240,20241022,   14,  240,   70,  153,10289,   67
  240,20241022,   15,  240,   70,  149,10292,   70
  240,20241022,   16,  240,   50,  140,10295,   72
  240,20241022,   17,  240,   40,  130,10302,   80
  240,20241022,   18,  220,   40,  115,10308,   87
  240,20241022,   19,  190,   40,  121,10311,   88
  240,20241022,   20,  200,   40,  111,10314,   90
  240,20241022,   21,  200,   30,  118,10319,   92
  240,20241022,   22,  260,   30,  128,10322,   91
  240,20241022,   23,  210,   20,  107,10323,   96
  240,20241022,   24,  190,   20,  117,10326,   97
  240,20241023,    1,  210,   20,  100,10327,   97
  240,20241023,    2,  130,   10,  106,10328,   98
  240,20241023,    3,  150,   20,   92,10329,   98
  240,20241023,    4,  150,   20,   96,10333,   99
  240,20241023,    5,  160,   30,   96,10336,   99
  240,20241023,    6,  160,   20,   95,10339,   99
  240,20241023,    7,  160,   30,   94,10340,   99
  240,20241023,    8,  180,   30,  101,10343,   99
  240,20241023,    9,  190,   30,  107,10348,   99
  240,20241023,   10,  170,   30,  116,10349,   99
  240,20241023,   11,  180,   30,  123,10346,   98
  240,20241023,   12,  170,   30,  131,10342,   97
  240,20241023,   13,  160,   30,  144,10337,   89
  240,20241023,   14,  130,   20,  142,10334,   90
  240,20241023,   15,  120,   10,  144,10329,   92
  240,20241023,   16,   90,   20,  140,10325,   91
  240,20241023,   17,  140,   30,  136,10325,   93
  240,20241023,   18,  120,   30,  116,10325,   97
  240,20241023,   19,  100,   20,  106,10326,   98
  240,20241023,   20,  120,   30,  107,10323,   97
  240,20241023,   21,  120,   40,  103,10318,   98
  240,20241023,   22,  120,   30,  100,10316,   97
  240,20241023,   23,  110,   30,   87,10312,   98
  240,20241023,   24,  110,   30,   88,10305,   98
  240,20241024,    1,  110,   40,   88,10297,   97
  240,20241024,    2,  110,   40,   84,10290,   98
  240,20241024,    3,  130,   20,   79,10284,   98
  240,20241024,    4,   90,   10,   67,10280,   99
  240,20241024,    5,  110,   20,   64,10274,   98
  240,20241024,    6,  100,   30,   65,10269,   98
  240,20241024,    7,  100,   40,   73,10269,   96
  240,20241024,    8,  120,   50,   88,10266,   92
  240,20241024,    9,  130,   50,  107,10261,   86
  240,20241024,   10,  130,   50,  115,10256,   83
  240,20241024,   11,  120,   50,  122,10247,   83
  240,20241024,   12,  130,   40,  130,10237,   80
  240,20241024,   13,  130,   40,  138,10227,   77
  240,20241024,   14,  140,   50,  141,10219,   72
  240,20241024,   15,  120,   40,  141,10212,   76
  240,20241024,   16,  130,   40,  127,10208,   81
  240,20241024,   17,  120,   40,  121,10206,   84
  240,20241024,   18,  120,   40,  118,10203,   87
  240,20241024,   19,  130,   50,  112,10201,   90
  240,20241024,   20,  130,   30,  104,10196,   93
  240,20241024,   21,  110,   30,   93,10191,   96
  240,20241024,   22,  120,   30,  107,10185,   95
  240,20241024,   23,  130,   30,  103,10180,   95
  240,20241024,   24,  120,   30,  103,10175,   95
  240,20241025,    1,  130,   30,  104,10172,   95
  240,20241025,    2,  140,   30,  106,10167,   94
  240,20241025,    3,  140,   20,  105,10163,   95
  240,20241025,    4,  140,   40,  110,10163,   95
  240,20241025,    5,  140,   30,  113,10160,   94
  240,20241025,    6,  150,   30,  115,10162,   95
  240,20241025,    7,  150,   40,  121,10165,   94
  240,20241025,    8,  160,   40,  125,10169,   94
  240,20241025,    9,  160,   40,  139,10170,   89
  240,20241025,   10,  170,   40,  151,10171,   84
  240,20241025,   11,  170,   30,  165,10171,   82
  240,20241025,   12,  170,   40,  178,10170,   78
  240,20241025,   13,  180,   40,  186,10167,   75
  240,20241025,   14,  160,   40,  187,10166,   76
  240,20241025,   15,  150,   30,  183,10166,   80
  240,20241025,   16,  130,   30,  168,10167,   85
  240,20241025,   17,  100,   20,  151,10173,   94
  240,20241025,   18,  100,   20,  138,10176,   95
  240,20241025,   19,  110,   20,  134,10177,   96
  240,20241025,   20,   80,   20,  121,10183,   98
  240,20241025,   21,  130,   20,  134,10186,   98
  240,20241025,   22,  100,   10,  127,10183,   98
  240,20241025,   23,  120,   20,  126,10185,   98
  240,20241025,   24,   90,   20,  112,10183,   98
  240,20241026,    1,  110,   20,  128,10180,   97
  240,20241026,    2,  990,   10,  125,10179,   98
  240,20241026,    3,   60,   10,  114,10176,   98
  240,20241026,    4,   90,   20,  111,10173,   98
  240,20241026,    5,  150,   20,  111,10173,   98
  240,20241026,    6,  140,   20,  114,10173,   98
  240,20241026,    7,  130,   20,  114,10174,   98
  240,20241026,    8,  150,   10,  122,10177,   98
  240,20241026,    9,  120,   20,  147,10173,   93
  240,20241026,   10,  130,   20,  167,10168,   84
  240,20241026,   11,  120,   30,  183,10163,   80
  240,20241026,   12,  120,   30,  195,10157,   74
  240,20241026,   13,  120,   30,  189,10148,   77
  240,20241026,   14,  130,   40,  194,10146,   76
  240,20241026,   15,  140,   30,  189,10146,   77
  240,20241026,   16,  130,   20,  180,10143,   81
  240,20241026,   17,  130,   20,  147,10142,   92
  240,20241026,   18,  150,   10,  146,10143,   96
  240,20241026,   19,  190,   10,  145,10144,   97
  240,20241026,   20,  200,   30,  141,10145,   95
  240,20241026,   21,  260,   20,  142,10145,   95
  240,20241026,   22,    0,    0,  142,10141,   97
  240,20241026,   23,  290,   10,  139,10144,   97
  240,20241026,   24,  310,   10,  139,10146,   98
  240,20241027,    1,  300,   30,  146,10145,   98
  240,20241027,    2,  310,   40,  141,10153,   96
  240,20241027,    3,  320,   40,  133,10156,   93
  240,20241027,    4,  310,   30,  129,10163,   94
  240,20241027,    5,  280,   20,  129,10172,   94
  240,20241027,    6,  210,   40,  128,10180,   94
  240,20241027,    7,  230,   30,  128,10187,   93
  240,20241027,    8,  260,   30,  138,10196,   85
  240,20241027,    9,  270,   40,  148,10201,   75
  240,20241027,   10,  270,   60,  150,10208,   74
  240,20241027,   11,  260,   50,  156,10215,   73
  240,20241027,   12,  280,   50,  150,10219,   74
  240,20241027,   13,  270,   40,  145,10221,   72
  240,20241027,   14,  260,   40,  151,10220,   71
  240,20241027,   15,  250,   40,  142,10224,   77
  240,20241027,   16,  240,   50,  139,10230,   79
  240,20241027,   17,  250,   40,  136,10235,   78
  240,20241027,   18,  220,   30,  114,10238,   85
  240,20241027,   19,  240,   40,  120,10239,   84
  240,20241027,   20,  210,   30,  100,10240,   92
  240,20241027,   21,  200,   40,   99,10241,   92
  240,20241027,   22,  200,   40,   93,10243,   93
  240,20241027,   23,  200,   30,   88,10239,   94
  240,20241027,   24,  180,   40,   97,10233,   95
  240,20241028,    1,  190,   40,   99,10231,   95
  240,20241028,    2,  190,   40,   96,10227,   96
  240,20241028,    3,  190,   40,   89,10223,   98
  240,20241028,    4,  180,   40,  100,10218,   95
  240,20241028,    5,  190,   50,  103,10216,   93
  240,20241028,    6,  200,   60,  112,10214,   93
  240,20241028,    7,  210,   60,  117,10214,   92
  240,20241028,    8,  210,   60,  123,10218,   92
  240,20241028,    9,  210,   70,  126,10220,   93
  240,20241028,   10,  210,   70,  129,10220,   94
  240,20241028,   11,  220,   80,  140,10219,   91
  240,20241028,   12,  220,   80,  144,10218,   89
  240,20241028,   13,  230,   90,  150,10216,   85
  240,20241028,   14,  230,   90,  148,10216,   86
  240,20241028,   15,  230,   60,  150,10214,   84
  240,20241028,   16,  220,   70,  140,10214,   93
  240,20241028,   17,  230,   60,  142,10217,   90
  240,20241028,   18,  230,   60,  144,10221,   88
  240,20241028,   19,  220,   60,  138,10224,   93
  240,20241028,   20,  210,   40,  134,10225,   97
  240,20241028,   21,  200,   50,  133,10225,   97
  240,20241028,   22,  210,   60,  131,10226,   98
  240,20241028,   23,  210,   60,  130,10227,   98
  240,20241028,   24,  210,   60,  131,10226,   97
  240,20241029,    1,  210,   50,  133,10226,   98
  240,20241029,    2,  210,   50,  133,10225,   98
  240,20241029,    3,  220,   50,  134,10226,   98
  240,20241029,    4,  210,   50,  134,10227,   98
  240,20241029,    5,  210,   50,  135,10228,   97
  240,20241029,    6,  200,   50,  133,10227,   97
  240,20241029,    7,  210,   50,  136,10232,   97
  240,20241029,    8,  210,   50,  140,10234,   97
  240,20241029,    9,  210,   50,  144,10238,   96
  240,20241029,   10,  210,   50,  150,10237,   95
  240,20241029,   11,  210,   40,  148,10237,   96
  240,20241029,   12,  220,   50,  159,10236,   89
  240,20241029,   13,  230,   60,  151,10234,   91
  240,20241029,   14,  260,   50,  148,10235,   91
  240,20241029,   15,  240,   40,  148,10236,   91
  240,20241029,   16,  230,   30,  145,10237,   92
  240,20241029,   17,  240,   40,  142,10243,   93
  240,20241029,   18,  230,   40,  138,10246,   95
  240,20241029,   19,  280,   30,  132,10247,   97
  240,20241029,   20,  270,   10,  131,10249,   97
  240,20241029,   21,  290,   10,  134,10252,   94
  240,20241029,   22,  270,   20,  129,10253,   94
  240,20241029,   23,  240,   30,  134,10257,   95
  240,20241029,   24,  290,   20,  133,10260,   98
  240,20241030,    1,  360,   20,  130,10263,   92
  240,20241030,    2,  320,   10,  122,10263,   92
  240,20241030,    3,  330,   20,  129,10263,   87
  240,20241030,    4,  990,   10,  123,10265,   93
  240,20241030,    5,  240,   10,  109,10269,   96
  240,20241030,    6,    0,    0,  113,10271,   98
  240,20241030,    7,   50,   20,  124,10277,   96
  240,20241030,    8,    0,    0,  129,10282,   93
  240,20241030,    9,  290,   20,  127,10286,   96
  240,20241030,   10,  170,   10,  132,10290,   93
  240,20241030,   11,  160,   10,  142,10287,   89
  240,20241030,   12,  170,   10,  142,10285,   87
  240,20241030,   13,  300,   20,  143,10285,   82
  240,20241030,   14,  330,   10,  141,10283,   86
  240,20241030,   15,   40,   20,  139,10285,   88
  240,20241030,   16,   80,   10,  132,10286,   91
  240,20241030,   17,  100,   20,  128,10288,   95
  240,20241030,   18,  130,   20,  127,10290,   96
  240,20241030,   19,    0,    0,  126,10291,   96
  240,20241030,   20,  170,   10,  123,10289,   97
  240,20241030,   21,  170,   10,  125,10290,   97
  240,20241030,   22,  300,   10,  126,10290,   96
  240,20241030,   23,  300,   10,  123,10289,   96
  240,20241030,   24,  990,   10,  122,10289,   96
  240,20241031,    1,    0,    0,  119,10291,   95
  240,20241031,    2,    0,    0,  120,10287,   97
  240,20241031,    3,    0,    0,  118,10283,   96
  240,20241031,    4,  290,   10,  118,10282,   97
  240,20241031,    5,  290,   10,  115,10282,   96
  240,20241031,    6,  280,   10,  118,10283,   98
  240,20241031,    7,  180,   20,  122,10281,   97
  240,20241031,    8,  190,   20,  128,10282,   92
  240,20241031,    9,  200,   30,  136,10281,   85
  240,20241031,   10,  220,   30,  140,10281,   85
  240,20241031,   11,  200,   30,  142,10278,   82
  240,20241031,   12,  220,   40,  145,10276,   74
  240,20241031,   13,  260,   40,  143,10272,   74
  240,20241031,   14,  250,   50,  143,10266,   72
  240,20241031,   15,  240,   40,  140,10263,   74
  240,20241031,   16,  250,   40,  138,10261,   74
  240,20241031,   17,  240,   40,  134,10258,   75
  240,20241031,   18,  230,   40,  130,10255,   80
  240,20241031,   19,  230,   30,  114,10255,   83
  240,20241031,   20,  210,   30,   92,10254,   91
  240,20241031,   21,  220,   30,  100,10254,   89
  240,20241031,   22,  210,   30,  112,10251,   89
  240,20241031,   23,  220,   40,  117,10248,   86
  240,20241031,   24,  220,   30,  116,10244,   87
  240,20241101,    1,  200,   30,  115,10240,   91
  240,20241101,    2,  220,   30,  119,10237,   90
  240,20241101,    3,  220,   40,  120,10233,   89
  240,20241101,    4,  220,   40,  122,10230,   91
  240,20241101,    5,  210,   50,  115,10228,   94
  240,20241101,    6,  220,   50,  116,10230,   95
  240,20241101,    7,  200,   50,  108,10232,   96
  240,20241101,    8,  210,   70,  111,10233,   94
  240,20241101,    9,  210,   60,  113,10234,   94
  240,20241101,   10,  210,   60,  116,10235,   93
  240,20241101,   11,  210,   60,  117,10235,   94
  240,20241101,   12,  210,   50,  117,10229,   94
  240,20241101,   13,  220,   50,  122,10230,   91
  240,20241101,   14,  220,   50,  124,10233,   90
  240,20241101,   15,  280,   40,  130,10235,   82
  240,20241101,   16,  300,   40,  126,10237,   85
  240,20241101,   17,  300,   30,  120,10242,   86
  240,20241101,   18,  270,   20,  120,10249,   87
  240,20241101,   19,  260,   30,  121,10255,   90
  240,20241101,   20,  260,   10,  122,10261,   90
  240,20241101,   21,  320,   10,  123,10268,   89
  240,20241101,   22,  320,   10,  121,10272,   92
  240,20241101,   23,  330,   10,  119,10276,   96
  240,20241101,   24,  300,   10,  118,10281,   97
  240,20241102,    1,  330,   10,  117,10283,   98
  240,20241102,    2,   30,   40,  118,10287,   97
  240,20241102,    3,   40,   40,  116,10290,   92
  240,20241102,    4,   40,   40,  115,10294,   87
  240,20241102,    5,   40,   30,  115,10300,   87
  240,20241102,    6,   40,   40,  114,10305,   83
  240,20241102,    7,   40,   30,  111,10313,   82
  240,20241102,    8,   50,   20,  108,10320,   81
  240,20241102,    9,   80,   40,  119,10325,   73
  240,20241102,   10,   90,   50,  121,10325,   66
  240,20241102,   11,   70,   40,  117,10325,   68
  240,20241102,   12,   70,   30,  128,10321,   65
  240,20241102,   13,   70,   40,  117,10317,   70
  240,20241102,   14,   60,   40,  118,10318,   68
  240,20241102,   15,   60,   30,  110,10317,   71
  240,20241102,   16,   70,   30,   87,10319,   78
  240,20241102,   17,   80,   20,   92,10320,   78
  240,20241102,   18,   80,   20,   82,10324,   82
  240,20241102,   19,   70,   20,   76,10326,   85
  240,20241102,   20,   80,   30,   69,10326,   86
  240,20241102,   21,  110,   30,   65,10324,   87
  240,20241102,   22,   80,   20,   53,10326,   89
  240,20241102,   23,   90,   30,   48,10324,   90
  240,20241102,   24,   90,   30,   47,10322,   91
  240,20241103,    1,   90,   20,   40,10318,   92
  240,20241103,    2,  100,   20,   40,10314,   90
  240,20241103,    3,   70,   20,   45,10311,   93
  240,20241103,    4,   70,   20,   41,10309,   94
  240,20241103,    5,   70,   20,   42,10307,   93
  240,20241103,    6,  130,   10,   37,10307,   95
  240,20241103,    7,   60,   20,   34,10309,   97
  240,20241103,    8,  100,   20,   53,10314,   89
  240,20241103,    9,   80,   30,   73,10311,   85
  240,20241103,   10,   90,   30,   92,10309,   81
  240,20241103,   11,   80,   20,  104,10305,   77
  240,20241103,   12,   80,   20,  114,10301,   76
  240,20241103,   13,   80,   20,  123,10296,   75
  240,20241103,   14,   60,   40,  119,10292,   76
  240,20241103,   15,   80,   20,  109,10292,   82
  240,20241103,   16,   50,   30,   88,10291,   87
  240,20241103,   17,   50,   20,   74,10292,   92
  240,20241103,   18,   50,   20,   76,10295,   96
  240,20241103,   19,   70,   20,   76,10295,   97
  240,20241103,   20,   80,   20,   69,10296,   96
  240,20241103,   21,   80,   30,   59,10297,   96
  240,20241103,   22,   90,   20,   61,10298,   96
  240,20241103,   23,   70,   20,   58,10299,   97
  240,20241103,   24,   50,   20,   60,10298,   96
  240,20241104,    1,   80,   20,   48,10293,   96
  240,20241104,    2,   60,   20,   47,10292,   98
  240,20241104,    3,   70,   20,   47,10289,   97
  240,20241104,    4,   60,   10,   46,10291,   98
  240,20241104,    5,   90,   30,   46,10289,   97
  240,20241104,    6,   80,   30,   37,10288,   97
  240,20241104,    7,   80,   20,   46,10291,   98
  240,20241104,    8,   90,   30,   65,10290,   95
  240,20241104,    9,   80,   30,   83,10290,   89
  240,20241104,   10,   80,   40,   99,10288,   83
  240,20241104,   11,   90,   40,  111,10283,   79
  240,20241104,   12,   90,   40,  119,10276,   76
  240,20241104,   13,   80,   50,  125,10269,   75
  240,20241104,   14,   80,   50,  122,10266,   75
  240,20241104,   15,   70,   40,  115,10264,   78
  240,20241104,   16,   70,   30,   96,10260,   83
  240,20241104,   17,   80,   40,   94,10258,   81
  240,20241104,   18,   90,   40,   93,10257,   87
  240,20241104,   19,   90,   30,   81,10256,   90
  240,20241104,   20,   90,   20,   77,10255,   92
  240,20241104,   21,   90,   30,   74,10251,   94
  240,20241104,   22,   80,   30,   63,10249,   94
  240,20241104,   23,   80,   40,   61,10246,   96
  240,20241104,   24,   80,   30,   58,10244,   95
  240,20241105,    1,   90,   30,   57,10240,   96
  240,20241105,    2,   90,   30,   50,10237,   97
  240,20241105,    3,   90,   30,   45,10234,   96
  240,20241105,    4,  110,   30,   40,10230,   96
  240,20241105,    5,  100,   30,   37,10231,   96
  240,20241105,    6,  110,   30,   44,10230,   95
  240,20241105,    7,  110,   20,   42,10233,   94
  240,20241105,    8,  120,   20,   58,10237,   89
  240,20241105,    9,  140,   20,   74,10239,   86
  240,20241105,   10,  150,   20,   83,10237,   83
  240,20241105,   11,  130,   10,   97,10235,   79
  240,20241105,   12,  170,   20,  108,10233,   75
  240,20241105,   13,  140,   10,  115,10231,   75
  240,20241105,   14,  170,   10,  120,10229,   71
  240,20241105,   15,  190,   20,  108,10233,   80
  240,20241105,   16,  170,   20,   84,10236,   86
  240,20241105,   17,  200,   20,   70,10243,   89
  240,20241105,   18,  220,   30,   81,10246,   94
  240,20241105,   19,  180,   20,   66,10248,   96
  240,20241105,   20,  190,   20,   56,10250,   97
  240,20241105,   21,  180,   20,   60,10254,   99
  240,20241105,   22,  210,   10,   74,10258,   98
  240,20241105,   23,  210,   20,   74,10260,   98
  240,20241105,   24,  220,   30,   73,10267,   99
  240,20241106,    1,  190,   20,   71,10268,   99
  240,20241106,    2,  990,   10,   71,10270,   98
  240,20241106,    3,  150,   20,   70,10272,   99
  240,20241106,    4,  150,   20,   71,10276,   98
  240,20241106,    5,  170,   20,   73,10281,   97
  240,20241106,    6,  190,   10,   75,10283,   98
  240,20241106,    7,  160,   30,   78,10288,   95
  240,20241106,    8,  170,   20,   83,10298,   94
  240,20241106,    9,  180,   30,   88,10304,   93
  240,20241106,   10,  210,   20,   94,10313,   91
  240,20241106,   11,  170,   20,  100,10312,   88
  240,20241106,   12,  160,   20,  103,10314,   88
  240,20241106,   13,  150,   20,  107,10312,   86
  240,20241106,   14,  170,   20,  108,10309,   87
  240,20241106,   15,  180,   20,  107,10310,   88
  240,20241106,   16,  170,   20,  102,10313,   89
  240,20241106,   17,  140,   10,  101,10318,   90
  240,20241106,   18,  160,   20,  100,10325,   90
  240,20241106,   19,  150,   10,   99,10328,   91
  240,20241106,   20,  140,   10,   97,10331,   93
  240,20241106,   21,  130,   20,   94,10333,   92
  240,20241106,   22,  140,   20,   92,10331,   92
  240,20241106,   23,  150,   10,   91,10331,   92
  240,20241106,   24,  150,   20,   89,10331,   92
  240,20241107,    1,  150,   20,   88,10330,   94
  240,20241107,    2,  150,   20,   85,10330,   95
  240,20241107,    3,  130,   20,   83,10330,   95
  240,20241107,    4,  120,   20,   82,10331,   92
  240,20241107,    5,  100,   20,   81,10331,   90
  240,20241107,    6,   90,   30,   81,10332,   87
  240,20241107,    7,   80,   30,   81,10334,   88
  240,20241107,    8,  100,   30,   80,10335,   87
  240,20241107,    9,   90,   30,   79,10336,   90
  240,20241107,   10,   90,   40,   77,10337,   89
  240,20241107,   11,  110,   40,   75,10335,   89
  240,20241107,   12,   80,   30,   75,10331,   90
  240,20241107,   13,   90,   30,   71,10328,   90
  240,20241107,   14,  100,   30,   68,10327,   93
  240,20241107,   15,   80,   30,   64,10325,   95
  240,20241107,   16,  110,   30,   62,10323,   95
  240,20241107,   17,  120,   40,   57,10322,   96
  240,20241107,   18,  110,   30,   55,10325,   98
  240,20241107,   19,  110,   30,   49,10325,   98
  240,20241107,   20,   90,   40,   42,10326,   98
  240,20241107,   21,  110,   40,   38,10324,   98
  240,20241107,   22,  120,   40,   36,10322,   98
  240,20241107,   23,  110,   30,   41,10321,   98
  240,20241107,   24,  130,   50,   42,10317,   96
  240,20241108,    1,  120,   40,   43,10313,   98
  240,20241108,    2,  100,   40,   42,10310,   97
  240,20241108,    3,  110,   40,   40,10303,   95
  240,20241108,    4,  120,   40,   40,10300,   96
  240,20241108,    5,  110,   30,   41,10298,   96
  240,20241108,    6,  110,   50,   39,10296,   95
  240,20241108,    7,  100,   40,   37,10297,   96
  240,20241108,    8,  100,   40,   39,10296,   95
  240,20241108,    9,   90,   30,   42,10295,   94
  240,20241108,   10,   90,   40,   45,10293,   93
  240,20241108,   11,  100,   30,   49,10289,   91
  240,20241108,   12,   80,   40,   51,10281,   92
  240,20241108,   13,   90,   30,   53,10275,   89
  240,20241108,   14,   90,   40,   53,10269,   90
  240,20241108,   15,   80,   50,   49,10266,   91
  240,20241108,   16,  110,   50,   47,10264,   89
  240,20241108,   17,   90,   40,   47,10266,   90
  240,20241108,   18,  110,   40,   46,10264,   89
  240,20241108,   19,  100,   40,   47,10262,   88
  240,20241108,   20,  140,   20,   49,10260,   89
  240,20241108,   21,  140,   30,   50,10260,   86
  240,20241108,   22,  110,   20,   51,10258,   83
  240,20241108,   23,  140,   20,   51,10255,   83
  240,20241108,   24,  130,   20,   51,10255,   83
  240,20241109,    1,  120,   20,   51,10253,   84
  240,20241109,    2,  130,   20,   51,10253,   81
  240,20241109,    3,  140,   20,   53,10251,   82
  240,20241109,    4,  140,   30,   52,10249,   86
  240,20241109,    5,  120,   20,   50,10249,   93
  240,20241109,    6,  110,   10,   51,10249,   95
  240,20241109,    7,  120,   10,   53,10252,   95
  240,20241109,    8,  120,   20,   55,10253,   96
  240,20241109,    9,  120,   20,   58,10253,   94
  240,20241109,   10,  130,   20,   62,10256,   90
  240,20241109,   11,  140,   20,   66,10254,   91
  240,20241109,   12,  140,   30,   69,10252,   90
  240,20241109,   13,  140,   20,   69,10251,   92
  240,20241109,   14,  110,   20,   70,10248,   92
  240,20241109,   15,  100,   10,   69,10251,   96
  240,20241109,   16,  100,   10,   69,10251,   98
  240,20241109,   17,   90,   20,   71,10255,   98
  240,20241109,   18,   90,   20,   72,10256,   98
  240,20241109,   19,  120,   20,   73,10257,   98
  240,20241109,   20,  140,   20,   76,10257,   98
  240,20241109,   21,  150,   30,   77,10258,   98
  240,20241109,   22,  160,   30,   78,10257,   98
  240,20241109,   23,  160,   20,   79,10257,   98
  240,20241109,   24,  180,   20,   80,10259,   98
  240,20241110,    1,  160,   30,   81,10260,   98
  240,20241110,    2,  170,   30,   82,10259,   98
  240,20241110,    3,  170,   30,   82,10258,   98
  240,20241110,    4,  170,   20,   82,10260,   98
  240,20241110,    5,  170,   30,   82,10259,   98
  240,20241110,    6,  170,   30,   82,10262,   98
  240,20241110,    7,  170,   20,   83,10265,   98
  240,20241110,    8,  170,   30,   84,10269,   97
  240,20241110,    9,  170,   30,   84,10272,   96
  240,20241110,   10,  150,   30,   86,10275,   96
  240,20241110,   11,  170,   30,   89,10274,   95
  240,20241110,   12,  160,   30,   93,10272,   96
  240,20241110,   13,  160,   20,   96,10272,   95
  240,20241110,   14,  160,   20,  100,10270,   93
  240,20241110,   15,  160,   20,  101,10273,   94
  240,20241110,   16,  990,   10,   99,10277,   94
  240,20241110,   17,  200,   30,   99,10280,   93
  240,20241110,   18,  200,   30,   97,10284,   94
  240,20241110,   19,  190,   20,   95,10288,   95
  240,20241110,   20,  190,   20,   94,10290,   95
  240,20241110,   21,  220,   40,  101,10290,   90
  240,20241110,   22,  200,   30,   71,10288,   94
  240,20241110,   23,  220,   30,   80,10287,   94
  240,20241110,   24,  220,   30,   86,10286,   93
  240,20241111,    1,  180,   30,   88,10281,   91
  240,20241111,    2,  200,   40,   94,10277,   91
  240,20241111,    3,  200,   50,   97,10272,   92
  240,20241111,    4,  210,   40,  100,10270,   98
  240,20241111,    5,  310,   20,  100,10274,   95
  240,20241111,    6,  320,   40,  103,10278,   86
  240,20241111,    7,  340,   40,  101,10284,   88
  240,20241111,    8,  330,   40,  106,10289,   83
  240,20241111,    9,  330,   60,  118,10292,   76
  240,20241111,   10,  330,   80,  117,10298,   72
  240,20241111,   11,  320,   80,  126,10297,   68
  240,20241111,   12,  330,   70,  116,10298,   77
  240,20241111,   13,  320,   80,  110,10297,   80
  240,20241111,   14,  320,   70,  117,10293,   79
  240,20241111,   15,  320,   70,  111,10292,   84
  240,20241111,   16,  340,   70,  100,10294,   81
  240,20241111,   17,  340,   60,  103,10296,   81
  240,20241111,   18,  340,   70,  104,10296,   81
  240,20241111,   19,  340,   70,  106,10297,   78
  240,20241111,   20,  350,   80,  110,10297,   80
  240,20241111,   21,  360,   60,  104,10299,   87
  240,20241111,   22,   10,   60,  100,10298,   91
  240,20241111,   23,   10,   60,  100,10298,   88
  240,20241111,   24,   10,   50,  101,10299,   85
  240,20241112,    1,   10,   50,   99,10300,   85
  240,20241112,    2,   10,   40,   98,10305,   85
  240,20241112,    3,   20,   40,   91,10307,   86
  240,20241112,    4,   20,   50,   89,10308,   86
  240,20241112,    5,   20,   40,   91,10312,   85
  240,20241112,    6,   40,   40,   92,10316,   86
  240,20241112,    7,   40,   50,   93,10322,   87
  240,20241112,    8,   50,   50,   91,10328,   89
  240,20241112,    9,   60,   70,   88,10336,   84
  240,20241112,   10,   60,   50,   95,10341,   81
  240,20241112,   11,   60,   50,   99,10338,   77
  240,20241112,   12,   50,   50,  103,10339,   77
  240,20241112,   13,   50,   40,  103,10340,   73
  240,20241112,   14,   50,   50,  100,10342,   76
  240,20241112,   15,   50,   40,   92,10340,   80
  240,20241112,   16,   40,   30,   76,10343,   82
  240,20241112,   17,   30,   30,   71,10347,   87
  240,20241112,   18,   40,   30,   83,10350,   83
  240,20241112,   19,   40,   30,   82,10352,   86
  240,20241112,   20,   60,   20,   77,10350,   89
  240,20241112,   21,   30,   20,   82,10353,   86
  240,20241112,   22,  360,   20,   80,10352,   88
  240,20241112,   23,  360,   20,   79,10350,   89
  240,20241112,   24,   10,   20,   73,10347,   90
  240,20241113,    1,  360,   10,   58,10345,   98
  240,20241113,    2,  320,   20,   52,10341,   97
  240,20241113,    3,  310,   10,   61,10335,   98
  240,20241113,    4,  330,   10,   53,10338,   98
  240,20241113,    5,  330,   10,   53,10337,   98
  240,20241113,    6,  330,   10,   58,10335,   98
  240,20241113,    7,  320,   10,   66,10338,   98
  240,20241113,    8,  320,   10,   75,10338,   96
  240,20241113,    9,  320,   10,   92,10340,   93
  240,20241113,   10,  250,   10,  109,10334,   86
  240,20241113,   11,  340,   20,  117,10333,   83
  240,20241113,   12,  340,   30,  120,10330,   79
  240,20241113,   13,  330,   30,  120,10321,   77
  240,20241113,   14,  340,   40,  120,10319,   78
  240,20241113,   15,  330,   30,  115,10317,   82
  240,20241113,   16,  330,   20,  112,10315,   82
  240,20241113,   17,  310,   20,  100,10313,   89
  240,20241113,   18,  290,   20,  100,10310,   89
  240,20241113,   19,  310,   20,   99,10309,   89
  240,20241113,   20,  310,   20,  104,10306,   89
  240,20241113,   21,  300,   20,  106,10303,   88
  240,20241113,   22,  300,   30,  109,10299,   88
  240,20241113,   23,  310,   20,  107,10297,   89
  240,20241113,   24,  290,   30,  108,10291,   89
  240,20241114,    1,  270,   20,  105,10284,   92
  240,20241114,    2,  310,   20,  102,10283,   95
  240,20241114,    3,  300,   20,  108,10280,   98
  240,20241114,    4,  320,   20,  113,10278,   98
  240,20241114,    5,  330,   30,  113,10277,   97
  240,20241114,    6,  360,   40,  113,10281,   84
  240,20241114,    7,  360,   40,  104,10280,   79
  240,20241114,    8,   10,   40,  102,10287,   77
  240,20241114,    9,  330,   30,  103,10285,   80
  240,20241114,   10,  340,   30,  108,10291,   77
  240,20241114,   11,  350,   30,  108,10292,   81
  240,20241114,   12,  340,   50,  101,10291,   92
  240,20241114,   13,  340,   40,  110,10286,   83
  240,20241114,   14,  340,   40,  113,10285,   75
  240,20241114,   15,  340,   30,   98,10287,   93
  240,20241114,   16,  340,   30,   98,10289,   92
  240,20241114,   17,  320,   20,   79,10289,   97
  240,20241114,   18,  320,   20,   86,10291,   97
  240,20241114,   19,  350,   20,   81,10292,   97
  240,20241114,   20,  290,   20,   81,10293,   97
  240,20241114,   21,  290,   10,   84,10294,   97
  240,20241114,   22,  300,   20,   82,10295,   98
  240,20241114,   23,  270,   20,   77,10292,   98
  240,20241114,   24,  990,   10,   73,10290,   98
  240,20241115,    1,  260,   20,   77,10288,   98
  240,20241115,    2,  270,   10,   78,10286,   99
  240,20241115,    3,    0,    0,   74,10283,  100
  240,20241115,    4,  220,   10,   81,10282,   98
  240,20241115,    5,  260,   20,   84,10280,   98
  240,20241115,    6,  200,   20,   84,10278,   98
  240,20241115,    7,  220,   20,   85,10278,   97
  240,20241115,    8,  230,   20,   91,10279,   96
  240,20241115,    9,  230,   30,   98,10276,   93
  240,20241115,   10,  220,   30,  103,10275,   93
  240,20241115,   11,  260,   30,  102,10273,   89
  240,20241115,   12,  190,   30,  104,10268,   88
  240,20241115,   13,  240,   50,  104,10263,   87
  240,20241115,   14,  220,   30,  108,10256,   87
  240,20241115,   15,  200,   40,  102,10254,   89
  240,20241115,   16,  200,   30,  100,10251,   90
  240,20241115,   17,  200,   40,  101,10249,   90
  240,20241115,   18,  210,   40,   99,10248,   90
  240,20241115,   19,  210,   40,   98,10248,   92
  240,20241115,   20,  200,   30,   96,10241,   93
  240,20241115,   21,  190,   40,   95,10235,   94
  240,20241115,   22,  190,   50,   95,10228,   93
  240,20241115,   23,  200,   40,   96,10225,   92
  240,20241115,   24,  210,   50,   96,10220,   91
  240,20241116,    1,  210,   60,   96,10211,   88
  240,20241116,    2,  210,   60,   93,10204,   87
  240,20241116,    3,  210,   60,   92,10198,   87
  240,20241116,    4,  220,   60,   93,10195,   88
  240,20241116,    5,  210,   40,   81,10191,   92
  240,20241116,    6,  220,   40,   86,10190,   91
  240,20241116,    7,  220,   40,   89,10187,   88
  240,20241116,    8,  210,   60,   89,10183,   87
  240,20241116,    9,  220,   60,   92,10183,   87
  240,20241116,   10,  210,   60,   92,10179,   87
  240,20241116,   11,  210,   80,   95,10170,   85
  240,20241116,   12,  210,   70,   96,10164,   85
  240,20241116,   13,  210,   70,   94,10157,   87
  240,20241116,   14,  210,   80,   92,10150,   90
  240,20241116,   15,  210,   70,   86,10148,   95
  240,20241116,   16,  210,   60,   89,10143,   96
  240,20241116,   17,  210,   50,   92,10139,   97
  240,20241116,   18,  210,   50,   94,10134,   98
  240,20241116,   19,  220,   40,   98,10130,   98
  240,20241116,   20,  250,   50,  107,10126,   96
  240,20241116,   21,  290,   40,  101,10122,   91
  240,20241116,   22,  270,   30,   97,10116,   93
  240,20241116,   23,  260,   30,   97,10112,   91
  240,20241116,   24,  240,   30,   93,10112,   94
  240,20241117,    1,  260,   30,   96,10106,   84
  240,20241117,    2,  280,   50,   97,10104,   78
  240,20241117,    3,  300,   40,   91,10100,   80
  240,20241117,    4,  270,   50,   79,10099,   87
  240,20241117,    5,  280,   60,   87,10094,   75
  240,20241117,    6,  290,   80,   92,10093,   73
  240,20241117,    7,  270,   80,   81,10097,   69
  240,20241117,    8,  300,   70,   72,10101,   78
  240,20241117,    9,  290,   80,   83,10103,   66
  240,20241117,   10,  310,   80,   89,10108,   60
  240,20241117,   11,  290,  100,   88,10109,   66
  240,20241117,   12,  280,   90,   95,10106,   65
  240,20241117,   13,  280,   90,   97,10103,   68
  240,20241117,   14,  300,   60,   61,10108,   88
  240,20241117,   15,  280,   50,   79,10103,   78
  240,20241117,   16,  270,   80,   76,10102,   73
  240,20241117,   17,  270,   60,   69,10101,   74
  240,20241117,   18,  270,   60,   74,10100,   71
  240,20241117,   19,  280,   60,   77,10097,   70
  240,20241117,   20,  310,   40,   70,10092,   78
  240,20241117,   21,  250,   60,   64,10090,   81
  240,20241117,   22,  230,   40,   58,10082,   87
  240,20241117,   23,  180,   30,   56,10084,   91
  240,20241117,   24,  280,   10,   56,10082,   93
  240,20241118,    1,  310,   50,   56,10084,   86
  240,20241118,    2,  280,   30,   51,10084,   85
  240,20241118,    3,  360,   20,   53,10086,   85
  240,20241118,    4,  280,   20,   47,10087,   88
  240,20241118,    5,  260,   30,   40,10087,   87
  240,20241118,    6,  990,   10,   36,10091,   89
  240,20241118,    7,   30,   20,   47,10095,   84
  240,20241118,    8,  160,   30,   46,10098,   91
  240,20241118,    9,  260,   40,   62,10100,   78
  240,20241118,   10,  240,   40,   79,10101,   76
  240,20241118,   11,  310,   60,   79,10103,   63
  240,20241118,   12,  300,   60,   91,10102,   58
  240,20241118,   13,  290,   50,   85,10101,   60
  240,20241118,   14,  300,   50,   80,10100,   62
  240,20241118,   15,  290,   40,   70,10101,   64
  240,20241118,   16,  280,   30,   60,10098,   68
  240,20241118,   17,  280,   10,   57,10095,   68
  240,20241118,   18,  230,   20,   47,10092,   74
  240,20241118,   19,  180,   20,   42,10086,   86
  240,20241118,   20,  160,   20,   37,10078,   90
  240,20241118,   21,  160,   30,   43,10071,   88
  240,20241118,   22,  140,   20,   45,10059,   89
  240,20241118,   23,  130,   30,   49,10045,   90
  240,20241118,   24,  150,   40,   49,10031,   92
  240,20241119,    1,  130,   40,   49,10011,   95
  240,20241119,    2,  110,   40,   50, 9985,   96
  240,20241119,    3,   90,   50,   50, 9959,   96
  240,20241119,    4,   90,   60,   50, 9933,   96
  240,20241119,    5,   60,   60,   52, 9917,   96
  240,20241119,    6,   50,   90,   44, 9907,   95
  240,20241119,    7,   40,   90,   35, 9914,   94
  240,20241119,    8,   40,   70,   33, 9920,   94
  240,20241119,    9,   40,   60,   35, 9925,   92
  240,20241119,   10,   40,   60,   40, 9930,   90
  240,20241119,   11,   30,   50,   36, 9928,   92
  240,20241119,   12,   30,   30,   37, 9928,   93
  240,20241119,   13,   20,   30,   43, 9931,   90
  240,20241119,   14,  320,   30,   48, 9934,   87
  240,20241119,   15,  320,   30,   41, 9939,   87
  240,20241119,   16,  330,   30,   36, 9943,   90
  240,20241119,   17,  330,   10,   38, 9949,   91
  240,20241119,   18,  320,   30,   41, 9955,   86
  240,20241119,   19,  300,   20,   32, 9957,   88
  240,20241119,   20,  300,   10,   26, 9955,   88
  240,20241119,   21,  300,   20,   30, 9961,   81
  240,20241119,   22,  290,   30,   32, 9961,   81
  240,20241119,   23,  300,   40,   29, 9966,   81
  240,20241119,   24,  300,   60,   40, 9967,   74
  240,20241120,    1,  290,   60,   39, 9974,   81
  240,20241120,    2,  230,   30,   32, 9972,   90
  240,20241120,    3,  280,   70,   43, 9973,   87
  240,20241120,    4,  260,   80,   35, 9977,   88
  240,20241120,    5,  300,   70,   48, 9982,   82
  240,20241120,    6,  240,   20,   37, 9983,   85
  240,20241120,    7,  220,   20,   40, 9991,   82
  240,20241120,    8,  290,   70,   34,10010,   85
  240,20241120,    9,  340,   30,   36,10011,   86
  240,20241120,   10,  260,   20,   36,10013,   86
  240,20241120,   11,  210,   50,   31,10014,   93
  240,20241120,   12,  300,  120,   47,10009,   78
  240,20241120,   13,  310,   40,   38,10010,   75
  240,20241120,   14,  280,  100,   62,10010,   65
  240,20241120,   15,  260,   90,   48,10008,   67
  240,20241120,   16,  240,   80,   48,10001,   69
  240,20241120,   17,  190,   40,   28, 9996,   90
  240,20241120,   18,   20,   20,   28, 9998,   90
  240,20241120,   19,  290,   20,   12,10008,   94
  240,20241120,   20,  350,   70,   32,10019,   90
  240,20241120,   21,  310,   40,   24,10027,   90
  240,20241120,   22,  300,   30,    7,10039,   95
  240,20241120,   23,    0,    0,    2,10041,   97
  240,20241120,   24,  170,   20,    5,10035,   97
  240,20241121,    1,  220,   30,   14,10031,   90
  240,20241121,    2,  320,   40,   21,10029,   82
  240,20241121,    3,  270,   70,   32,10022,   69
  240,20241121,    4,  270,   40,   19,10016,   70
  240,20241121,    5,  280,   50,   18,10010,   69
  240,20241121,    6,  260,   70,   31,10004,   63
  240,20241121,    7,  270,   50,   28,10002,   65
  240,20241121,    8,  250,   80,   26, 9997,   76
  240,20241121,    9,  240,   50,   29, 9991,   76
  240,20241121,   10,  250,   60,   45, 9981,   67
  240,20241121,   11,  270,   80,   50, 9975,   68
  240,20241121,   12,  330,   60,   23, 9970,   92
  240,20241121,   13,  300,   50,   29, 9959,   85
  240,20241121,   14,  300,   20,   38, 9950,   77
  240,20241121,   15,  280,   40,   35, 9942,   73
  240,20241121,   16,  320,   70,   24, 9943,   76
  240,20241121,   17,  320,   40,   11, 9940,   83
  240,20241121,   18,  280,   40,   19, 9941,   77
  240,20241121,   19,  260,   30,   12, 9942,   77
  240,20241121,   20,  140,   10,   -4, 9943,   83
  240,20241121,   21,  180,   20,   -8, 9946,   89
  240,20241121,   22,  270,   60,   21, 9946,   81
  240,20241121,   23,  300,   30,   29, 9950,   79
  240,20241121,   24,  240,   50,   35, 9947,   80
  240,20241122,    1,  170,   10,    9, 9958,   98
  240,20241122,    2,  150,   20,    8, 9959,   96
  240,20241122,    3,  150,   50,    9, 9961,   95
  240,20241122,    4,  260,   70,   42, 9964,   74
  240,20241122,    5,  260,   70,   41, 9966,   72
  240,20241122,    6,  270,   60,   40, 9970,   75
  240,20241122,    7,  250,   70,   44, 9975,   75
  240,20241122,    8,  250,   70,   48, 9974,   74
  240,20241122,    9,  270,   80,   50, 9978,   77
  240,20241122,   10,  270,   90,   55, 9983,   73
  240,20241122,   11,  250,  100,   64, 9980,   72
  240,20241122,   12,  270,   90,   54, 9983,   83
  240,20241122,   13,  290,   60,   68, 9990,   73
  240,20241122,   14,  310,  100,   63, 9999,   75
  240,20241122,   15,  320,   70,   57,10026,   80
  240,20241122,   16,  340,   50,   44,10049,   85
  240,20241122,   17,  310,   20,   36,10070,   83
  240,20241122,   18,  300,   10,   49,10086,   72
  240,20241122,   19,  270,   20,   38,10098,   75
  240,20241122,   20,  210,   20,   23,10109,   82
  240,20241122,   21,  150,   20,   31,10123,   89
  240,20241122,   22,  180,   50,   31,10131,   91
  240,20241122,   23,  190,   50,   30,10138,   91
  240,20241122,   24,  190,   40,   19,10141,   92
  240,20241123,    1,  190,   40,   18,10147,   91
  240,20241123,    2,  170,   40,   12,10150,   92
  240,20241123,    3,  200,   50,   18,10151,   91
  240,20241123,    4,  180,   50,   28,10152,   89
  240,20241123,    5,  180,   40,   29,10150,   89
  240,20241123,    6,  180,   50,   21,10148,   91
  240,20241123,    7,  170,   60,   20,10149,   92
  240,20241123,    8,  170,   70,   20,10149,   92
  240,20241123,    9,  180,   60,   27,10148,   92
  240,20241123,   10,  170,   70,   33,10144,   91
  240,20241123,   11,  170,   70,   40,10131,   88
  240,20241123,   12,  170,   90,   46,10120,   83
  240,20241123,   13,  160,   90,   49,10102,   84
  240,20241123,   14,  160,  100,   50,10083,   82
  240,20241123,   15,  170,   90,   53,10073,   77
  240,20241123,   16,  170,  100,   57,10055,   72
  240,20241123,   17,  170,  100,   56,10044,   73
  240,20241123,   18,  180,  100,   47,10038,   90
  240,20241123,   19,  190,  100,   57,10033,   92
  240,20241123,   20,  190,  110,   68,10023,   92
  240,20241123,   21,  200,  100,   79,10023,   85
  240,20241123,   22,  200,  100,   86,10021,   84
  240,20241123,   23,  210,  100,   96,10024,   84
  240,20241123,   24,  200,  120,   97,10024,   87
  240,20241124,    1,  210,  110,  106,10026,   86
  240,20241124,    2,  200,  110,  110,10028,   85
  240,20241124,    3,  200,  100,  112,10028,   84
  240,20241124,    4,  200,  100,  114,10025,   82
  240,20241124,    5,  200,  110,  118,10024,   75
  240,20241124,    6,  200,  100,  119,10024,   75
  240,20241124,    7,  200,  110,  126,10024,   72
  240,20241124,    8,  200,  110,  127,10027,   72
  240,20241124,    9,  190,  100,  128,10031,   72
  240,20241124,   10,  190,  100,  132,10031,   71
  240,20241124,   11,  190,  110,  144,10028,   66
  240,20241124,   12,  190,  120,  160,10026,   60
  240,20241124,   13,  190,  100,  159,10026,   62
  240,20241124,   14,  190,  110,  156,10021,   63
  240,20241124,   15,  190,  100,  158,10022,   62
  240,20241124,   16,  190,  120,  159,10019,   59
  240,20241124,   17,  190,   90,  158,10019,   60
  240,20241124,   18,  190,  110,  159,10020,   61
  240,20241124,   19,  190,  120,  162,10017,   63
  240,20241124,   20,  180,  110,  163,10011,   63
  240,20241124,   21,  180,  100,  158,10005,   65
  240,20241124,   22,  180,  110,  159,10003,   65
  240,20241124,   23,  180,  100,  160,10004,   65
  240,20241124,   24,  180,  100,  158,10002,   65
  240,20241125,    1,  190,  110,  162, 9999,   61
  240,20241125,    2,  180,  110,  159, 9994,   61
  240,20241125,    3,  180,  110,  154, 9989,   64
  240,20241125,    4,  190,  100,  151, 9986,   67
  240,20241125,    5,  190,  100,  152, 9983,   67
  240,20241125,    6,  200,  100,  156, 9983,   65
  240,20241125,    7,  200,   90,  146, 9985,   73
  240,20241125,    8,  240,   90,  134, 9993,   81
  240,20241125,    9,  220,   60,  115,10001,   94
  240,20241125,   10,  240,   60,  110,10009,   90
  240,20241125,   11,  220,   50,  105,10009,   91
  240,20241125,   12,  220,   60,  105,10012,   93
  240,20241125,   13,  210,   60,  101,10013,   91
  240,20241125,   14,  210,   70,  100,10021,   90
  240,20241125,   15,  210,   80,  100,10031,   88
  240,20241125,   16,  210,   80,  101,10041,   90
  240,20241125,   17,  220,   70,   99,10049,   91
  240,20241125,   18,  220,   60,   93,10061,   91
  240,20241125,   19,  220,   60,   91,10069,   91
  240,20241125,   20,  220,   60,   86,10072,   90
  240,20241125,   21,  210,   60,   86,10083,   89
  240,20241125,   22,  220,   50,   72,10089,   90
  240,20241125,   23,  210,   40,   68,10100,   91
  240,20241125,   24,  190,   50,   67,10107,   90
  240,20241126,    1,  210,   50,   68,10113,   89
  240,20241126,    2,  210,   50,   67,10119,   90
  240,20241126,    3,  210,   50,   64,10122,   91
  240,20241126,    4,  210,   50,   63,10128,   91
  240,20241126,    5,  210,   60,   66,10130,   91
  240,20241126,    6,  210,   50,   63,10133,   92
  240,20241126,    7,  190,   40,   59,10137,   94
  240,20241126,    8,  210,   60,   74,10147,   94
  240,20241126,    9,  200,   40,   75,10146,   90
  240,20241126,   10,  190,   50,   82,10149,   90
  240,20241126,   11,  210,   80,   95,10151,   79
  240,20241126,   12,  220,   80,   99,10150,   77
  240,20241126,   13,  230,   70,   98,10155,   78
  240,20241126,   14,  240,   50,   88,10161,   85
  240,20241126,   15,  240,   50,   90,10167,   86
  240,20241126,   16,  220,   40,   85,10172,   87
  240,20241126,   17,  220,   40,   61,10175,   93
  240,20241126,   18,  210,   40,   59,10180,   95
  240,20241126,   19,  210,   30,   39,10185,   96
  240,20241126,   20,  210,   40,   46,10187,   97
  240,20241126,   21,  200,   40,   47,10192,   97
  240,20241126,   22,  210,   30,   25,10191,   98
  240,20241126,   23,  190,   30,   37,10192,   98
  240,20241126,   24,  160,   20,   40,10193,   98
  240,20241127,    1,  130,   20,   36,10190,   98
  240,20241127,    2,  130,   20,   43,10189,   98
  240,20241127,    3,  120,   20,   46,10182,   97
  240,20241127,    4,  140,   40,   54,10176,   97
  240,20241127,    5,  120,   40,   59,10165,   97
  240,20241127,    6,  130,   50,   62,10156,   97
  240,20241127,    7,  110,   60,   65,10142,   97
  240,20241127,    8,  120,   70,   69,10127,   96
  240,20241127,    9,  130,   80,   74,10110,   96
  240,20241127,   10,  150,   80,   83,10094,   97
  240,20241127,   11,  160,   90,   95,10074,   95
  240,20241127,   12,  180,   90,  104,10063,   93
  240,20241127,   13,  180,  110,  110,10046,   89
  240,20241127,   14,  190,  120,  108,10030,   93
  240,20241127,   15,  210,  130,  112,10018,   93
  240,20241127,   16,  240,  140,   94,10024,   85
  240,20241127,   17,  280,  160,   80,10040,   83
  240,20241127,   18,  290,  160,   81,10064,   77
  240,20241127,   19,  300,  150,   77,10086,   81
  240,20241127,   20,  300,  110,   79,10108,   79
  240,20241127,   21,  310,  100,   76,10123,   83
  240,20241127,   22,  320,   60,   77,10139,   84
  240,20241127,   23,  310,   70,   74,10151,   84
  240,20241127,   24,  320,   80,   76,10163,   81
  240,20241128,    1,  310,   90,   73,10176,   86
  240,20241128,    2,  330,   70,   73,10186,   84
  240,20241128,    3,  300,   50,   71,10191,   82
  240,20241128,    4,  300,   60,   72,10198,   79
  240,20241128,    5,  320,   70,   70,10208,   79
  240,20241128,    6,  320,   50,   70,10218,   80
  240,20241128,    7,  320,   50,   61,10226,   80
  240,20241128,    8,  320,   40,   65,10236,   81
  240,20241128,    9,  320,   50,   76,10246,   80
  240,20241128,   10,  330,   50,   91,10256,   76
  240,20241128,   11,  310,   40,   87,10260,   82
  240,20241128,   12,  330,   70,   98,10264,   69
  240,20241128,   13,  320,   60,   86,10270,   69
  240,20241128,   14,  320,   50,   92,10275,   66
  240,20241128,   15,  320,   30,   75,10281,   73
  240,20241128,   16,  300,   20,   65,10285,   80
  240,20241128,   17,  290,   20,   57,10287,   76
  240,20241128,   18,  270,   30,   54,10295,   80
  240,20241128,   19,  260,   30,   66,10303,   75
  240,20241128,   20,  280,   10,   64,10308,   79
  240,20241128,   21,  360,   10,   64,10310,   77
  240,20241128,   22,    0,    0,   60,10314,   76
  240,20241128,   23,  160,   10,   41,10315,   80
  240,20241128,   24,  180,   10,   29,10317,   86
  240,20241129,    1,  180,   10,   28,10316,   87
  240,20241129,    2,  120,   10,   21,10317,   92
  240,20241129,    3,  150,   10,    8,10317,   94
  240,20241129,    4,   90,   10,   11,10317,   97
  240,20241129,    5,  130,   10,    3,10316,   96
  240,20241129,    6,  150,   10,    3,10316,   93
  240,20241129,    7,  180,   10,    1,10322,   94
  240,20241129,    8,  160,   20,    9,10325,   93
  240,20241129,    9,  160,   30,   27,10327,   87
  240,20241129,   10,  150,   30,   49,10328,   82
  240,20241129,   11,  160,   40,   65,10322,   75
  240,20241129,   12,  160,   50,   73,10315,   75
  240,20241129,   13,  160,   60,   74,10312,   74
  240,20241129,   14,  160,   40,   68,10306,   79
  240,20241129,   15,  140,   40,   53,10304,   84
  240,20241129,   16,  140,   40,   46,10304,   83
  240,20241129,   17,  140,   40,   47,10301,   84
  240,20241129,   18,  140,   40,   36,10301,   88
  240,20241129,   19,  140,   40,   36,10300,   88
  240,20241129,   20,  140,   40,   34,10297,   87
  240,20241129,   21,  150,   40,   27,10295,   89
  240,20241129,   22,  140,   40,   25,10289,   89
  240,20241129,   23,  140,   60,   22,10285,   90
  240,20241129,   24,  150,   50,   21,10285,   89
  240,20241130,    1,  160,   40,   16,10283,   90
  240,20241130,    2,  170,   30,   10,10282,   91
  240,20241130,    3,  160,   40,   11,10280,   90
  240,20241130,    4,  150,   40,   10,10276,   90
  240,20241130,    5,  150,   50,   10,10273,   89
  240,20241130,    6,  160,   50,   12,10272,   88
  240,20241130,    7,  160,   50,   14,10271,   88
  240,20241130,    8,  160,   40,   21,10273,   85
  240,20241130,    9,  170,   50,   23,10274,   85
  240,20241130,   10,  170,   50,   31,10275,   82
  240,20241130,   11,  190,   50,   44,10273,   80
  240,20241130,   12,  170,   50,   57,10264,   79
  240,20241130,   13,  180,   40,   58,10264,   79
  240,20241130,   14,  180,   40,   58,10262,   81
  240,20241130,   15,  170,   40,   58,10261,   81
  240,20241130,   16,  170,   40,   58,10263,   82
  240,20241130,   17,  170,   40,   60,10264,   82
  240,20241130,   18,  160,   30,   61,10261,   82
  240,20241130,   19,  160,   40,   62,10258,   81
  240,20241130,   20,  160,   40,   62,10256,   81
  240,20241130,   21,  160,   30,   62,10254,   82
  240,20241130,   22,  170,   30,   63,10252,   80
  240,20241130,   23,  160,   30,   63,10250,   83
  240,20241130,   24,  160,   40,   65,10245,   81
  240,20241201,    1,  160,   30,   65,10238,   82
  240,20241201,    2,  160,   30,   65,10237,   83
  240,20241201,    3,  140,   30,   62,10230,   84
  240,20241201,    4,  140,   40,   60,10226,   83
  240,20241201,    5,  160,   40,   59,10221,   83
  240,20241201,    6,  150,   50,   55,10217,   81
  240,20241201,    7,  150,   50,   44,10212,   83
  240,20241201,    8,  150,   40,   33,10210,   84
  240,20241201,    9,  160,   50,   35,10203,   80
  240,20241201,   10,  160,   50,   43,10200,   77
  240,20241201,   11,  160,   60,   54,10188,   72
  240,20241201,   12,  150,   60,   66,10177,   68
  240,20241201,   13,  170,   60,   72,10170,   65
  240,20241201,   14,  170,   70,   71,10163,   67
  240,20241201,   15,  160,   50,   67,10158,   69
  240,20241201,   16,  170,   60,   68,10151,   73
  240,20241201,   17,  180,   50,   63,10153,   80
  240,20241201,   18,  190,   50,   67,10150,   86
  240,20241201,   19,  190,   70,   67,10148,   93
  240,20241201,   20,  200,   70,   69,10145,   95
  240,20241201,   21,  200,   70,   75,10144,   96
  240,20241201,   22,  200,   60,   77,10146,   97
  240,20241201,   23,  190,   60,   80,10143,   97
  240,20241201,   24,  190,   50,   83,10137,   95
  240,20241202,    1,  200,   60,   87,10134,   95
  240,20241202,    2,  190,   60,   90,10129,   97
  240,20241202,    3,  190,   50,   92,10123,   96
  240,20241202,    4,  190,   60,   97,10117,   96
  240,20241202,    5,  190,   70,  101,10114,   96
  240,20241202,    6,  190,   70,  104,10111,   95
  240,20241202,    7,  210,   60,  107,10111,   94
  240,20241202,    8,  210,   60,  108,10112,   94
  240,20241202,    9,  210,   60,  108,10111,   93
  240,20241202,   10,  210,   70,  111,10109,   92
  240,20241202,   11,  210,   70,  113,10104,   91
  240,20241202,   12,  220,   60,  113,10100,   90
  240,20241202,   13,  230,   70,  111,10098,   92
  240,20241202,   14,  260,   50,  101,10099,   92
  240,20241202,   15,  240,   60,  100,10102,   86
  240,20241202,   16,  240,   40,   95,10103,   88
  240,20241202,   17,  220,   50,   87,10103,   91
  240,20241202,   18,  220,   50,   80,10106,   92
  240,20241202,   19,  210,   30,   70,10106,   96
  240,20241202,   20,  210,   30,   80,10107,   96
  240,20241202,   21,  240,   40,   84,10109,   91
  240,20241202,   22,  250,   40,   84,10111,   94
  240,20241202,   23,  270,   30,   79,10116,   96
  240,20241202,   24,  340,   70,   79,10124,   93
  240,20241203,    1,  350,   70,   76,10133,   84
  240,20241203,    2,  330,   30,   73,10142,   84
  240,20241203,    3,  330,   30,   62,10149,   86
  240,20241203,    4,  320,   50,   61,10156,   80
  240,20241203,    5,  330,   40,   60,10162,   79
  240,20241203,    6,  340,   40,   59,10170,   85
  240,20241203,    7,  320,   30,   48,10177,   85
  240,20241203,    8,  350,   40,   62,10184,   75
  240,20241203,    9,  330,   30,   64,10191,   77
  240,20241203,   10,  330,   40,   65,10198,   76
  240,20241203,   11,  340,   40,   69,10200,   73
  240,20241203,   12,  320,   40,   75,10199,   69
  240,20241203,   13,  360,   40,   62,10203,   75
  240,20241203,   14,  300,   20,   64,10205,   79
  240,20241203,   15,  320,   30,   55,10210,   78
  240,20241203,   16,  310,   30,   52,10212,   81
  240,20241203,   17,  310,   40,   52,10215,   78
  240,20241203,   18,  340,   40,   54,10218,   79
  240,20241203,   19,  290,   20,   32,10220,   86
  240,20241203,   20,  270,   40,   28,10224,   85
  240,20241203,   21,  270,   40,   34,10227,   84
  240,20241203,   22,  260,   30,   24,10227,   85
  240,20241203,   23,  310,   20,   28,10226,   88
  240,20241203,   24,    0,    0,   17,10230,   91
  240,20241204,    1,  190,   20,    5,10229,   96
  240,20241204,    2,  240,   10,    0,10235,   93
  240,20241204,    3,  280,   20,   18,10236,   89
  240,20241204,    4,  240,   40,   32,10235,   86
  240,20241204,    5,  220,   30,   24,10236,   92
  240,20241204,    6,  220,   40,   33,10240,   92
  240,20241204,    7,  320,   30,   48,10244,   88
  240,20241204,    8,  310,   20,   48,10245,   90
  240,20241204,    9,  170,   20,   52,10248,   90
  240,20241204,   10,  150,   20,   57,10252,   90
  240,20241204,   11,  160,   20,   56,10254,   89
  240,20241204,   12,  170,   20,   58,10254,   90
  240,20241204,   13,  180,   40,   57,10252,   92
  240,20241204,   14,  190,   40,   57,10251,   93
  240,20241204,   15,  150,   30,   57,10255,   92
  240,20241204,   16,  160,   30,   50,10257,   94
  240,20241204,   17,  160,   30,   38,10256,   94
  240,20241204,   18,  160,   30,   31,10256,   95
  240,20241204,   19,  160,   30,   33,10253,   96
  240,20241204,   20,  160,   30,   36,10250,   96
  240,20241204,   21,  180,   40,   40,10249,   95
  240,20241204,   22,  170,   40,   33,10246,   95
  240,20241204,   23,  180,   60,   40,10240,   95
  240,20241204,   24,  170,   60,   43,10234,   96
  240,20241205,    1,  180,   60,   46,10224,   96
  240,20241205,    2,  170,   60,   51,10215,   96
  240,20241205,    3,  170,   60,   55,10204,   95
  240,20241205,    4,  170,   70,   56,10193,   94
  240,20241205,    5,  170,   70,   55,10183,   93
  240,20241205,    6,  170,   80,   56,10172,   91
  240,20241205,    7,  170,   90,   55,10159,   89
  240,20241205,    8,  170,   90,   56,10145,   87
  240,20241205,    9,  170,  100,   53,10135,   91
  240,20241205,   10,  170,   90,   52,10122,   95
  240,20241205,   11,  180,   90,   56,10109,   96
  240,20241205,   12,  190,   90,   63,10097,   96
  240,20241205,   13,  190,   90,   68,10090,   96
  240,20241205,   14,  200,   80,   72,10082,   96
  240,20241205,   15,  200,   80,   77,10074,   96
  240,20241205,   16,  200,   70,   80,10068,   96
  240,20241205,   17,  190,   70,   83,10056,   97
  240,20241205,   18,  190,   70,   87,10040,   97
  240,20241205,   19,  180,   70,   90,10021,   97
  240,20241205,   20,  190,   90,   99,10000,   96
  240,20241205,   21,  180,   80,  101, 9975,   96
  240,20241205,   22,  190,   90,  105, 9953,   96
  240,20241205,   23,  240,  110,  119, 9946,   77
  240,20241205,   24,  290,  110,  103, 9959,   77
  240,20241206,    1,  290,  130,  100, 9970,   75
  240,20241206,    2,  280,  140,   91, 9980,   78
  240,20241206,    3,  280,  140,   93, 9990,   76
  240,20241206,    4,  290,  130,   91, 9997,   77
  240,20241206,    5,  290,  130,   91,10008,   76
  240,20241206,    6,  290,  140,   92,10022,   74
  240,20241206,    7,  290,  150,   93,10034,   75
  240,20241206,    8,  300,  130,   92,10053,   80
  240,20241206,    9,  300,  140,   93,10067,   80
  240,20241206,   10,  300,  130,   99,10087,   73
  240,20241206,   11,  300,  120,   96,10102,   78
  240,20241206,   12,  300,  120,   98,10119,   73
  240,20241206,   13,  300,  110,   96,10128,   76
  240,20241206,   14,  300,   90,   93,10138,   76
  240,20241206,   15,  300,   70,   91,10145,   77
  240,20241206,   16,  290,   70,   90,10150,   75
  240,20241206,   17,  280,   60,   83,10153,   75
  240,20241206,   18,  260,   50,   76,10154,   80
  240,20241206,   19,  230,   40,   61,10152,   85
  240,20241206,   20,  200,   40,   50,10145,   88
  240,20241206,   21,  170,   50,   53,10135,   87
  240,20241206,   22,  180,   40,   55,10123,   88
  240,20241206,   23,  160,   60,   57,10106,   88
  240,20241206,   24,  160,   70,   61,10085,   86
  240,20241207,    1,  170,   70,   60,10068,   89
  240,20241207,    2,  150,   80,   61,10037,   90
  240,20241207,    3,  160,   90,   64,10012,   90
  240,20241207,    4,  170,  100,   69, 9989,   94
  240,20241207,    5,  170,  100,   73, 9968,   95
  240,20241207,    6,  180,  100,   80, 9950,   95
  240,20241207,    7,  170,   80,   85, 9936,   95
  240,20241207,    8,  190,   90,   94, 9927,   89
  240,20241207,    9,  190,   90,   98, 9918,   85
  240,20241207,   10,  190,  110,  100, 9905,   81
  240,20241207,   11,  200,  110,   94, 9900,   82
  240,20241207,   12,  200,  100,   85, 9890,   83
  240,20241207,   13,  210,  110,   87, 9882,   77
  240,20241207,   14,  200,  110,   76, 9880,   86
  240,20241207,   15,  190,   80,   71, 9878,   88
  240,20241207,   16,  180,   90,   68, 9880,   92
  240,20241207,   17,  180,   80,   65, 9879,   93
  240,20241207,   18,  180,   80,   64, 9878,   95
  240,20241207,   19,  170,   80,   64, 9882,   95
  240,20241207,   20,  180,   50,   66, 9884,   96
  240,20241207,   21,  170,   50,   65, 9889,   96
  240,20241207,   22,  130,   40,   66, 9897,   96
  240,20241207,   23,  100,   40,   68, 9910,   96
  240,20241207,   24,   60,   40,   69, 9927,   96
  240,20241208,    1,   50,   50,   69, 9943,   96
  240,20241208,    2,   50,   50,   69, 9960,   95
  240,20241208,    3,   50,   50,   68, 9976,   94
  240,20241208,    4,   30,   50,   67, 9991,   95
  240,20241208,    5,   30,   70,   67,10007,   94
  240,20241208,    6,   40,   60,   67,10025,   94
  240,20241208,    7,   40,   70,   66,10042,   93
  240,20241208,    8,   40,   60,   65,10062,   93
  240,20241208,    9,   40,   60,   66,10078,   93
  240,20241208,   10,   40,   60,   67,10091,   93
  240,20241208,   11,   40,   60,   68,10102,   91
  240,20241208,   12,   40,   60,   72,10112,   89
  240,20241208,   13,   50,   70,   70,10122,   85
  240,20241208,   14,   50,   70,   74,10134,   83
  240,20241208,   15,   40,   60,   69,10147,   87
  240,20241208,   16,   40,   80,   65,10163,   90
  240,20241208,   17,   40,   70,   65,10176,   89
  240,20241208,   18,   50,   70,   65,10189,   89
  240,20241208,   19,   40,   60,   69,10199,   88
  240,20241208,   20,   40,   70,   68,10211,   89
  240,20241208,   21,   30,   60,   67,10219,   86
  240,20241208,   22,   40,   70,   68,10229,   83
  240,20241208,   23,   40,   60,   60,10238,   81
  240,20241208,   24,   40,   60,   64,10243,   86
  240,20241209,    1,   40,   60,   66,10248,   86
  240,20241209,    2,   40,   70,   66,10252,   84
  240,20241209,    3,   40,   70,   66,10253,   83
  240,20241209,    4,   40,   70,   65,10256,   83
  240,20241209,    5,   30,   70,   64,10260,   82
  240,20241209,    6,   40,   60,   63,10265,   79
  240,20241209,    7,   40,   80,   62,10268,   79
  240,20241209,    8,   30,   70,   61,10272,   81
  240,20241209,    9,   40,   80,   62,10276,   81
  240,20241209,   10,   30,   70,   65,10276,   82
  240,20241209,   11,   40,   90,   66,10275,   82
  240,20241209,   12,   40,   80,   67,10273,   82
  240,20241209,   13,   40,   80,   67,10275,   80
  240,20241209,   14,   40,   90,   66,10278,   81
  240,20241209,   15,   40,   80,   65,10288,   81
  240,20241209,   16,   40,   80,   65,10293,   79
  240,20241209,   17,   40,   70,   62,10297,   81
  240,20241209,   18,   50,   80,   61,10301,   81
  240,20241209,   19,   50,   70,   60,10304,   81
  240,20241209,   20,   40,   80,   60,10310,   82
  240,20241209,   21,   50,   80,   59,10313,   83
  240,20241209,   22,   60,   90,   60,10314,   81
  240,20241209,   23,   50,   70,   59,10315,   81
  240,20241209,   24,   40,   70,   56,10316,   83
  240,20241210,    1,   40,   60,   55,10317,   83
  240,20241210,    2,   40,   60,   53,10316,   85
  240,20241210,    3,   40,   60,   53,10314,   86
  240,20241210,    4,   50,   60,   51,10311,   87
  240,20241210,    5,   60,   90,   51,10312,   83
  240,20241210,    6,   60,   70,   51,10316,   82
  240,20241210,    7,   50,   90,   51,10317,   82
  240,20241210,    8,   50,   70,   50,10318,   85
  240,20241210,    9,   50,   80,   51,10321,   85
  240,20241210,   10,   50,   70,   53,10319,   80
  240,20241210,   11,   60,   90,   52,10319,   80
  240,20241210,   12,   50,   90,   52,10315,   81
  240,20241210,   13,   60,   80,   51,10313,   81
  240,20241210,   14,   50,   80,   51,10313,   81
  240,20241210,   15,   50,   60,   50,10313,   83
  240,20241210,   16,   50,   80,   50,10315,   80
  240,20241210,   17,   60,   60,   50,10316,   81
  240,20241210,   18,   70,   60,   49,10318,   81
  240,20241210,   19,   50,   70,   49,10320,   82
  240,20241210,   20,   70,   50,   48,10323,   83
  240,20241210,   21,   70,   50,   48,10323,   84
  240,20241210,   22,   70,   50,   49,10321,   84
  240,20241210,   23,   60,   50,   49,10323,   84
  240,20241210,   24,   50,   40,   49,10320,   84
  240,20241211,    1,   50,   50,   47,10318,   85
  240,20241211,    2,   60,   50,   47,10320,   85
  240,20241211,    3,   70,   40,   45,10319,   86
  240,20241211,    4,   60,   40,   44,10316,   87
  240,20241211,    5,   50,   40,   43,10317,   88
  240,20241211,    6,   40,   40,   41,10320,   89
  240,20241211,    7,   50,   40,   39,10319,   88
  240,20241211,    8,   50,   50,   38,10324,   89
  240,20241211,    9,   60,   40,   37,10329,   88
  240,20241211,   10,   60,   50,   38,10330,   86
  240,20241211,   11,   70,   40,   38,10328,   85
  240,20241211,   12,   60,   40,   34,10326,   83
  240,20241211,   13,   40,   40,   36,10323,   83
  240,20241211,   14,   30,   40,   34,10325,   82
  240,20241211,   15,   70,   10,   33,10325,   84
  240,20241211,   16,   60,   10,   34,10324,   84
  240,20241211,   17,  100,   10,   36,10326,   85
  240,20241211,   18,  160,   20,   36,10326,   83
  240,20241211,   19,  150,   20,   35,10328,   84
  240,20241211,   20,  190,   20,   34,10329,   86
  240,20241211,   21,  200,   20,   30,10330,   85
  240,20241211,   22,  210,   20,   23,10330,   88
  240,20241211,   23,  250,   10,   22,10329,   90
  240,20241211,   24,  240,   10,   28,10326,   89
  240,20241212,    1,  240,   20,   31,10324,   90
  240,20241212,    2,  220,   20,   32,10323,   94
  240,20241212,    3,  230,   30,   31,10323,   96
  240,20241212,    4,  220,   30,   29,10320,   98
  240,20241212,    5,  220,   30,   30,10319,   98
  240,20241212,    6,  200,   20,   33,10318,   99
  240,20241212,    7,  200,   20,   35,10317,   99
  240,20241212,    8,  200,   20,   37,10319,   99
  240,20241212,    9,   90,   10,   40,10321,   98
  240,20241212,   10,  100,   10,   45,10322,   99
  240,20241212,   11,  160,   20,   48,10319,   97
  240,20241212,   12,  140,   10,   48,10316,   98
  240,20241212,   13,   50,   30,   50,10315,   95
  240,20241212,   14,   60,   30,   49,10313,   90
  240,20241212,   15,   80,   20,   46,10312,   93
  240,20241212,   16,   80,   20,   45,10312,   94
  240,20241212,   17,   80,   30,   45,10311,   92
  240,20241212,   18,   90,   30,   42,10312,   92
  240,20241212,   19,  100,   40,   40,10314,   90
  240,20241212,   20,  100,   30,   39,10313,   91
  240,20241212,   21,   90,   30,   36,10311,   92
  240,20241212,   22,   90,   30,   36,10310,   90
  240,20241212,   23,   90,   50,   36,10310,   90
  240,20241212,   24,  120,   40,   36,10307,   91
  240,20241213,    1,  130,   30,   34,10304,   91
  240,20241213,    2,  120,   40,   31,10302,   90
  240,20241213,    3,   90,   40,   29,10298,   91
  240,20241213,    4,  110,   40,   28,10295,   90
  240,20241213,    5,  110,   40,   28,10292,   91
  240,20241213,    6,  120,   40,   27,10288,   92
  240,20241213,    7,  120,   30,   26,10289,   94
  240,20241213,    8,  130,   40,   24,10288,   94
  240,20241213,    9,  130,   40,   23,10289,   91
  240,20241213,   10,  130,   40,   22,10290,   90
  240,20241213,   11,  160,   50,   20,10284,   86
  240,20241213,   12,  160,   40,   19,10276,   86
  240,20241213,   13,  160,   40,   12,10269,   87
  240,20241213,   14,  180,   40,    5,10263,   88
  240,20241213,   15,  190,   30,    4,10260,   89
  240,20241213,   16,  190,   40,    5,10259,   89
  240,20241213,   17,  170,   20,    7,10255,   90
  240,20241213,   18,  170,   30,    6,10251,   86
  240,20241213,   19,  200,   40,    8,10247,   84
  240,20241213,   20,  230,   40,   10,10242,   84
  240,20241213,   21,  230,   30,   14,10236,   83
  240,20241213,   22,  190,   40,   16,10228,   83
  240,20241213,   23,  190,   40,   19,10224,   82
  240,20241213,   24,  200,   60,   20,10215,   82
  240,20241214,    1,  190,   50,   21,10205,   83
  240,20241214,    2,  200,   50,   21,10200,   89
  240,20241214,    3,  200,   70,   22,10194,   92
  240,20241214,    4,  210,   60,   22,10188,   93
  240,20241214,    5,  210,   60,   24,10184,   95
  240,20241214,    6,  210,   50,   30,10182,   95
  240,20241214,    7,  210,   50,   35,10179,   94
  240,20241214,    8,  210,   50,   36,10180,   94
  240,20241214,    9,  200,   60,   39,10179,   95
  240,20241214,   10,  210,   70,   48,10181,   94
  240,20241214,   11,  210,   60,   49,10177,   94
  240,20241214,   12,  220,   60,   56,10173,   92
  240,20241214,   13,  230,   50,   65,10170,   92
  240,20241214,   14,  240,   40,   65,10168,   93
  240,20241214,   15,  280,   60,   72,10170,   94
  240,20241214,   16,  320,   40,   69,10178,   92
  240,20241214,   17,  300,   30,   61,10185,   92
  240,20241214,   18,  300,   20,   60,10194,   90
  240,20241214,   19,  290,   20,   59,10196,   89
  240,20241214,   20,  270,   40,   57,10204,   89
  240,20241214,   21,  260,   30,   53,10206,   86
  240,20241214,   22,  260,   40,   52,10210,   85
  240,20241214,   23,  250,   30,   39,10213,   86
  240,20241214,   24,  240,   40,   40,10210,   87
  240,20241215,    1,  250,   50,   64,10213,   86
  240,20241215,    2,  270,   40,   68,10219,   86
  240,20241215,    3,  250,   50,   72,10218,   84
  240,20241215,    4,  260,   50,   74,10220,   86
  240,20241215,    5,  240,   40,   74,10220,   87
  240,20241215,    6,  250,   50,   79,10222,   85
  240,20241215,    7,  240,   60,   83,10229,   86
  240,20241215,    8,  240,   70,   86,10232,   87
  240,20241215,    9,  250,   50,   86,10238,   92
  240,20241215,   10,  240,   70,   89,10239,   95
  240,20241215,   11,  250,   80,   90,10242,   95
  240,20241215,   12,  250,   70,   95,10240,   95
  240,20241215,   13,  250,   80,  100,10242,   92
  240,20241215,   14,  250,   90,  102,10244,   91
  240,20241215,   15,  250,   90,  101,10244,   94
  240,20241215,   16,  260,   80,  104,10250,   93
  240,20241215,   17,  250,   80,  104,10252,   92
  240,20241215,   18,  250,   80,  106,10253,   92
  240,20241215,   19,  240,   80,  108,10258,   91
  240,20241215,   20,  240,   80,  108,10258,   92
  240,20241215,   21,  240,   90,  112,10260,   89
  240,20241215,   22,  250,   90,  113,10261,   89
  240,20241215,   23,  250,   90,  109,10265,   90
  240,20241215,   24,  250,   90,  108,10265,   90
  240,20241216,    1,  250,   90,  107,10269,   90
  240,20241216,    2,  250,   80,  108,10271,   89
  240,20241216,    3,  250,   90,  106,10276,   88
  240,20241216,    4,  250,   90,  106,10274,   88
  240,20241216,    5,  250,   70,  106,10273,   87
  240,20241216,    6,  250,   80,  108,10277,   85
  240,20241216,    7,  250,  100,  107,10282,   85
  240,20241216,    8,  250,  100,  107,10288,   85
  240,20241216,    9,  250,   90,  103,10292,   89
  240,20241216,   10,  260,   80,  105,10292,   84
  240,20241216,   11,  250,   70,  107,10290,   78
  240,20241216,   12,  250,   80,  105,10287,   84
  240,20241216,   13,  250,   80,  103,10282,   83
  240,20241216,   14,  250,  100,  103,10277,   82
  240,20241216,   15,  250,   80,  102,10280,   85
  240,20241216,   16,  250,   80,  102,10281,   83
  240,20241216,   17,  250,   70,   99,10279,   86
  240,20241216,   18,  250,   80,   99,10280,   86
  240,20241216,   19,  250,   80,   99,10280,   86
  240,20241216,   20,  250,   80,   99,10281,   86
  240,20241216,   21,  250,   70,  101,10280,   82
  240,20241216,   22,  250,   80,  100,10280,   83
  240,20241216,   23,  250,   70,  101,10278,   81
  240,20241216,   24,  260,   70,   98,10280,   84
  240,20241217,    1,  250,   50,   90,10276,   87
  240,20241217,    2,  250,   60,   90,10279,   88
  240,20241217,    3,  250,   60,   91,10278,   89
  240,20241217,    4,  250,   50,   88,10275,   91
  240,20241217,    5,  220,   40,   67,10275,   96
  240,20241217,    6,  230,   40,   76,10272,   95
  240,20241217,    7,  200,   30,   70,10274,   97
  240,20241217,    8,  220,   50,   74,10281,   96
  240,20241217,    9,  230,   70,   85,10280,   95
  240,20241217,   10,  210,   50,   86,10278,   95
  240,20241217,   11,  200,   50,   89,10273,   93
  240,20241217,   12,  210,   50,   92,10265,   92
  240,20241217,   13,  220,   70,   93,10260,   91
  240,20241217,   14,  210,   50,   91,10253,   92
  240,20241217,   15,  200,   50,   91,10246,   92
  240,20241217,   16,  200,   60,   88,10245,   90
  240,20241217,   17,  170,   60,   85,10232,   92
  240,20241217,   18,  170,   60,   86,10221,   89
  240,20241217,   19,  180,   50,   84,10213,   90
  240,20241217,   20,  180,   60,   80,10203,   88
  240,20241217,   21,  180,   60,   78,10191,   88
  240,20241217,   22,  190,   70,   77,10184,   88
  240,20241217,   23,  200,   60,   72,10179,   85
  240,20241217,   24,  190,   70,   69,10171,   86
  240,20241218,    1,  180,   70,   65,10155,   90
  240,20241218,    2,  180,   80,   64,10148,   91
  240,20241218,    3,  180,   70,   65,10136,   89
  240,20241218,    4,  180,   70,   67,10123,   87
  240,20241218,    5,  190,   70,   81,10115,   81
  240,20241218,    6,  200,   90,   90,10107,   80
  240,20241218,    7,  200,   90,   92,10098,   84
  240,20241218,    8,  200,  100,   92,10095,   93
  240,20241218,    9,  200,  100,  102,10089,   90
  240,20241218,   10,  210,  100,  110,10085,   87
  240,20241218,   11,  210,  120,  120,10077,   85
  240,20241218,   12,  210,  120,  115,10076,   92
  240,20241218,   13,  230,  150,  128,10074,   89
  240,20241218,   14,  240,  130,  132,10075,   82
  240,20241218,   15,  230,  120,  130,10079,   82
  240,20241218,   16,  230,  110,  126,10083,   85
  240,20241218,   17,  240,  110,  125,10083,   87
  240,20241218,   18,  230,   90,  122,10082,   91
  240,20241218,   19,  230,   80,  119,10074,   95
  240,20241218,   20,  210,   80,  119,10060,   96
  240,20241218,   21,  200,   80,  116,10048,   96
  240,20241218,   22,  210,   90,  119,10032,   91
  240,20241218,   23,  190,  100,  117,10012,   92
  240,20241218,   24,  190,   90,  117, 9992,   95
  240,20241219,    1,  200,  100,  124, 9972,   93
  240,20241219,    2,  200,  120,  126, 9955,   92
  240,20241219,    3,  230,  110,  116, 9948,   88
  240,20241219,    4,  220,  110,  119, 9937,   85
  240,20241219,    5,  220,  110,  119, 9928,   86
  240,20241219,    6,  230,  120,  121, 9921,   85
  240,20241219,    7,  310,  100,   91, 9933,   91
  240,20241219,    8,  300,   90,   77, 9956,   92
  240,20241219,    9,  290,   80,   77, 9964,   89
  240,20241219,   10,  300,   80,   73, 9974,   93
  240,20241219,   11,  330,   80,   65, 9989,   87
  240,20241219,   12,  320,   90,   59,10002,   88
  240,20241219,   13,  300,  110,   54,10015,   84
  240,20241219,   14,  300,   30,   54,10018,   85
  240,20241219,   15,  320,   70,   66,10028,   77
  240,20241219,   16,  300,   70,   62,10040,   75
  240,20241219,   17,  320,   60,   64,10052,   75
  240,20241219,   18,  300,   80,   57,10063,   83
  240,20241219,   19,  300,   50,   54,10074,   80
  240,20241219,   20,  320,   80,   62,10087,   78
  240,20241219,   21,  300,   50,   57,10099,   79
  240,20241219,   22,  320,   70,   60,10110,   79
  240,20241219,   23,  310,   80,   60,10120,   76
  240,20241219,   24,  310,   70,   63,10131,   72
  240,20241220,    1,  320,   70,   65,10142,   75
  240,20241220,    2,  310,   70,   62,10148,   73
  240,20241220,    3,  310,   60,   56,10158,   74
  240,20241220,    4,  310,   60,   59,10161,   70
  240,20241220,    5,  270,   40,   40,10167,   82
  240,20241220,    6,  280,   40,   51,10172,   80
  240,20241220,    7,  270,   50,   52,10177,   79
  240,20241220,    8,  260,   40,   54,10183,   81
  240,20241220,    9,  260,   50,   60,10186,   76
  240,20241220,   10,  270,   60,   65,10187,   72
  240,20241220,   11,  260,   70,   72,10185,   73
  240,20241220,   12,  250,   60,   74,10181,   76
  240,20241220,   13,  240,   70,   79,10177,   73
  240,20241220,   14,  240,   70,   76,10172,   73
  240,20241220,   15,  230,   70,   69,10170,   78
  240,20241220,   16,  210,   60,   65,10166,   85
  240,20241220,   17,  200,   70,   64,10163,   85
  240,20241220,   18,  200,   60,   64,10160,   84
  240,20241220,   19,  210,   70,   65,10155,   84
  240,20241220,   20,  210,   70,   66,10150,   90
  240,20241220,   21,  210,   70,   67,10147,   93
  240,20241220,   22,  210,   80,   67,10140,   92
  240,20241220,   23,  210,   70,   71,10137,   92
  240,20241220,   24,  210,   80,   72,10133,   94
  240,20241221,    1,  220,   70,   74,10133,   96
  240,20241221,    2,  220,   50,   77,10134,   97
  240,20241221,    3,  230,   40,   80,10137,   97
  240,20241221,    4,  250,   50,   81,10134,   89
  240,20241221,    5,  240,   50,   76,10132,   90
  240,20241221,    6,  240,   50,   67,10128,   90
  240,20241221,    7,  220,   50,   71,10130,   92
  240,20241221,    8,  220,   50,   71,10129,   93
  240,20241221,    9,  220,   70,   78,10124,   90
  240,20241221,   10,  210,   80,   78,10115,   91
  240,20241221,   11,  210,   90,   81,10108,   89
  240,20241221,   12,  230,  100,   86,10095,   86
  240,20241221,   13,  220,  100,   82,10080,   91
  240,20241221,   14,  220,  110,   83,10066,   94
  240,20241221,   15,  220,  100,   89,10053,   96
  240,20241221,   16,  230,  120,  102,10046,   90
  240,20241221,   17,  240,  110,  106,10038,   91
  240,20241221,   18,  240,  110,  107,10026,   92
  240,20241221,   19,  250,   90,  108,10019,   89
  240,20241221,   20,  270,   90,  102,10018,   87
  240,20241221,   21,  270,  110,   98,10015,   75
  240,20241221,   22,  250,   80,   97,10012,   73
  240,20241221,   23,  260,  100,   95,10008,   77
  240,20241221,   24,  260,   90,   92,10001,   75
  240,20241222,    1,  260,  100,   90, 9993,   75
  240,20241222,    2,  300,   70,   57, 9990,   84
  240,20241222,    3,  270,  100,   75, 9980,   76
  240,20241222,    4,  270,  100,   68, 9973,   75
  240,20241222,    5,  270,  100,   69, 9967,   74
  240,20241222,    6,  280,   80,   68, 9960,   75
  240,20241222,    7,  280,  100,   64, 9957,   72
  240,20241222,    8,  290,  110,   63, 9960,   70
  240,20241222,    9,  290,   90,   57, 9967,   78
  240,20241222,   10,  280,  110,   61, 9971,   73
  240,20241222,   11,  280,  120,   58, 9976,   73
  240,20241222,   12,  280,  110,   56, 9979,   77
  240,20241222,   13,  280,  120,   60, 9981,   73
  240,20241222,   14,  290,  100,   59, 9986,   73
  240,20241222,   15,  280,   90,   53, 9992,   72
  240,20241222,   16,  270,   70,   47,10001,   77
  240,20241222,   17,  270,   80,   49,10006,   79
  240,20241222,   18,  280,   70,   58,10008,   79
  240,20241222,   19,  260,   70,   59,10010,   79
  240,20241222,   20,  260,   70,   63,10008,   82
  240,20241222,   21,  250,   80,   35,10011,   87
  240,20241222,   22,  170,   20,   33,10012,   94
  240,20241222,   23,  300,   20,   43,10022,   94
  240,20241222,   24,  330,   90,   76,10028,   84
  240,20241223,    1,  330,   80,   73,10050,   86
  240,20241223,    2,  330,   90,   74,10063,   79
  240,20241223,    3,  340,   60,   74,10076,   69
  240,20241223,    4,  320,   80,   69,10089,   75
  240,20241223,    5,  340,   50,   66,10100,   73
  240,20241223,    6,  330,   90,   68,10112,   74
  240,20241223,    7,  350,   70,   60,10128,   77
  240,20241223,    8,  340,   50,   64,10142,   76
  240,20241223,    9,  330,   70,   70,10150,   71
  240,20241223,   10,  320,   70,   68,10157,   78
  240,20241223,   11,  320,   60,   75,10162,   71
  240,20241223,   12,  320,   80,   79,10166,   71
  240,20241223,   13,  310,   80,   74,10170,   74
  240,20241223,   14,  310,   70,   67,10176,   77
  240,20241223,   15,  310,   50,   63,10180,   79
  240,20241223,   16,  300,   40,   55,10188,   85
  240,20241223,   17,  320,   40,   52,10193,   87
  240,20241223,   18,  350,   50,   58,10201,   87
  240,20241223,   19,  290,   30,   45,10205,   90
  240,20241223,   20,  310,   30,   53,10209,   86
  240,20241223,   21,    0,    0,   42,10214,   90
  240,20241223,   22,  250,   30,   25,10218,   89
  240,20241223,   23,  290,   20,   27,10223,   92
  240,20241223,   24,  240,   20,   29,10227,   92
  240,20241224,    1,  250,   40,   45,10227,   88
  240,20241224,    2,  240,   30,   28,10229,   89
  240,20241224,    3,  220,   30,   37,10233,   90
  240,20241224,    4,  200,   30,   39,10233,   93
  240,20241224,    5,  220,   40,   49,10235,   86
  240,20241224,    6,  210,   50,   55,10235,   87
  240,20241224,    7,  210,   40,   55,10237,   93
  240,20241224,    8,  190,   40,   55,10242,   95
  240,20241224,    9,  180,   50,   53,10243,   97
  240,20241224,   10,  190,   50,   56,10246,   97
  240,20241224,   11,  190,   60,   60,10243,   97
  240,20241224,   12,  190,   60,   62,10242,   97
  240,20241224,   13,  190,   50,   63,10246,   97
  240,20241224,   14,  190,   40,   65,10247,   98
  240,20241224,   15,  190,   40,   68,10251,   98
  240,20241224,   16,  210,   50,   70,10256,   98
  240,20241224,   17,  220,   50,   75,10258,   99
  240,20241224,   18,  210,   30,   78,10265,   99
  240,20241224,   19,  220,   40,   81,10269,   99
  240,20241224,   20,  220,   50,   86,10274,   99
  240,20241224,   21,  220,   50,   89,10278,   99
  240,20241224,   22,  220,   40,   92,10282,   99
  240,20241224,   23,  230,   40,   91,10288,   99
  240,20241224,   24,  220,   30,   92,10292,   99
  240,20241225,    1,  230,   30,   94,10296,   99
  240,20241225,    2,  190,   20,   92,10301,   99
  240,20241225,    3,  220,   20,   94,10303,   99
  240,20241225,    4,  230,   40,   99,10304,   99
  240,20241225,    5,  230,   30,   96,10306,   99
  240,20241225,    6,  210,   30,   97,10312,   99
  240,20241225,    7,  220,   30,   97,10318,   99
  240,20241225,    8,  210,   30,   96,10325,   99
  240,20241225,    9,  210,   30,   97,10331,   99
  240,20241225,   10,  230,   30,   98,10334,   98
  240,20241225,   11,  220,   40,   99,10336,   97
  240,20241225,   12,  230,   40,   97,10337,   98
  240,20241225,   13,  200,   40,   96,10336,   96
  240,20241225,   14,  210,   40,   95,10336,   96
  240,20241225,   15,  210,   40,   92,10339,   96
  240,20241225,   16,  210,   40,   87,10343,   97
  240,20241225,   17,  200,   30,   85,10345,   98
  240,20241225,   18,  210,   40,   87,10348,   96
  240,20241225,   19,  210,   40,   87,10351,   97
  240,20241225,   20,  210,   40,   90,10350,   97
  240,20241225,   21,  220,   40,   88,10352,   96
  240,20241225,   22,  220,   40,   87,10353,   96
  240,20241225,   23,  230,   40,   86,10354,   97
  240,20241225,   24,  220,   30,   86,10353,   97
  240,20241226,    1,  210,   30,   85,10355,   98
  240,20241226,    2,  220,   40,   84,10355,   97
  240,20241226,    3,  180,   30,   83,10355,   97
  240,20241226,    4,  190,   30,   82,10355,   96
  240,20241226,    5,  180,   30,   80,10353,   96
  240,20241226,    6,  200,   30,   79,10359,   96
  240,20241226,    7,  200,   30,   78,10362,   96
  240,20241226,    8,  190,   30,   77,10365,   96
  240,20241226,    9,  200,   20,   77,10368,   97
  240,20241226,   10,  170,   20,   76,10371,   97
  240,20241226,   11,  180,   20,   75,10369,   96
  240,20241226,   12,  170,   20,   73,10366,   97
  240,20241226,   13,  150,   20,   71,10363,   98
  240,20241226,   14,  160,   20,   69,10360,   97
  240,20241226,   15,  150,   20,   69,10361,   98
  240,20241226,   16,  150,   30,   66,10360,   98
  240,20241226,   17,  130,   30,   67,10361,   98
  240,20241226,   18,  140,   30,   67,10361,   99
  240,20241226,   19,  160,   20,   62,10361,   99
  240,20241226,   20,  110,   20,   59,10362,   99
  240,20241226,   21,  150,   20,   56,10360,   99
  240,20241226,   22,  140,   20,   53,10362,   99
  240,20241226,   23,  130,   20,   49,10359,   99
  240,20241226,   24,  130,   20,   44,10355,   99
  240,20241227,    1,  120,   10,   42,10353,  100
  240,20241227,    2,  130,   30,   39,10352,   99
  240,20241227,    3,  120,   30,   38,10349,   99
  240,20241227,    4,  150,   20,   39,10347,   99
  240,20241227,    5,  140,   30,   34,10347,   99
  240,20241227,    6,  140,   20,   35,10347,   99
  240,20241227,    7,  160,   20,   35,10345,   99
  240,20241227,    8,  150,   30,   32,10343,   99
  240,20241227,    9,  170,   20,   30,10347,   99
  240,20241227,   10,  130,   10,   31,10348,   99
  240,20241227,   11,  150,   10,   33,10344,   98
  240,20241227,   12,  170,   10,   34,10338,   96
  240,20241227,   13,  140,   20,   31,10330,   95
  240,20241227,   14,  100,   10,   32,10328,   96
  240,20241227,   15,  140,   10,   30,10328,   94
  240,20241227,   16,  200,   10,   28,10327,   96
  240,20241227,   17,  990,   10,   27,10325,   96
  240,20241227,   18,   70,   10,   23,10328,   98
  240,20241227,   19,  160,   10,   20,10329,   99
  240,20241227,   20,  150,   10,   19,10327,   96
  240,20241227,   21,  160,   10,   17,10326,   97
  240,20241227,   22,  160,   10,   14,10323,   98
  240,20241227,   23,  200,   20,   12,10323,   97
  240,20241227,   24,  160,   20,   11,10319,   98
  240,20241228,    1,  180,   20,   12,10316,   99
  240,20241228,    2,  180,   10,   13,10314,   99
  240,20241228,    3,  190,   10,   14,10313,  100
  240,20241228,    4,  220,   10,   15,10306,   99
  240,20241228,    5,  160,   20,   16,10302,   99
  240,20241228,    6,  150,   20,   14,10302,   99
  240,20241228,    7,  170,   30,   13,10300,   99
  240,20241228,    8,  200,   20,   15,10304,   99
  240,20241228,    9,  190,   30,   16,10303,   99
  240,20241228,   10,  190,   30,   21,10303,   99
  240,20241228,   11,  200,   30,   26,10303,   95
  240,20241228,   12,  200,   30,   26,10296,   95
  240,20241228,   13,  180,   20,   24,10291,   95
  240,20241228,   14,  160,   30,   22,10285,   94
  240,20241228,   15,  170,   30,   17,10286,   95
  240,20241228,   16,  190,   30,   15,10283,   97
  240,20241228,   17,  180,   30,   10,10286,   99
  240,20241228,   18,  200,   30,   14,10285,   97
  240,20241228,   19,  210,   40,   17,10285,   96
  240,20241228,   20,  240,   30,   19,10288,   97
  240,20241228,   21,  200,   40,   28,10286,   94
  240,20241228,   22,  190,   40,   33,10281,   93
  240,20241228,   23,  180,   30,   32,10280,   93
  240,20241228,   24,  190,   40,   35,10277,   92
  240,20241229,    1,  190,   40,   36,10276,   94
  240,20241229,    2,  210,   40,   39,10275,   94
  240,20241229,    3,  210,   30,   42,10275,   95
  240,20241229,    4,  200,   40,   44,10271,   96
  240,20241229,    5,  200,   40,   45,10271,   97
  240,20241229,    6,  200,   40,   45,10275,   97
  240,20241229,    7,  200,   40,   46,10279,   98
  240,20241229,    8,  210,   40,   49,10284,   98
  240,20241229,    9,  200,   50,   47,10284,   97
  240,20241229,   10,  210,   50,   50,10289,   97
  240,20241229,   11,  210,   30,   52,10288,   98
  240,20241229,   12,  200,   50,   54,10282,   97
  240,20241229,   13,  200,   50,   55,10280,   98
  240,20241229,   14,  210,   50,   59,10278,   97
  240,20241229,   15,  210,   50,   62,10279,   98
  240,20241229,   16,  210,   50,   60,10281,   98
  240,20241229,   17,  210,   50,   62,10281,   98
  240,20241229,   18,  220,   50,   63,10283,   97
  240,20241229,   19,  210,   50,   63,10284,   97
  240,20241229,   20,  220,   50,   66,10285,   96
  240,20241229,   21,  220,   50,   65,10287,   96
  240,20241229,   22,  220,   50,   66,10285,   97
  240,20241229,   23,  210,   50,   61,10286,   97
  240,20241229,   24,  220,   60,   58,10283,   96
  240,20241230,    1,  220,   60,   59,10280,   97
  240,20241230,    2,  220,   60,   63,10279,   97
  240,20241230,    3,  220,   50,   66,10277,   96
  240,20241230,    4,  240,   60,   77,10274,   88
  240,20241230,    5,  240,   60,   79,10272,   86
  240,20241230,    6,  240,   60,   77,10273,   86
  240,20241230,    7,  240,   60,   76,10273,   86
  240,20241230,    8,  240,   60,   79,10274,   83
  240,20241230,    9,  240,   60,   80,10272,   86
  240,20241230,   10,  240,   60,   82,10274,   84
  240,20241230,   11,  240,   70,   82,10269,   83
  240,20241230,   12,  240,   80,   85,10265,   84
  240,20241230,   13,  240,   80,   84,10262,   85
  240,20241230,   14,  230,   90,   85,10257,   84
  240,20241230,   15,  230,   80,   83,10258,   86
  240,20241230,   16,  220,   70,   78,10257,   88
  240,20241230,   17,  230,   70,   79,10255,   88
  240,20241230,   18,  230,   80,   76,10255,   88
  240,20241230,   19,  230,   80,   73,10254,   88
  240,20241230,   20,  220,   50,   75,10261,   88
  240,20241230,   21,  230,   70,   77,10264,   87
  240,20241230,   22,  230,   70,   78,10264,   86
  240,20241230,   23,  220,   70,   79,10267,   86
  240,20241230,   24,  220,   70,   75,10262,   87
  240,20241231,    1,  210,   70,   67,10258,   90
  240,20241231,    2,  210,   80,   63,10259,   91
  240,20241231,    3,  210,   80,   57,10254,   92
  240,20241231,    4,  210,   70,   52,10251,   93
  240,20241231,    5,  210,   80,   48,10250,   93
  240,20241231,    6,  200,   80,   45,10247,   92
  240,20241231,    7,  210,   90,   40,10247,   93
  240,20241231,    8,  200,   80,   36,10245,   94
  240,20241231,    9,  190,   80,   35,10244,   94
  240,20241231,   10,  200,  100,   36,10242,   92
  240,20241231,   11,  200,   80,   38,10234,   92
  240,20241231,   12,  210,   90,   43,10230,   90
  240,20241231,   13,  200,   80,   47,10219,   90
  240,20241231,   14,  200,  100,   49,10204,   92
  240,20241231,   15,  200,   90,   55,10198,   89
  240,20241231,   16,  200,   90,   53,10193,   88
  240,20241231,   17,  200,  100,   51,10188,   87
  240,20241231,   18,  200,   90,   55,10182,   88
  240,20241231,   19,  210,  110,   63,10177,   87
  240,20241231,   20,  210,  100,   68,10172,   85
  240,20241231,   21,  210,  110,   73,10166,   84
  240,20241231,   22,  210,  110,   76,10158,   84
  240,20241231,   23,  210,  120,   81,10154,   85
  240,20241231,   24,  210,  120,   85,10143,   84
  240,20250101,    1,  220,  130,   89,10142,   83
  240,20250101,    2,  220,  130,   88,10137,   83
  240,20250101,    3,  220,  130,   89,10129,   80
  240,20250101,    4,  210,  130,   87,10118,   80
  240,20250101,    5,  210,  120,   86,10113,   79
  240,20250101,    6,  210,  130,   87,10105,   79
  240,20250101,    7,  210,  140,   84,10096,   79
  240,20250101,    8,  210,  130,   83,10092,   79
  240,20250101,    9,  220,  140,   85,10089,   79
  240,20250101,   10,  210,  150,   87,10080,   79
  240,20250101,   11,  210,  150,   91,10070,   79
  240,20250101,   12,  210,  150,   91,10055,   84
  240,20250101,   13,  220,  160,   90,10042,   88
  240,20250101,   14,  210,  150,   93,10032,   88
  240,20250101,   15,  220,  150,   91,10028,   91
  240,20250101,   16,  300,   80,   68,10042,   95
  240,20250101,   17,  290,   60,   62,10051,   90
  240,20250101,   18,  260,   80,   58,10054,   91
  240,20250101,   19,  240,   80,   57,10055,   90
  240,20250101,   20,  230,   70,   57,10060,   91
  240,20250101,   21,  230,   80,   60,10057,   93
  240,20250101,   22,  230,   60,   64,10059,   92
  240,20250101,   23,  290,   70,   67,10072,   84
  240,20250101,   24,  300,   50,   58,10078,   82
  240,20250102,    1,  300,   40,   56,10085,   80
  240,20250102,    2,  320,   40,   43,10092,   86
  240,20250102,    3,  270,   40,   27,10099,   90
  240,20250102,    4,  270,   40,   20,10100,   87
  240,20250102,    5,    0,    0,   26,10105,   89
  240,20250102,    6,   30,   30,   32,10112,   87
  240,20250102,    7,  200,   20,   19,10120,   91
  240,20250102,    8,  230,   10,   26,10125,   87
  240,20250102,    9,  210,   30,   24,10133,   92
  240,20250102,   10,  280,   10,   46,10139,   86
  240,20250102,   11,  270,   20,   62,10141,   79
  240,20250102,   12,  300,   20,   45,10140,   79
  240,20250102,   13,  330,   60,   48,10142,   80
  240,20250102,   14,  290,   20,   44,10142,   86
  240,20250102,   15,  330,   40,   43,10148,   82
  240,20250102,   16,  290,   30,   26,10150,   83
  240,20250102,   17,  290,   40,   24,10154,   81
  240,20250102,   18,  290,   40,   32,10156,   79
  240,20250102,   19,  320,   20,   32,10162,   81
  240,20250102,   20,  290,   50,   33,10167,   80
  240,20250102,   21,  300,   30,   21,10171,   86
  240,20250102,   22,  280,   20,   17,10174,   88
  240,20250102,   23,  260,   30,   17,10176,   90
  240,20250102,   24,  280,   20,   16,10178,   89
  240,20250103,    1,  310,   10,   17,10179,   90
  240,20250103,    2,  290,   40,   20,10178,   82
  240,20250103,    3,  270,   40,   24,10178,   81
  240,20250103,    4,  290,   50,   29,10172,   79
  240,20250103,    5,  270,  100,   23,10173,   83
  240,20250103,    6,  280,   80,   28,10169,   68
  240,20250103,    7,  280,   90,   33,10167,   63
  240,20250103,    8,  280,   70,   33,10171,   67
  240,20250103,    9,  280,   90,   37,10174,   70
  240,20250103,   10,  270,   90,   40,10172,   74
  240,20250103,   11,  280,   90,   49,10170,   73
  240,20250103,   12,  310,   70,   40,10171,   85
  240,20250103,   13,  290,   70,   35,10169,   87
  240,20250103,   14,  320,   60,   43,10172,   86
  240,20250103,   15,  310,   50,   34,10177,   85
  240,20250103,   16,  300,   20,   33,10181,   88
  240,20250103,   17,  300,   40,   26,10186,   85
  240,20250103,   18,  270,   20,   24,10191,   89
  240,20250103,   19,  300,   20,   26,10197,   90
  240,20250103,   20,  260,   20,   23,10199,   89
  240,20250103,   21,  360,   20,   20,10205,   87
  240,20250103,   22,  170,   10,   -1,10206,   95
  240,20250103,   23,  220,   20,   11,10210,   90
  240,20250103,   24,  170,   20,    3,10209,   93
  240,20250104,    1,  190,   30,    8,10210,   96
  240,20250104,    2,  190,   30,   13,10207,   97
  240,20250104,    3,  210,   30,   16,10204,   94
  240,20250104,    4,  230,   40,   21,10201,   92
  240,20250104,    5,  200,   40,   18,10199,   94
  240,20250104,    6,  200,   40,   19,10196,   95
  240,20250104,    7,  190,   20,   21,10194,   93
  240,20250104,    8,  180,   40,   22,10188,   91
  240,20250104,    9,  200,   40,   24,10187,   94
  240,20250104,   10,  200,   40,   32,10185,   90
  240,20250104,   11,  200,   50,   36,10179,   91
  240,20250104,   12,  210,   60,   40,10172,   90
  240,20250104,   13,  210,   50,   40,10166,   89
  240,20250104,   14,  190,   40,   42,10159,   89
  240,20250104,   15,  210,   40,   39,10154,   88
  240,20250104,   16,  200,   40,   32,10150,   90
  240,20250104,   17,  170,   30,   29,10144,   92
  240,20250104,   18,  180,   40,   27,10139,   91
  240,20250104,   19,  170,   40,   22,10135,   93
  240,20250104,   20,  160,   40,   15,10129,   94
  240,20250104,   21,  140,   30,   11,10119,   93
  240,20250104,   22,  140,   40,    8,10108,   93
  240,20250104,   23,  140,   40,   11,10098,   91
  240,20250104,   24,  110,   30,   12,10083,   90
  240,20250105,    1,  110,   40,   15,10069,   87
  240,20250105,    2,  120,   40,   14,10057,   84
  240,20250105,    3,  110,   50,   13,10039,   85
  240,20250105,    4,  120,   50,    5,10030,   92
  240,20250105,    5,  110,   60,    0,10014,   97
  240,20250105,    6,  100,   60,    0, 9997,   97
  240,20250105,    7,  110,   70,    0, 9982,   99
  240,20250105,    8,  120,   70,    5, 9966,   96
  240,20250105,    9,  130,   70,    6, 9950,   97
  240,20250105,   10,  130,   80,    8, 9935,   95
  240,20250105,   11,  140,   70,   10, 9919,   96
  240,20250105,   12,  150,   50,   14, 9906,   97
  240,20250105,   13,  180,   70,   37, 9893,   99
  240,20250105,   14,  190,   50,   59, 9882,   99
  240,20250105,   15,  220,  100,  109, 9879,   95
  240,20250105,   16,  230,  110,  115, 9878,   93
  240,20250105,   17,  220,   90,  116, 9876,   94
  240,20250105,   18,  210,  110,  115, 9872,   94
  240,20250105,   19,  210,   90,  111, 9871,   96
  240,20250105,   20,  210,  100,  112, 9869,   95
  240,20250105,   21,  210,  100,  112, 9866,   94
  240,20250105,   22,  200,   90,  111, 9864,   91
  240,20250105,   23,  200,  100,  106, 9859,   94
  240,20250105,   24,  200,  100,  108, 9853,   90
  240,20250106,    1,  200,  100,  109, 9847,   88
  240,20250106,    2,  190,  110,  109, 9841,   88
  240,20250106,    3,  200,  110,  111, 9834,   85
  240,20250106,    4,  190,  110,  109, 9827,   85
  240,20250106,    5,  180,  100,  109, 9817,   86
  240,20250106,    6,  180,   80,  107, 9812,   86
  240,20250106,    7,  180,  100,  109, 9801,   82
  240,20250106,    8,  180,   90,  106, 9798,   82
  240,20250106,    9,  180,   80,  113, 9791,   78
  240,20250106,   10,  180,  120,  116, 9787,   78
  240,20250106,   11,  180,  110,  121, 9771,   77
  240,20250106,   12,  190,  140,  113, 9759,   83
  240,20250106,   13,  210,  170,  106, 9756,   82
  240,20250106,   14,  240,  170,   65, 9781,   82
  240,20250106,   15,  250,  150,   54, 9810,   87
  240,20250106,   16,  250,  140,   58, 9835,   85
  240,20250106,   17,  250,  120,   55, 9856,   81
  240,20250106,   18,  240,  130,   54, 9873,   77
  240,20250106,   19,  250,  110,   58, 9888,   73
  240,20250106,   20,  240,   90,   58, 9897,   72
  240,20250106,   21,  240,   90,   61, 9906,   74
  240,20250106,   22,  230,   80,   56, 9911,   77
  240,20250106,   23,  210,   80,   47, 9916,   85
  240,20250106,   24,  220,   70,   48, 9921,   87
  240,20250107,    1,  220,   70,   45, 9924,   89
  240,20250107,    2,  220,   90,   45, 9928,   88
  240,20250107,    3,  220,   70,   41, 9930,   89
  240,20250107,    4,  210,   70,   36, 9934,   91
  240,20250107,    5,  220,   70,   37, 9940,   92
  240,20250107,    6,  220,   60,   39, 9944,   91
  240,20250107,    7,  210,   40,   35, 9949,   92
  240,20250107,    8,  210,   70,   37, 9958,   91
  240,20250107,    9,  220,   50,   41, 9961,   84
  240,20250107,   10,  210,   60,   33, 9968,   90
  240,20250107,   11,  220,   60,   52, 9969,   83
  240,20250107,   12,  230,   80,   55, 9969,   68
  240,20250107,   13,  230,  100,   58, 9969,   64
  240,20250107,   14,  220,  110,   46, 9971,   77
  240,20250107,   15,  210,  100,   42, 9972,   80
  240,20250107,   16,  220,   80,   37, 9973,   88
  240,20250107,   17,  220,   80,   32, 9980,   90
  240,20250107,   18,  220,   70,   33, 9981,   91
  240,20250107,   19,  220,   60,   37, 9980,   81
  240,20250107,   20,  270,   70,   31, 9984,   91
  240,20250107,   21,  260,   70,   42, 9984,   79
  240,20250107,   22,  260,   70,   45, 9990,   76
  240,20250107,   23,  260,   80,   43, 9993,   74
  240,20250107,   24,  260,   70,   46, 9995,   72
  240,20250108,    1,  280,   90,   26, 9996,   85
  240,20250108,    2,  270,   80,   33, 9998,   80
  240,20250108,    3,  270,   60,   32,10003,   78
  240,20250108,    4,  270,   70,   37,10008,   76
  240,20250108,    5,  260,   60,   36,10009,   75
  240,20250108,    6,  250,   60,   34,10013,   76
  240,20250108,    7,  250,   50,   32,10018,   79
  240,20250108,    8,  260,   50,   33,10027,   75
  240,20250108,    9,  260,   40,   43,10029,   73
  240,20250108,   10,  260,   60,   54,10030,   73
  240,20250108,   11,  270,   70,   50,10031,   72
  240,20250108,   12,  250,   50,   52,10029,   71
  240,20250108,   13,  250,   40,   49,10023,   74
  240,20250108,   14,  260,   30,   47,10020,   76
  240,20250108,   15,  270,   20,   39,10017,   78
  240,20250108,   16,  160,   20,   29,10018,   90
  240,20250108,   17,  110,   20,   23,10011,   92
  240,20250108,   18,  120,   30,   25,10007,   92
  240,20250108,   19,  120,   20,   24,10002,   93
  240,20250108,   20,   60,   20,   19, 9998,   94
  240,20250108,   21,  100,   20,   21, 9991,   93
  240,20250108,   22,   40,   10,   22, 9989,   91
  240,20250108,   23,  130,   20,   28, 9985,   88
  240,20250108,   24,  190,   20,   20, 9992,   91
  240,20250109,    1,  240,   10,   17, 9996,   90
  240,20250109,    2,  320,   20,    5, 9993,   94
  240,20250109,    3,   60,   10,   -9, 9987,   96
  240,20250109,    4,    0,    0,  -11, 9991,   99
  240,20250109,    5,  340,   10,   -3, 9993,   97
  240,20250109,    6,    0,    0,    0, 9995,   96
  240,20250109,    7,  190,   10,   -1,10001,   96
  240,20250109,    8,    0,    0,    5,10005,   94
  240,20250109,    9,  310,   30,    8,10008,   92
  240,20250109,   10,  310,   30,    9,10015,   91
  240,20250109,   11,  330,   60,   42,10022,   81
  240,20250109,   12,  330,   40,   59,10023,   73
  240,20250109,   13,  310,   70,   58,10029,   64
  240,20250109,   14,  300,   70,   53,10037,   65
  240,20250109,   15,  290,   70,   44,10049,   72
  240,20250109,   16,  290,  100,   29,10061,   85
  240,20250109,   17,  280,   40,   22,10069,   85
  240,20250109,   18,  270,   50,   21,10078,   83
  240,20250109,   19,  300,   70,   30,10088,   83
  240,20250109,   20,  280,   80,   34,10097,   75
  240,20250109,   21,  260,   80,   35,10104,   75
  240,20250109,   22,  280,   80,   34,10109,   87
  240,20250109,   23,  240,   70,   34,10110,   89
  240,20250109,   24,  310,   30,   29,10121,   90
  240,20250110,    1,  290,   60,   34,10129,   89
  240,20250110,    2,  340,   20,   29,10135,   88
  240,20250110,    3,  290,   50,   35,10140,   75
  240,20250110,    4,  300,   60,   38,10145,   72
  240,20250110,    5,  280,   50,   28,10151,   75
  240,20250110,    6,  270,   40,   17,10152,   78
  240,20250110,    7,  280,   40,   17,10157,   77
  240,20250110,    8,  270,   50,   18,10164,   78
  240,20250110,    9,  270,   50,   25,10169,   77
  240,20250110,   10,  270,   60,   42,10172,   72
  240,20250110,   11,  250,   60,   55,10175,   68
  240,20250110,   12,  260,   70,   50,10174,   72
  240,20250110,   13,  270,   70,   53,10173,   66
  240,20250110,   14,  260,   60,   51,10175,   78
  240,20250110,   15,  270,   30,   38,10182,   89
  240,20250110,   16,   20,   10,   35,10184,   92
  240,20250110,   17,  990,   10,   35,10187,   90
  240,20250110,   18,  140,   10,   23,10191,   95
  240,20250110,   19,  190,   10,    9,10198,   99
  240,20250110,   20,  190,   10,   17,10202,   98
  240,20250110,   21,  270,   10,    3,10206,   97
  240,20250110,   22,  340,   10,   -2,10212,   99
  240,20250110,   23,  330,   10,  -16,10216,   96
  240,20250110,   24,  340,   10,  -26,10221,   98
  240,20250111,    1,  330,   10,  -27,10223,   99
  240,20250111,    2,  330,   10,  -34,10228,   98
  240,20250111,    3,    0,    0,  -26,10232,   99
  240,20250111,    4,  330,   10,  -37,10238,   99
  240,20250111,    5,  320,   10,  -30,10241,   99
  240,20250111,    6,  330,   10,  -22,10246,   98
  240,20250111,    7,  290,   20,  -34,10253,   98
  240,20250111,    8,  300,   10,  -28,10259,   97
  240,20250111,    9,  280,   10,   -9,10263,   99
  240,20250111,   10,  260,   10,   14,10270,   91
  240,20250111,   11,  270,   40,   43,10272,   81
  240,20250111,   12,  290,   30,   61,10273,   75
  240,20250111,   13,  280,   40,   57,10274,   77
  240,20250111,   14,  310,   50,   52,10277,   80
  240,20250111,   15,  290,   40,   47,10283,   80
  240,20250111,   16,  320,   30,   27,10289,   86
  240,20250111,   17,  310,   30,   20,10296,   89
  240,20250111,   18,  330,   30,   31,10303,   88
  240,20250111,   19,  330,   20,   12,10310,   91
  240,20250111,   20,  340,   20,   14,10318,   83
  240,20250111,   21,  340,   20,   17,10324,   81
  240,20250111,   22,  330,   20,   14,10331,   80
  240,20250111,   23,  330,   20,   11,10336,   84
  240,20250111,   24,  320,   20,   12,10338,   86
  240,20250112,    1,  330,   20,   17,10342,   85
  240,20250112,    2,  300,   10,   12,10347,   88
  240,20250112,    3,  300,   20,   13,10355,   87
  240,20250112,    4,   30,   10,   20,10357,   86
  240,20250112,    5,  340,   20,   18,10363,   91
  240,20250112,    6,    0,    0,    2,10367,   98
  240,20250112,    7,  290,   20,    5,10374,   97
  240,20250112,    8,   70,   10,    5,10385,   95
  240,20250112,    9,  270,   10,   13,10389,   99
  240,20250112,   10,  340,   20,   40,10394,   77
  240,20250112,   11,  270,   40,   52,10396,   81
  240,20250112,   12,  300,   20,   56,10399,   75
  240,20250112,   13,  360,   10,   64,10396,   70
  240,20250112,   14,  360,   20,   59,10395,   72
  240,20250112,   15,  360,   20,   54,10400,   77
  240,20250112,   16,  310,   20,   32,10402,   85
  240,20250112,   17,  330,   10,   27,10406,   88
  240,20250112,   18,  300,   20,   29,10412,   87
  240,20250112,   19,   40,   10,   38,10420,   83
  240,20250112,   20,  990,   10,   28,10422,   85
  240,20250112,   21,   60,   10,   36,10424,   82
  240,20250112,   22,    0,    0,   22,10425,   89
  240,20250112,   23,  110,   10,   21,10428,   93
  240,20250112,   24,  150,   30,   24,10421,   89
  240,20250113,    1,  180,   10,    9,10418,   92
  240,20250113,    2,  220,   10,    4,10420,   93
  240,20250113,    3,  220,   10,   -7,10421,   94
  240,20250113,    4,  250,   10,  -10,10420,   97
  240,20250113,    5,  150,   20,  -13,10417,   96
  240,20250113,    6,  200,   10,  -25,10417,   97
  240,20250113,    7,  160,   20,  -15,10416,   99
  240,20250113,    8,  170,   20,   -6,10421,   97
  240,20250113,    9,  170,   20,   -2,10422,   93
  240,20250113,   10,  170,   20,   20,10425,   88
  240,20250113,   11,  180,   30,   33,10419,   83
  240,20250113,   12,  200,   50,   45,10414,   77
  240,20250113,   13,  200,   50,   48,10407,   72
  240,20250113,   14,  210,   60,   44,10406,   67
  240,20250113,   15,  210,   40,   35,10403,   71
  240,20250113,   16,  210,   40,   20,10401,   76
  240,20250113,   17,  220,   30,   -1,10394,   84
  240,20250113,   18,  180,   40,    0,10387,   84
  240,20250113,   19,  180,   40,   -2,10381,   84
  240,20250113,   20,  210,   40,    1,10382,   83
  240,20250113,   21,  210,   40,   -1,10381,   85
  240,20250113,   22,  190,   50,   -1,10375,   86
  240,20250113,   23,  180,   40,   -4,10366,   84
  240,20250113,   24,  190,   40,   -8,10365,   86
  240,20250114,    1,  180,   40,   -4,10364,   86
  240,20250114,    2,  190,   50,    4,10363,   85
  240,20250114,    3,  190,   50,    6,10359,   84
  240,20250114,    4,  200,   50,   11,10351,   84
  240,20250114,    5,  200,   50,   10,10343,   86
  240,20250114,    6,  200,   50,   14,10342,   86
  240,20250114,    7,  200,   60,   18,10338,   86
  240,20250114,    8,  200,   50,   16,10339,   88
  240,20250114,    9,  220,   50,   28,10345,   88
  240,20250114,   10,  210,   60,   31,10342,   89
  240,20250114,   11,  220,   50,   41,10338,   88
  240,20250114,   12,  210,   60,   53,10328,   87
  240,20250114,   13,  250,   80,   65,10327,   87
  240,20250114,   14,  240,   60,   61,10324,   95
  240,20250114,   15,  240,   50,   64,10321,   97
  240,20250114,   16,  250,   50,   66,10322,   98
  240,20250114,   17,  250,   30,   67,10322,   98
  240,20250114,   18,  260,   30,   67,10326,   99
  240,20250114,   19,  270,   30,   68,10329,   99
  240,20250114,   20,  270,   30,   70,10325,   99
  240,20250114,   21,  290,   30,   73,10323,   99
  240,20250114,   22,  290,   30,   73,10322,   99
  240,20250114,   23,  300,   20,   76,10325,   99
  240,20250114,   24,  260,   20,   73,10326,   98
  240,20250115,    1,  270,   20,   70,10323,   99
  240,20250115,    2,  270,   20,   53,10326,   99
  240,20250115,    3,  310,   20,   65,10324,   99
  240,20250115,    4,  300,   20,   64,10325,   99
  240,20250115,    5,  310,   20,   66,10324,   99
  240,20250115,    6,  300,   10,   60,10328,   99
  240,20250115,    7,  300,   20,   57,10328,   99
  240,20250115,    8,  260,   20,   60,10330,   99
  240,20250115,    9,  170,   10,   66,10337,   99
  240,20250115,   10,  270,   20,   78,10340,   99
  240,20250115,   11,  290,   20,   78,10343,   99
  240,20250115,   12,  290,   30,   81,10339,  100
  240,20250115,   13,  290,   30,   82,10337,   98
  240,20250115,   14,  290,   30,   81,10338,   97
  240,20250115,   15,  310,   30,   72,10340,   99
  240,20250115,   16,  310,   20,   71,10339,   99
  240,20250115,   17,  270,   10,   70,10344,  100
  240,20250115,   18,  330,   10,   71,10346,   98
  240,20250115,   19,  330,   10,   71,10351,   97
  240,20250115,   20,    0,    0,   74,10351,   93
  240,20250115,   21,  270,   20,   68,10353,   97
  240,20250115,   22,  180,   20,   67,10353,   97
  240,20250115,   23,  300,   10,   65,10353,   99
  240,20250115,   24,  180,   10,   64,10350,   99
  240,20250116,    1,  220,   10,   64,10350,   98
  240,20250116,    2,  180,   10,   64,10350,   98
  240,20250116,    3,  140,   20,   65,10350,   99
  240,20250116,    4,  150,   20,   64,10354,   99
  240,20250116,    5,  170,   30,   63,10355,   99
  240,20250116,    6,  170,   30,   62,10357,   99
  240,20250116,    7,  180,   30,   59,10361,   99
  240,20250116,    8,  170,   30,   58,10361,   98
  240,20250116,    9,  170,   40,   57,10366,   98
  240,20250116,   10,  160,   30,   57,10366,   97
  240,20250116,   11,  160,   50,   53,10367,   98
  240,20250116,   12,  170,   40,   47,10363,   98
  240,20250116,   13,  160,   40,   33,10361,   98
  240,20250116,   14,  160,   40,   24,10361,   99
  240,20250116,   15,  150,   30,   25,10362,  100
  240,20250116,   16,  170,   30,   23,10366,   99
  240,20250116,   17,  140,   30,   21,10369,   99
  240,20250116,   18,  130,   30,   21,10374,  100
  240,20250116,   19,  140,   30,   20,10376,   99
  240,20250116,   20,  150,   40,   18,10375,   99
  240,20250116,   21,  160,   40,   17,10377,   99
  240,20250116,   22,  160,   40,   15,10376,   99
  240,20250116,   23,  180,   40,   16,10377,  100
  240,20250116,   24,  160,   50,   12,10375,   99
  240,20250117,    1,  160,   50,   13,10372,   99
  240,20250117,    2,  180,   40,   14,10370,   99
  240,20250117,    3,  200,   30,   13,10369,   99
  240,20250117,    4,  220,   30,   10,10368,   99
  240,20250117,    5,  200,   20,    8,10368,   99
  240,20250117,    6,  180,   20,    6,10372,   99
  240,20250117,    7,  190,   20,    5,10375,   99
  240,20250117,    8,  170,   20,    1,10379,   99
  240,20250117,    9,  240,   30,   -1,10385,   99
  240,20250117,   10,  990,   10,    4,10388,   99
  240,20250117,   11,  190,   30,    7,10382,   98
  240,20250117,   12,  210,   30,   11,10376,   98
  240,20250117,   13,  220,   30,   10,10371,   98
  240,20250117,   14,  170,   20,   11,10368,   99
  240,20250117,   15,  200,   30,    9,10365,   99
  240,20250117,   16,  190,   20,    9,10366,   99
  240,20250117,   17,  170,   20,    4,10368,   99
  240,20250117,   18,  170,   20,    4,10373,   99
  240,20250117,   19,  110,   10,    3,10371,   99
  240,20250117,   20,  140,   20,    3,10366,   99
  240,20250117,   21,  990,   10,   -1,10367,   99
  240,20250117,   22,  140,   20,    0,10367,   99
  240,20250117,   23,  120,   20,   -4,10363,   99
  240,20250117,   24,  110,   20,   -7,10359,   99
  240,20250118,    1,  140,   20,   -9,10352,   98
  240,20250118,    2,  140,   20,  -13,10346,   99
  240,20250118,    3,  190,   10,  -13,10344,  100
  240,20250118,    4,  990,   10,  -13,10339,   99
  240,20250118,    5,   70,   20,  -14,10338,   98
  240,20250118,    6,   60,   20,  -12,10336,   99
  240,20250118,    7,  100,   30,  -15,10335,   99
  240,20250118,    8,  100,   20,  -19,10331,   99
  240,20250118,    9,  120,   30,  -18,10328,   98
  240,20250118,   10,   80,   30,  -17,10326,   98
  240,20250118,   11,  110,   30,  -15,10321,   98
  240,20250118,   12,   80,   20,  -10,10312,   99
  240,20250118,   13,  110,   30,   -6,10308,   98
  240,20250118,   14,  130,   20,   -7,10305,   99
  240,20250118,   15,  120,   30,   -9,10301,   97
  240,20250118,   16,   90,   20,   -9,10297,   99
  240,20250118,   17,  110,   30,   -8,10297,   98
  240,20250118,   18,  130,   30,   -8,10293,   98
  240,20250118,   19,  160,   30,   -7,10291,   98
  240,20250118,   20,  170,   40,   -7,10286,   98
  240,20250118,   21,  150,   40,   -6,10284,   98
  240,20250118,   22,  160,   40,   -3,10278,   98
  240,20250118,   23,  160,   40,   -1,10277,   98
  240,20250118,   24,  170,   20,    0,10271,   98
  240,20250119,    1,  160,   20,    0,10265,   96
  240,20250119,    2,  140,   20,    0,10261,   96
  240,20250119,    3,  150,   20,   -1,10256,   97
  240,20250119,    4,  120,   20,   -4,10250,   96
  240,20250119,    5,  130,   20,   -5,10246,   97
  240,20250119,    6,  140,   20,   -7,10243,   97
  240,20250119,    7,  130,   20,   -8,10241,   98
  240,20250119,    8,  190,   20,   -7,10241,   98
  240,20250119,    9,  150,   20,   -6,10241,   98
  240,20250119,   10,  170,   20,   -5,10240,   98
  240,20250119,   11,  170,   20,   -7,10236,   97
  240,20250119,   12,  190,   10,   -6,10229,   97
  240,20250119,   13,  220,   20,   -6,10224,   96
  240,20250119,   14,  180,   20,   -6,10223,   95
  240,20250119,   15,  130,   10,   -7,10219,   94
  240,20250119,   16,   50,   10,   -9,10216,   93
  240,20250119,   17,  120,   10,   -9,10215,   95
  240,20250119,   18,  320,   20,  -10,10216,   95
  240,20250119,   19,    0,    0,  -11,10218,   94
  240,20250119,   20,  260,   20,  -10,10220,   93
  240,20250119,   21,  110,   10,  -10,10219,   94
  240,20250119,   22,  120,   10,   -8,10215,   93
  240,20250119,   23,  110,   20,   -7,10211,   93
  240,20250119,   24,  160,   40,   -8,10209,   95
  240,20250120,    1,  160,   30,   -8,10203,   96
  240,20250120,    2,  170,   30,   -7,10206,   97
  240,20250120,    3,  150,   20,   -6,10202,   99
  240,20250120,    4,  170,   30,   -5,10199,   98
  240,20250120,    5,  180,   30,   -6,10197,   97
  240,20250120,    6,  180,   20,   -2,10196,   97
  240,20250120,    7,  160,   40,   -1,10195,   96
  240,20250120,    8,  170,   30,    1,10194,   96
  240,20250120,    9,  200,   30,    4,10198,   94
  240,20250120,   10,  210,   40,   11,10200,   92
  240,20250120,   11,  200,   40,   12,10197,   92
  240,20250120,   12,  180,   40,   12,10195,   91
  240,20250120,   13,  180,   50,    9,10191,   93
  240,20250120,   14,  170,   40,    8,10187,   95
  240,20250120,   15,  180,   40,    8,10185,   96
  240,20250120,   16,  180,   50,    8,10185,   95
  240,20250120,   17,  170,   30,    8,10184,   96
  240,20250120,   18,  180,   40,    7,10183,   96
  240,20250120,   19,  170,   40,    6,10185,   95
  240,20250120,   20,  170,   50,    6,10185,   93
  240,20250120,   21,  180,   40,    6,10185,   93
  240,20250120,   22,  160,   40,    6,10184,   93
  240,20250120,   23,  180,   20,    7,10182,   93
  240,20250120,   24,  170,   30,    8,10179,   94
  240,20250121,    1,  170,   40,    7,10175,   93
  240,20250121,    2,  170,   50,    5,10172,   94
  240,20250121,    3,  170,   50,    5,10171,   95
  240,20250121,    4,  170,   60,    3,10164,   95
  240,20250121,    5,  170,   40,    2,10166,   96
  240,20250121,    6,  170,   40,    2,10167,   96
  240,20250121,    7,  180,   50,    1,10168,   96
  240,20250121,    8,  190,   40,    1,10170,   97
  240,20250121,    9,  200,   40,    1,10171,   98
  240,20250121,   10,  210,   40,    3,10173,   99
  240,20250121,   11,  200,   50,    3,10173,   99
  240,20250121,   12,  190,   40,    6,10165,   99
  240,20250121,   13,  180,   40,    8,10158,   99
  240,20250121,   14,  180,   40,    4,10155,   99
  240,20250121,   15,  170,   30,    1,10155,   99
  240,20250121,   16,  170,   40,   -3,10151,   99
  240,20250121,   17,  150,   40,   -4,10148,   99
  240,20250121,   18,  150,   30,   -2,10143,  100
  240,20250121,   19,  140,   30,   -2,10144,   99
  240,20250121,   20,  130,   40,   -3,10139,   99
  240,20250121,   21,  140,   50,   -3,10132,   99
  240,20250121,   22,  130,   30,   -4,10126,  100
  240,20250121,   23,  110,   20,   -5,10118,  100
  240,20250121,   24,  110,   30,   -7,10112,   99
  240,20250122,    1,  120,   20,  -10,10106,   99
  240,20250122,    2,  110,   30,   -9,10097,   98
  240,20250122,    3,  110,   30,   -7,10087,   97
  240,20250122,    4,  100,   30,   -5,10077,   97
  240,20250122,    5,  150,   10,   -2,10077,   96
  240,20250122,    6,  120,   20,    0,10068,   96
  240,20250122,    7,  110,   10,   -4,10062,   95
  240,20250122,    8,  140,   40,    1,10056,   95
  240,20250122,    9,  160,   40,   10,10055,   92
  240,20250122,   10,  160,   20,   20,10051,   91
  240,20250122,   11,  160,   30,   31,10046,   89
  240,20250122,   12,  160,   40,   31,10033,   90
  240,20250122,   13,  160,   30,   33,10026,   93
  240,20250122,   14,  160,   30,   33,10020,   95
  240,20250122,   15,  160,   30,   32,10016,   97
  240,20250122,   16,  180,   30,   34,10012,   98
  240,20250122,   17,  180,   20,   35,10009,   99
  240,20250122,   18,  170,   20,   36,10007,   99
  240,20250122,   19,  210,   20,   38,10004,   99
  240,20250122,   20,  230,   30,   40,10001,   99
  240,20250122,   21,  220,   30,   42, 9998,   97
  240,20250122,   22,  220,   20,   41, 9994,   99
  240,20250122,   23,  240,   20,   42, 9990,   98
  240,20250122,   24,  290,   30,   49, 9990,   96
  240,20250123,    1,  300,   30,   49, 9990,   93
  240,20250123,    2,  290,   30,   47, 9992,   91
  240,20250123,    3,  280,   40,   47, 9994,   91
  240,20250123,    4,  280,   40,   44,10002,   88
  240,20250123,    5,  260,   40,   39,10009,   92
  240,20250123,    6,  270,   40,   41,10016,   92
  240,20250123,    7,  270,   60,   54,10028,   90
  240,20250123,    8,  270,   70,   43,10040,   87
  240,20250123,    9,  250,   50,   52,10041,   85
  240,20250123,   10,  230,   50,   58,10047,   89
  240,20250123,   11,  230,   70,   68,10050,   87
  240,20250123,   12,  210,   70,   66,10050,   83
  240,20250123,   13,  210,   80,   62,10048,   83
  240,20250123,   14,  200,   80,   62,10044,   81
  240,20250123,   15,  190,   80,   59,10039,   83
  240,20250123,   16,  190,   80,   57,10032,   87
  240,20250123,   17,  180,   70,   54,10023,   86
  240,20250123,   18,  190,   90,   54,10021,   87
  240,20250123,   19,  190,   90,   54,10014,   90
  240,20250123,   20,  210,   70,   58,10014,   93
  240,20250123,   21,  210,   80,   64,10015,   90
  240,20250123,   22,  230,   60,   69,10020,   89
  240,20250123,   23,  230,   70,   70,10028,   84
  240,20250123,   24,  240,   80,   68,10035,   81
  240,20250124,    1,  220,   60,   63,10038,   84
  240,20250124,    2,  210,   60,   51,10040,   88
  240,20250124,    3,  180,   60,   49,10033,   91
  240,20250124,    4,  180,   70,   54,10026,   92
  240,20250124,    5,  170,   80,   57,10015,   91
  240,20250124,    6,  180,   80,   68,10001,   91
  240,20250124,    7,  170,   90,   72, 9992,   91
  240,20250124,    8,  170,  100,   75, 9979,   91
  240,20250124,    9,  190,  100,   76, 9974,   88
  240,20250124,   10,  190,  110,   71, 9975,   93
  240,20250124,   11,  190,  110,   75, 9970,   92
  240,20250124,   12,  200,  110,   79, 9969,   92
  240,20250124,   13,  210,  120,   84, 9967,   93
  240,20250124,   14,  210,  110,   92, 9969,   89
  240,20250124,   15,  210,  100,   92, 9975,   89
  240,20250124,   16,  210,   90,   91, 9983,   88
  240,20250124,   17,  210,   80,   87, 9994,   88
  240,20250124,   18,  220,   60,   85,10005,   85
  240,20250124,   19,  220,   60,   84,10012,   82
  240,20250124,   20,  210,   60,   83,10014,   87
  240,20250124,   21,  210,   50,   81,10015,   86
  240,20250124,   22,  200,   50,   75,10016,   88
  240,20250124,   23,  180,   30,   73,10017,   89
  240,20250124,   24,  170,   30,   69,10012,   91
  240,20250125,    1,  170,   30,   63,10008,   93
  240,20250125,    2,  180,   30,   63,10006,   92
  240,20250125,    3,  180,   30,   64,10004,   89
  240,20250125,    4,  170,   50,   61, 9999,   91
  240,20250125,    5,  180,   40,   58, 9998,   94
  240,20250125,    6,  170,   20,   55, 9999,   96
  240,20250125,    7,  180,   30,   57,10001,   96
  240,20250125,    8,  170,   30,   55,10008,   98
  240,20250125,    9,  200,   40,   60,10019,   94
  240,20250125,   10,  190,   40,   67,10029,   92
  240,20250125,   11,  230,   60,   71,10039,   90
  240,20250125,   12,  290,   50,   65,10052,   90
  240,20250125,   13,  260,   40,   74,10052,   82
  240,20250125,   14,  280,   50,   64,10059,   76
  240,20250125,   15,  270,   40,   54,10071,   78
  240,20250125,   16,  270,   20,   46,10070,   79
  240,20250125,   17,  990,   10,   33,10077,   85
  240,20250125,   18,    0,    0,   30,10077,   86
  240,20250125,   19,  130,   10,   28,10081,   90
  240,20250125,   20,  120,   10,   30,10083,   91
  240,20250125,   21,  120,   10,   27,10073,   92
  240,20250125,   22,  120,   10,   22,10077,   95
  240,20250125,   23,  350,   10,   20,10077,   94
  240,20250125,   24,    0,    0,   21,10073,   99
  240,20250126,    1,  200,   10,   17,10074,   96
  240,20250126,    2,  340,   10,   17,10072,   96
  240,20250126,    3,  990,   10,   22,10074,   94
  240,20250126,    4,  170,   20,   24,10074,   93
  240,20250126,    5,  180,   20,   24,10078,   93
  240,20250126,    6,  200,   20,   26,10076,   92
  240,20250126,    7,  180,   40,   32,10074,   88
  240,20250126,    8,  190,   50,   26,10075,   89
  240,20250126,    9,  190,   50,   31,10073,   86
  240,20250126,   10,  190,   60,   39,10077,   81
  240,20250126,   11,  180,   60,   48,10066,   79
  240,20250126,   12,  160,   70,   52,10053,   76
  240,20250126,   13,  160,   60,   54,10047,   74
  240,20250126,   14,  160,   90,   37,10047,   82
  240,20250126,   15,  160,   80,   33,10033,   83
  240,20250126,   16,  150,   70,   35,10014,   84
  240,20250126,   17,  140,   80,   35, 9994,   83
  240,20250126,   18,  130,   90,   38, 9966,   83
  240,20250126,   19,  140,   90,   40, 9952,   82
  240,20250126,   20,  150,  100,   40, 9940,   89
  240,20250126,   21,  150,  110,   44, 9929,   91
  240,20250126,   22,  170,   80,   54, 9919,   91
  240,20250126,   23,  170,   70,   61, 9916,   90
  240,20250126,   24,  160,   70,   67, 9900,   87
  240,20250127,    1,  140,   80,   70, 9883,   87
  240,20250127,    2,  150,   90,   77, 9862,   88
  240,20250127,    3,  130,   90,   75, 9833,   93
  240,20250127,    4,  160,  100,   80, 9825,   95
  240,20250127,    5,  200,  110,   95, 9829,   91
  240,20250127,    6,  220,  120,   98, 9841,   78
  240,20250127,    7,  220,  100,   91, 9850,   79
  240,20250127,    8,  210,   90,   89, 9863,   79
  240,20250127,    9,  210,  100,   90, 9872,   78
  240,20250127,   10,  210,  100,   99, 9877,   74
  240,20250127,   11,  210,   90,   97, 9882,   76
  240,20250127,   12,  210,   90,  103, 9884,   73
  240,20250127,   13,  210,  120,  105, 9882,   71
  240,20250127,   14,  200,  110,  104, 9877,   71
  240,20250127,   15,  210,   90,   98, 9879,   69
  240,20250127,   16,  200,   80,   86, 9884,   70
  240,20250127,   17,  190,   70,   83, 9885,   73
  240,20250127,   18,  180,   70,   79, 9892,   74
  240,20250127,   19,  170,   70,   76, 9893,   75
  240,20250127,   20,  170,   70,   74, 9893,   76
  240,20250127,   21,  180,   60,   69, 9896,   79
  240,20250127,   22,  180,   60,   69, 9898,   80
  240,20250127,   23,  180,   70,   67, 9900,   82
  240,20250127,   24,  180,   70,   69, 9900,   79
  240,20250128,    1,  170,   80,   64, 9894,   81
  240,20250128,    2,  160,   70,   60, 9893,   82
  240,20250128,    3,  170,   60,   59, 9885,   83
  240,20250128,    4,  160,   60,   54, 9881,   85
  240,20250128,    5,  160,   80,   65, 9885,   81
  240,20250128,    6,  170,   90,   66, 9887,   82
  240,20250128,    7,  180,   70,   67, 9889,   85
  240,20250128,    8,  170,   70,   66, 9891,   86
  240,20250128,    9,  170,   80,   74, 9891,   80
  240,20250128,   10,  180,   90,   82, 9891,   79
  240,20250128,   11,  170,   70,   83, 9891,   81
  240,20250128,   12,  190,  100,   86, 9886,   77
  240,20250128,   13,  190,   80,   88, 9885,   77
  240,20250128,   14,  170,   70,   88, 9883,   78
  240,20250128,   15,  170,   80,   88, 9884,   78
  240,20250128,   16,  150,   70,   77, 9883,   90
  240,20250128,   17,  160,   80,   78, 9884,   91
  240,20250128,   18,  170,   80,   79, 9885,   93
  240,20250128,   19,  170,   80,   79, 9885,   93
  240,20250128,   20,  170,   80,   78, 9886,   94
  240,20250128,   21,  180,   70,   81, 9887,   92
  240,20250128,   22,  180,   70,   76, 9889,   96
  240,20250128,   23,  190,   70,   78, 9892,   94
  240,20250128,   24,  230,   70,   74, 9897,   90
  240,20250129,    1,  260,   90,   76, 9906,   94
  240,20250129,    2,  270,  100,   73, 9921,   96
  240,20250129,    3,  270,  110,   71, 9934,   92
  240,20250129,    4,  270,  110,   67, 9950,   91
  240,20250129,    5,  260,   80,   70, 9962,   86
  240,20250129,    6,  260,   80,   71, 9974,   85
  240,20250129,    7,  250,   80,   70, 9985,   84
  240,20250129,    8,  250,   70,   73, 9997,   84
  240,20250129,    9,  250,   80,   76,10005,   84
  240,20250129,   10,  250,   70,   77,10013,   85
  240,20250129,   11,  250,   80,   80,10021,   82
  240,20250129,   12,  240,   80,   78,10028,   86
  240,20250129,   13,  240,   80,   81,10032,   83
  240,20250129,   14,  240,   80,   85,10035,   80
  240,20250129,   15,  240,   60,   80,10040,   82
  240,20250129,   16,  240,   60,   78,10045,   79
  240,20250129,   17,  240,   40,   72,10054,   83
  240,20250129,   18,  230,   40,   59,10059,   89
  240,20250129,   19,  240,   40,   64,10063,   89
  240,20250129,   20,  250,   40,   67,10070,   91
  240,20250129,   21,  230,   30,   66,10074,   93
  240,20250129,   22,    0,    0,   56,10078,   97
  240,20250129,   23,    0,    0,   55,10083,   97
  240,20250129,   24,    0,    0,   53,10089,   98
  240,20250130,    1,    0,    0,   50,10092,   98
  240,20250130,    2,    0,    0,   47,10098,  100
  240,20250130,    3,  330,   20,   45,10102,   99
  240,20250130,    4,  350,   20,   44,10110,   97
  240,20250130,    5,   10,   10,   52,10117,   98
  240,20250130,    6,  300,   20,   44,10121,   98
  240,20250130,    7,  340,   20,   47,10126,   97
  240,20250130,    8,  340,   20,   56,10138,   93
  240,20250130,    9,  340,   20,   62,10149,   90
  240,20250130,   10,  350,   30,   66,10152,   85
  240,20250130,   11,  340,   40,   71,10159,   82
  240,20250130,   12,  330,   40,   71,10165,   76
  240,20250130,   13,  330,   50,   71,10170,   76
  240,20250130,   14,  330,   60,   71,10175,   72
  240,20250130,   15,  330,   40,   71,10182,   71
  240,20250130,   16,  320,   50,   63,10191,   77
  240,20250130,   17,  300,   40,   44,10200,   83
  240,20250130,   18,  280,   30,   24,10208,   87
  240,20250130,   19,  280,   40,   33,10215,   84
  240,20250130,   20,  280,   50,   39,10219,   84
  240,20250130,   21,  280,   50,   35,10224,   84
  240,20250130,   22,  280,   40,   37,10227,   88
  240,20250130,   23,  260,   40,   38,10230,   85
  240,20250130,   24,  250,   30,   18,10235,   92
  240,20250131,    1,  250,   30,   26,10236,   90
  240,20250131,    2,  240,   30,    8,10239,   88
  240,20250131,    3,  210,   30,   -2,10241,   92
  240,20250131,    4,  220,   30,    0,10242,   92
  240,20250131,    5,  200,   40,   -7,10244,   94
  240,20250131,    6,  200,   40,    8,10247,   92
  240,20250131,    7,  180,   30,    3,10253,   95
  240,20250131,    8,  170,   30,    7,10258,   95
  240,20250131,    9,  160,   30,   16,10264,   93
  240,20250131,   10,  170,   30,   34,10268,   91
  240,20250131,   11,  170,   40,   38,10270,   89
  240,20250131,   12,  160,   30,   51,10271,   87
  240,20250131,   13,  190,   40,   65,10273,   81
  240,20250131,   14,  190,   30,   64,10275,   81
  240,20250131,   15,  180,   30,   49,10278,   87
  240,20250131,   16,  160,   20,   33,10280,   90
  240,20250131,   17,  140,   30,   23,10285,   93
  240,20250131,   18,  150,   20,   20,10297,   97
  240,20250131,   19,  110,   10,   19,10304,   98
  240,20250131,   20,  130,   10,   11,10309,   97
  240,20250131,   21,  130,   10,   11,10311,   99
  240,20250131,   22,  130,   10,   -8,10315,   99
  240,20250131,   23,  120,   10,    2,10317,  100
  240,20250131,   24,  150,   10,  -11,10320,   99
  240,20250201,    1,  150,   10,   -7,10321,  100
  240,20250201,    2,  150,   20,  -13,10319,  100
  240,20250201,    3,  150,   20,  -21,10318,   99
  240,20250201,    4,  140,   10,  -12,10321,   98
  240,20250201,    5,  160,   10,  -19,10326,   99
  240,20250201,    6,   70,   10,  -20,10327,   98
  240,20250201,    7,   80,   10,  -21,10329,   99
  240,20250201,    8,  160,   10,  -28,10328,   97
  240,20250201,    9,  110,   10,   -6,10331,   98
  240,20250201,   10,  150,   20,   19,10330,   94
  240,20250201,   11,  160,   30,   40,10327,   87
  240,20250201,   12,  160,   30,   57,10323,   79
  240,20250201,   13,  150,   30,   65,10315,   70
  240,20250201,   14,  140,   30,   64,10314,   65
  240,20250201,   15,  160,   30,   61,10311,   64
  240,20250201,   16,  140,   20,   44,10310,   67
  240,20250201,   17,  140,   20,   23,10308,   75
  240,20250201,   18,  130,   20,   16,10305,   75
  240,20250201,   19,  100,   20,    8,10303,   83
  240,20250201,   20,  110,   20,    1,10300,   82
  240,20250201,   21,  110,   30,   -7,10299,   83
  240,20250201,   22,  110,   30,   -6,10293,   84
  240,20250201,   23,  120,   30,    3,10284,   84
  240,20250201,   24,  110,   30,   -6,10279,   87
  240,20250202,    1,  130,   40,    4,10271,   86
  240,20250202,    2,  110,   10,  -17,10268,   92
  240,20250202,    3,  100,   20,  -22,10266,   91
  240,20250202,    4,  110,   20,  -30,10261,   91
  240,20250202,    5,  110,   30,  -34,10257,   91
  240,20250202,    6,  130,   30,  -21,10253,   91
  240,20250202,    7,  110,   30,  -31,10253,   91
  240,20250202,    8,  130,   30,  -15,10252,   89
  240,20250202,    9,  140,   30,   -2,10249,   86
  240,20250202,   10,  140,   30,    9,10249,   83
  240,20250202,   11,  150,   20,   23,10249,   79
  240,20250202,   12,  160,   20,   32,10248,   75
  240,20250202,   13,  140,   20,   42,10247,   72
  240,20250202,   14,  150,   20,   44,10244,   67
  240,20250202,   15,  160,   20,   43,10246,   69
  240,20250202,   16,  160,   20,   27,10247,   76
  240,20250202,   17,  140,   20,   17,10247,   79
  240,20250202,   18,  140,   20,    6,10252,   83
  240,20250202,   19,  150,   20,   -5,10256,   86
  240,20250202,   20,  150,   10,  -13,10261,   89
  240,20250202,   21,    0,    0,  -18,10266,   89
  240,20250202,   22,  140,   20,  -21,10264,   94
  240,20250202,   23,  170,   20,  -23,10264,   91
  240,20250202,   24,  170,   30,  -23,10262,   90
  240,20250203,    1,  170,   20,  -28,10260,   90
  240,20250203,    2,  160,   40,  -21,10254,   90
  240,20250203,    3,  170,   20,  -30,10257,   90
  240,20250203,    4,  160,   20,  -27,10257,   92
  240,20250203,    5,  150,   10,  -25,10267,   96
  240,20250203,    6,  150,   30,  -30,10266,   93
  240,20250203,    7,  130,   20,  -28,10266,   95
  240,20250203,    8,  200,   30,  -18,10270,   95
  240,20250203,    9,  170,   20,    1,10272,   96
  240,20250203,   10,  190,   40,   20,10269,   90
  240,20250203,   11,  170,   20,   37,10270,   84
  240,20250203,   12,  170,   30,   55,10266,   81
  240,20250203,   13,  170,   30,   63,10264,   80
  240,20250203,   14,  180,   20,   65,10264,   76
  240,20250203,   15,  160,   30,   59,10263,   78
  240,20250203,   16,  160,   40,   39,10261,   83
  240,20250203,   17,  170,   30,   24,10260,   87
  240,20250203,   18,  180,   30,   21,10263,   89
  240,20250203,   19,  210,   30,   24,10265,   91
  240,20250203,   20,  210,   30,   30,10267,   91
  240,20250203,   21,  160,   20,   13,10265,   93
  240,20250203,   22,  180,   30,   13,10262,   94
  240,20250203,   23,  180,   30,    7,10260,   94
  240,20250203,   24,  180,   30,   10,10261,   94
  240,20250204,    1,  190,   40,   19,10261,   92
  240,20250204,    2,  180,   40,   24,10258,   91
  240,20250204,    3,  180,   40,   24,10256,   92
  240,20250204,    4,  180,   40,   24,10254,   93
  240,20250204,    5,  190,   40,   24,10257,   94
  240,20250204,    6,  180,   50,   26,10257,   93
  240,20250204,    7,  180,   60,   24,10258,   93
  240,20250204,    8,  170,   50,   20,10261,   94
  240,20250204,    9,  180,   50,   23,10264,   93
  240,20250204,   10,  180,   60,   29,10264,   92
  240,20250204,   11,  190,   60,   34,10265,   91
  240,20250204,   12,  190,   70,   42,10260,   89
  240,20250204,   13,  180,   70,   49,10254,   88
  240,20250204,   14,  190,   60,   57,10253,   82
  240,20250204,   15,  190,   70,   53,10253,   81
  240,20250204,   16,  180,   70,   43,10251,   80
  240,20250204,   17,  190,   70,   39,10259,   83
  240,20250204,   18,  190,   70,   33,10263,   86
  240,20250204,   19,  180,   70,   25,10263,   89
  240,20250204,   20,  190,   60,   17,10268,   90
  240,20250204,   21,  200,   70,   22,10272,   85
  240,20250204,   22,  190,   60,   27,10276,   86
  240,20250204,   23,  200,   60,   29,10281,   88
  240,20250204,   24,  200,   60,   34,10287,   90
  240,20250205,    1,  210,   60,   42,10294,   91
  240,20250205,    2,  210,   60,   46,10300,   92
  240,20250205,    3,  210,   60,   45,10306,   94
  240,20250205,    4,  220,   50,   37,10314,   97
  240,20250205,    5,  220,   50,   34,10323,   98
  240,20250205,    6,  220,   50,   30,10331,   99
  240,20250205,    7,  230,   40,   32,10340,   98
  240,20250205,    8,  220,   40,   38,10350,   98
  240,20250205,    9,  230,   30,   57,10356,   93
  240,20250205,   10,  170,   30,   60,10365,   92
  240,20250205,   11,  180,   40,   72,10370,   89
  240,20250205,   12,  210,   30,   82,10371,   85
  240,20250205,   13,  260,   40,   90,10374,   72
  240,20250205,   14,  270,   50,   84,10380,   75
  240,20250205,   15,  270,   40,   79,10386,   78
  240,20250205,   16,  270,   30,   64,10393,   82
  240,20250205,   17,  280,   20,   52,10398,   86
  240,20250205,   18,  300,   20,   32,10407,   92
  240,20250205,   19,  210,   10,   30,10412,   96
  240,20250205,   20,    0,    0,   27,10415,   98
  240,20250205,   21,    0,    0,   31,10416,   98
  240,20250205,   22,    0,    0,   33,10419,   99
  240,20250205,   23,    0,    0,   10,10420,   99
  240,20250205,   24,  320,   10,    4,10422,   99
  240,20250206,    1,  320,   10,   -1,10423,   99
  240,20250206,    2,    0,    0,    5,10425,   98
  240,20250206,    3,  320,   10,    3,10424,   99
  240,20250206,    4,  320,   10,   11,10427,   98
  240,20250206,    5,   10,   20,   30,10429,   99
  240,20250206,    6,   40,   20,   30,10429,   97
  240,20250206,    7,   20,   30,   44,10432,   97
  240,20250206,    8,   30,   40,   45,10437,   97
  240,20250206,    9,   30,   40,   47,10441,   98
  240,20250206,   10,   40,   40,   53,10441,   90
  240,20250206,   11,   80,   40,   56,10438,   88
  240,20250206,   12,   70,   50,   66,10429,   82
  240,20250206,   13,   60,   50,   71,10423,   77
  240,20250206,   14,   50,   60,   73,10419,   77
  240,20250206,   15,   60,   60,   69,10415,   78
  240,20250206,   16,   50,   50,   68,10413,   74
  240,20250206,   17,   60,   30,   50,10410,   79
  240,20250206,   18,   40,   40,   46,10412,   82
  240,20250206,   19,   40,   60,   43,10410,   85
  240,20250206,   20,   50,   70,   40,10403,   89
  240,20250206,   21,   60,   60,   34,10398,   91
  240,20250206,   22,   60,   50,   29,10391,   92
  240,20250206,   23,   60,   50,   24,10383,   91
  240,20250206,   24,   50,   50,   24,10377,   93
  240,20250207,    1,   60,   70,   24,10370,   93
  240,20250207,    2,   70,   70,   28,10361,   86
  240,20250207,    3,   60,   70,   24,10358,   87
  240,20250207,    4,   70,   80,   27,10348,   84
  240,20250207,    5,   60,   80,   24,10341,   84
  240,20250207,    6,   70,   80,   23,10331,   81
  240,20250207,    7,   70,   90,   28,10324,   77
  240,20250207,    8,   80,   80,   28,10322,   75
  240,20250207,    9,   80,   90,   30,10317,   76
  240,20250207,   10,   80,   90,   37,10309,   73
  240,20250207,   11,   80,   90,   39,10302,   71
  240,20250207,   12,   80,   80,   43,10292,   69
  240,20250207,   13,   80,   70,   44,10280,   69
  240,20250207,   14,   80,   80,   43,10266,   69
  240,20250207,   15,   80,   90,   42,10256,   68
  240,20250207,   16,   80,   80,   40,10253,   69
  240,20250207,   17,   70,   80,   35,10246,   72
  240,20250207,   18,   70,   80,   34,10243,   72
  240,20250207,   19,   80,   80,   33,10238,   72
  240,20250207,   20,   80,   70,   31,10235,   72
  240,20250207,   21,   80,   70,   27,10231,   73
  240,20250207,   22,   80,   70,   24,10225,   76
  240,20250207,   23,   80,   70,   22,10224,   78
  240,20250207,   24,   80,   70,   22,10220,   78
  240,20250208,    1,   90,   70,   20,10215,   80
  240,20250208,    2,  100,   60,   21,10211,   79
  240,20250208,    3,  100,   70,   22,10203,   79
  240,20250208,    4,  100,   60,   25,10202,   78
  240,20250208,    5,  100,   50,   25,10198,   78
  240,20250208,    6,   90,   60,   26,10196,   78
  240,20250208,    7,  100,   60,   25,10198,   78
  240,20250208,    8,  100,   50,   28,10203,   77
  240,20250208,    9,  110,   40,   32,10204,   77
  240,20250208,   10,  110,   50,   38,10206,   76
  240,20250208,   11,  110,   50,   41,10208,   77
  240,20250208,   12,  120,   50,   58,10208,   73
  240,20250208,   13,  130,   50,   68,10210,   71
  240,20250208,   14,  130,   30,   63,10214,   71
  240,20250208,   15,  130,   30,   69,10217,   68
  240,20250208,   16,  120,   30,   60,10223,   72
  240,20250208,   17,  100,   10,   49,10230,   76
  240,20250208,   18,   80,   20,   44,10231,   78
  240,20250208,   19,   70,   20,   53,10239,   76
  240,20250208,   20,   60,   30,   48,10237,   78
  240,20250208,   21,   90,   10,   42,10245,   79
  240,20250208,   22,   30,   20,   26,10248,   80
  240,20250208,   23,   60,   20,   23,10253,   85
  240,20250208,   24,   30,   10,   33,10259,   84
  240,20250209,    1,   50,   20,   37,10257,   85
  240,20250209,    2,   50,   30,   36,10257,   84
  240,20250209,    3,   60,   40,   37,10256,   82
  240,20250209,    4,   70,   30,   33,10261,   84
  240,20250209,    5,   70,   20,   24,10265,   86
  240,20250209,    6,   80,   30,   35,10269,   83
  240,20250209,    7,   70,   30,   34,10275,   84
  240,20250209,    8,   70,   30,   34,10282,   85
  240,20250209,    9,   60,   30,   39,10288,   83
  240,20250209,   10,   70,   20,   40,10291,   81
  240,20250209,   11,   60,   30,   45,10296,   79
  240,20250209,   12,   60,   40,   44,10295,   78
  240,20250209,   13,   50,   40,   44,10293,   80
  240,20250209,   14,   50,   50,   48,10294,   77
  240,20250209,   15,   50,   50,   52,10295,   75
  240,20250209,   16,   60,   50,   51,10295,   74
  240,20250209,   17,   60,   50,   50,10298,   73
  240,20250209,   18,   70,   50,   46,10303,   75
  240,20250209,   19,   60,   50,   40,10304,   79
  240,20250209,   20,   70,   50,   37,10304,   80
  240,20250209,   21,   70,   60,   35,10305,   79
  240,20250209,   22,   60,   60,   32,10304,   81
  240,20250209,   23,   70,   70,   31,10301,   79
  240,20250209,   24,   70,   70,   24,10302,   80
  240,20250210,    1,   70,   80,   23,10299,   81
  240,20250210,    2,   70,   80,   18,10295,   81
  240,20250210,    3,   70,   70,   17,10292,   82
  240,20250210,    4,   70,   90,   18,10289,   81
  240,20250210,    5,   70,   90,   18,10283,   80
  240,20250210,    6,   70,   80,   17,10279,   81
  240,20250210,    7,   70,   80,   15,10278,   82
  240,20250210,    8,   70,   70,   17,10276,   83
  240,20250210,    9,   70,   80,   23,10272,   80
  240,20250210,   10,   80,   80,   27,10270,   77
  240,20250210,   11,   80,   70,   26,10264,   75
  240,20250210,   12,   70,   90,   26,10254,   76
  240,20250210,   13,   70,   80,   29,10243,   76
  240,20250210,   14,   70,   70,   29,10236,   77
  240,20250210,   15,   80,   80,   23,10230,   85
  240,20250210,   16,   80,   80,   19,10222,   89
  240,20250210,   17,   80,   70,   18,10220,   89
  240,20250210,   18,   80,   80,   22,10216,   85
  240,20250210,   19,   80,   70,   16,10210,   90
  240,20250210,   20,   80,   80,   16,10205,   90
  240,20250210,   21,   70,   70,   20,10199,   88
  240,20250210,   22,   70,   70,   22,10194,   85
  240,20250210,   23,   70,   80,   24,10186,   83
  240,20250210,   24,   70,   70,   21,10182,   86
  240,20250211,    1,   70,   70,    6,10176,   95
  240,20250211,    2,   70,   70,   10,10168,   94
  240,20250211,    3,   70,   60,   11,10164,   94
  240,20250211,    4,   90,   60,   18,10161,   93
  240,20250211,    5,   90,   70,   21,10159,   92
  240,20250211,    6,   70,   50,   24,10159,   94
  240,20250211,    7,   90,   50,   30,10162,   92
  240,20250211,    8,   90,   60,   32,10164,   93
  240,20250211,    9,  120,   60,   30,10167,   89
  240,20250211,   10,  150,   50,   24,10171,   92
  240,20250211,   11,  140,   50,   22,10177,   92
  240,20250211,   12,  140,   50,   24,10178,   94
  240,20250211,   13,  140,   60,   27,10176,   92
  240,20250211,   14,  140,   40,   30,10176,   91
  240,20250211,   15,  170,   40,   30,10176,   94
  240,20250211,   16,  160,   40,   29,10176,   93
  240,20250211,   17,  160,   40,   27,10179,   93
  240,20250211,   18,  160,   30,   27,10182,   95
  240,20250211,   19,  130,   30,   30,10184,   96
  240,20250211,   20,  140,   30,   36,10183,   96
  240,20250211,   21,  130,   30,   39,10183,   96
  240,20250211,   22,  140,   30,   40,10182,   97
  240,20250211,   23,  150,   40,   40,10183,   97
  240,20250211,   24,  140,   30,   39,10181,   97
  240,20250212,    1,  140,   20,   38,10181,   98
  240,20250212,    2,  130,   30,   37,10179,   97
  240,20250212,    3,  130,   30,   37,10177,   97
  240,20250212,    4,  140,   20,   36,10176,   97
  240,20250212,    5,  150,   30,   36,10174,   98
  240,20250212,    6,  140,   20,   35,10173,   99
  240,20250212,    7,  160,   20,   35,10173,   99
  240,20250212,    8,  160,   20,   36,10175,   99
  240,20250212,    9,  110,   10,   37,10177,   99
  240,20250212,   10,  170,   20,   41,10179,   98
  240,20250212,   11,  140,   10,   47,10180,   94
  240,20250212,   12,   50,   10,   55,10178,   88
  240,20250212,   13,  350,   10,   56,10173,   86
  240,20250212,   14,  360,   20,   49,10174,   91
  240,20250212,   15,   10,   20,   44,10175,   92
  240,20250212,   16,   10,   30,   40,10176,   92
  240,20250212,   17,   60,   30,   31,10177,   97
  240,20250212,   18,   30,   30,   27,10182,   96
  240,20250212,   19,   30,   20,   26,10183,   95
  240,20250212,   20,   20,   30,   25,10186,   94
  240,20250212,   21,   10,   30,   24,10188,   97
  240,20250212,   22,   30,   20,   21,10190,   96
  240,20250212,   23,   40,   30,   16,10189,   96
  240,20250212,   24,   40,   20,   19,10193,   95
  240,20250213,    1,   30,   50,   17,10194,   97
  240,20250213,    2,   40,   40,   11,10197,   96
  240,20250213,    3,   30,   50,   10,10196,   93
  240,20250213,    4,   40,   40,    5,10198,   92
  240,20250213,    5,   30,   50,    4,10203,   91
  240,20250213,    6,   30,   50,    1,10206,   88
  240,20250213,    7,   30,   60,   -6,10213,   86
  240,20250213,    8,   40,   50,   -5,10218,   83
  240,20250213,    9,   40,   50,    0,10223,   80
  240,20250213,   10,   20,   40,    7,10227,   81
  240,20250213,   11,   20,   50,   11,10228,   79
  240,20250213,   12,   20,   40,   21,10224,   74
  240,20250213,   13,   20,   50,   27,10224,   74
  240,20250213,   14,   40,   40,   27,10225,   73
  240,20250213,   15,   30,   40,   26,10227,   73
  240,20250213,   16,   20,   40,   21,10230,   73
  240,20250213,   17,   20,   40,   16,10234,   76
  240,20250213,   18,   20,   30,   14,10241,   77
  240,20250213,   19,   40,   40,   16,10246,   78
  240,20250213,   20,   30,   30,   14,10247,   81
  240,20250213,   21,   50,   30,    9,10252,   82
  240,20250213,   22,   50,   20,   -6,10255,   83
  240,20250213,   23,  350,   10,   -8,10255,   87
  240,20250213,   24,  350,   10,  -20,10259,   91
  240,20250214,    1,    0,    0,  -22,10261,   95
  240,20250214,    2,    0,    0,  -24,10263,   94
  240,20250214,    3,  290,   20,  -40,10262,   93
  240,20250214,    4,    0,    0,  -32,10265,   98
  240,20250214,    5,   40,   10,  -25,10270,   99
  240,20250214,    6,  330,   10,  -34,10272,   97
  240,20250214,    7,    0,    0,  -39,10276,   99
  240,20250214,    8,    0,    0,  -34,10279,   96
  240,20250214,    9,  120,   10,   16,10283,   88
  240,20250214,   10,  100,   20,   24,10286,   80
  240,20250214,   11,   80,   40,   33,10289,   73
  240,20250214,   12,   90,   30,   27,10288,   69
  240,20250214,   13,   70,   40,   34,10287,   65
  240,20250214,   14,   60,   40,   31,10284,   65
  240,20250214,   15,   90,   30,   27,10282,   67
  240,20250214,   16,   80,   30,   23,10281,   69
  240,20250214,   17,  100,   30,   17,10281,   70
  240,20250214,   18,   90,   30,   17,10285,   72
  240,20250214,   19,   80,   30,   14,10289,   72
  240,20250214,   20,  110,   30,   14,10288,   70
  240,20250214,   21,  160,   30,   12,10288,   74
  240,20250214,   22,  170,   20,   22,10286,   61
  240,20250214,   23,  140,   20,   10,10284,   79
  240,20250214,   24,  160,   20,    9,10279,   80
  240,20250215,    1,  120,   20,   10,10273,   78
  240,20250215,    2,  100,   10,    5,10268,   83
  240,20250215,    3,  120,   20,    6,10262,   81
  240,20250215,    4,  120,   20,    6,10257,   81
  240,20250215,    5,  990,   10,    5,10259,   82
  240,20250215,    6,  130,   20,    8,10256,   80
  240,20250215,    7,  130,   20,    9,10255,   79
  240,20250215,    8,  160,   40,   15,10253,   76
  240,20250215,    9,  170,   20,   25,10253,   74
  240,20250215,   10,  170,   20,   30,10249,   72
  240,20250215,   11,  150,   30,   34,10245,   62
  240,20250215,   12,  160,   30,   34,10238,   61
  240,20250215,   13,  130,   20,   36,10231,   60
  240,20250215,   14,   70,   30,   35,10226,   61
  240,20250215,   15,   70,   40,   29,10225,   64
  240,20250215,   16,   80,   30,   25,10223,   69
  240,20250215,   17,   80,   30,   21,10221,   73
  240,20250215,   18,   90,   30,   20,10222,   69
  240,20250215,   19,  110,   20,   20,10227,   71
  240,20250215,   20,  100,   30,   17,10226,   74
  240,20250215,   21,  110,   30,   12,10224,   75
  240,20250215,   22,   70,   20,    6,10223,   80
  240,20250215,   23,   80,   20,   -2,10223,   82
  240,20250215,   24,   80,   30,   -5,10222,   81
  240,20250216,    1,   90,   30,   -2,10218,   81
  240,20250216,    2,   70,   30,   -7,10220,   84
  240,20250216,    3,   80,   40,   -8,10219,   84
  240,20250216,    4,   70,   30,   -7,10220,   83
  240,20250216,    5,   80,   40,  -15,10226,   82
  240,20250216,    6,   70,   40,  -19,10225,   83
  240,20250216,    7,   80,   50,   -9,10230,   80
  240,20250216,    8,   80,   60,   -2,10233,   74
  240,20250216,    9,   90,   60,    6,10234,   71
  240,20250216,   10,   90,   70,   16,10235,   63
  240,20250216,   11,  100,   90,   24,10239,   59
  240,20250216,   12,  100,   80,   34,10234,   56
  240,20250216,   13,   70,   70,   27,10234,   61
  240,20250216,   14,   60,   70,   34,10230,   65
  240,20250216,   15,   60,   60,   30,10232,   70
  240,20250216,   16,   60,   50,   24,10236,   71
  240,20250216,   17,   60,   50,   11,10238,   76
  240,20250216,   18,   70,   60,    5,10245,   81
  240,20250216,   19,   80,   60,    2,10246,   79
  240,20250216,   20,   80,   40,   -6,10246,   80
  240,20250216,   21,   80,   40,  -10,10249,   81
  240,20250216,   22,   80,   30,  -18,10252,   82
  240,20250216,   23,   80,   30,  -28,10253,   82
  240,20250216,   24,   80,   30,  -28,10254,   80
  240,20250217,    1,   80,   40,  -23,10252,   76
  240,20250217,    2,   80,   40,  -29,10253,   76
  240,20250217,    3,   80,   50,  -29,10251,   77
  240,20250217,    4,   70,   30,  -36,10254,   81
  240,20250217,    5,   80,   30,  -43,10252,   85
  240,20250217,    6,   80,   30,  -42,10251,   85
  240,20250217,    7,   70,   30,  -52,10253,   87
  240,20250217,    8,   80,   30,  -28,10255,   87
  240,20250217,    9,   90,   40,  -16,10256,   82
  240,20250217,   10,   60,   20,   -4,10257,   76
  240,20250217,   11,   40,   20,   11,10257,   72
  240,20250217,   12,   60,   40,   16,10252,   67
  240,20250217,   13,   70,   40,   18,10247,   67
  240,20250217,   14,   80,   40,   19,10243,   68
  240,20250217,   15,   60,   40,   20,10241,   67
  240,20250217,   16,   50,   40,   15,10239,   69
  240,20250217,   17,   60,   30,   -7,10244,   77
  240,20250217,   18,   70,   30,  -15,10250,   76
  240,20250217,   19,   80,   40,  -20,10254,   75
  240,20250217,   20,   90,   40,  -12,10257,   65
  240,20250217,   21,   80,   40,  -25,10259,   69
  240,20250217,   22,   80,   30,  -33,10260,   73
  240,20250217,   23,   80,   40,  -28,10258,   73
  240,20250217,   24,   80,   50,  -27,10256,   72
  240,20250218,    1,   80,   40,  -33,10259,   73
  240,20250218,    2,   80,   40,  -37,10260,   74
  240,20250218,    3,   80,   40,  -37,10256,   73
  240,20250218,    4,   90,   50,  -33,10252,   71
  240,20250218,    5,   90,   50,  -34,10256,   72
  240,20250218,    6,  100,   50,  -39,10259,   73
  240,20250218,    7,   90,   40,  -40,10266,   74
  240,20250218,    8,  100,   40,  -30,10268,   71
  240,20250218,    9,  100,   50,  -18,10271,   68
  240,20250218,   10,  110,   40,   -7,10269,   65
  240,20250218,   11,  110,   50,   10,10268,   61
  240,20250218,   12,  110,   50,   23,10264,   57
  240,20250218,   13,  120,   60,   27,10257,   53
  240,20250218,   14,  100,   50,   24,10249,   53
  240,20250218,   15,  110,   50,   30,10249,   49
  240,20250218,   16,  110,   60,   25,10250,   50
  240,20250218,   17,  100,   60,   12,10247,   52
  240,20250218,   18,  100,   50,    1,10249,   58
  240,20250218,   19,  100,   50,    1,10248,   56
  240,20250218,   20,  100,   60,   -1,10249,   57
  240,20250218,   21,  100,   50,   -7,10249,   60
  240,20250218,   22,  100,   60,   -9,10245,   61
  240,20250218,   23,  100,   50,  -11,10241,   63
  240,20250218,   24,  110,   50,  -12,10241,   63
  240,20250219,    1,  110,   50,  -11,10239,   63
  240,20250219,    2,  110,   60,  -15,10234,   65
  240,20250219,    3,  110,   60,  -16,10232,   65
  240,20250219,    4,  110,   50,  -19,10229,   66
  240,20250219,    5,  110,   50,  -19,10227,   64
  240,20250219,    6,  110,   70,  -18,10222,   63
  240,20250219,    7,  110,   60,  -17,10224,   63
  240,20250219,    8,  110,   70,   -8,10223,   59
  240,20250219,    9,  120,   70,   -1,10221,   57
  240,20250219,   10,  120,   60,    8,10220,   55
  240,20250219,   11,  130,   60,   19,10218,   52
  240,20250219,   12,  120,   60,   28,10214,   49
  240,20250219,   13,  120,   60,   39,10209,   46
  240,20250219,   14,  120,   50,   46,10206,   46
  240,20250219,   15,  130,   60,   45,10203,   43
  240,20250219,   16,  140,   40,   38,10202,   46
  240,20250219,   17,  130,   50,   29,10200,   51
  240,20250219,   18,  140,   50,   32,10206,   50
  240,20250219,   19,  130,   50,   33,10202,   51
  240,20250219,   20,  130,   40,   31,10203,   52
  240,20250219,   21,  130,   50,   24,10201,   57
  240,20250219,   22,  130,   40,   19,10200,   62
  240,20250219,   23,  140,   50,   17,10201,   67
  240,20250219,   24,  140,   40,   15,10203,   71
  240,20250220,    1,  140,   50,   14,10201,   73
  240,20250220,    2,  150,   50,   12,10197,   75
  240,20250220,    3,  170,   30,   11,10194,   78
  240,20250220,    4,  160,   40,   14,10189,   79
  240,20250220,    5,  150,   40,   16,10187,   81
  240,20250220,    6,  170,   40,   22,10188,   82
  240,20250220,    7,  160,   40,   28,10191,   83
  240,20250220,    8,  150,   40,   35,10189,   89
  240,20250220,    9,  160,   50,   46,10189,   90
  240,20250220,   10,  170,   70,   67,10188,   88
  240,20250220,   11,  170,   50,   77,10189,   88
  240,20250220,   12,  180,   50,   94,10187,   85
  240,20250220,   13,  190,   60,   99,10188,   86
  240,20250220,   14,  180,   50,   94,10186,   96
  240,20250220,   15,  180,   60,   96,10187,   96
  240,20250220,   16,  170,   60,   95,10186,   97
  240,20250220,   17,  180,   50,   95,10188,   95
  240,20250220,   18,  160,   70,  100,10181,   92
  240,20250220,   19,  170,   60,  100,10184,   91
  240,20250220,   20,  180,   50,  101,10191,   91
  240,20250220,   21,  190,   50,  103,10194,   90
  240,20250220,   22,  190,   40,  106,10196,   88
  240,20250220,   23,  200,   50,  107,10197,   89
  240,20250220,   24,  170,   50,  104,10198,   90
  240,20250221,    1,  180,   40,  101,10194,   92
  240,20250221,    2,  180,   40,  102,10192,   93
  240,20250221,    3,  170,   40,   98,10188,   94
  240,20250221,    4,  160,   40,  101,10184,   92
  240,20250221,    5,  150,   40,  101,10183,   92
  240,20250221,    6,  160,   50,   93,10181,   93
  240,20250221,    7,  140,   50,   92,10183,   93
  240,20250221,    8,  150,   60,  101,10179,   91
  240,20250221,    9,  160,   70,  111,10173,   87
  240,20250221,   10,  170,   80,  131,10173,   79
  240,20250221,   11,  170,   80,  148,10167,   73
  240,20250221,   12,  170,   80,  164,10158,   67
  240,20250221,   13,  170,   80,  168,10149,   61
  240,20250221,   14,  170,   70,  169,10140,   60
  240,20250221,   15,  160,   80,  169,10134,   58
  240,20250221,   16,  160,   70,  162,10129,   60
  240,20250221,   17,  160,   70,  156,10126,   62
  240,20250221,   18,  150,   70,  149,10128,   64
  240,20250221,   19,  160,   70,  151,10128,   63
  240,20250221,   20,  160,   70,  146,10128,   65
  240,20250221,   21,  160,   50,  136,10130,   69
  240,20250221,   22,  160,   60,  132,10127,   70
  240,20250221,   23,  160,   50,  128,10124,   73
  240,20250221,   24,  150,   50,  124,10120,   73
  240,20250222,    1,  160,   50,  115,10116,   75
  240,20250222,    2,  150,   60,  116,10112,   75
  240,20250222,    3,  160,   50,  107,10107,   86
  240,20250222,    4,  160,   50,  105,10106,   89
  240,20250222,    5,  150,   50,  102,10108,   88
  240,20250222,    6,  150,   50,  103,10108,   87
  240,20250222,    7,  160,   60,  101,10114,   89
  240,20250222,    8,  160,   70,  102,10121,   89
  240,20250222,    9,  170,   70,  101,10121,   90
  240,20250222,   10,  170,   70,  101,10124,   91
  240,20250222,   11,  170,   60,  102,10126,   94
  240,20250222,   12,  190,   60,  107,10124,   92
  240,20250222,   13,  180,   50,  107,10127,   90
  240,20250222,   14,  190,   50,  104,10131,   96
  240,20250222,   15,  210,   60,  107,10134,   97
  240,20250222,   16,  260,   60,   93,10144,   96
  240,20250222,   17,  270,   40,   89,10158,   97
  240,20250222,   18,  230,   30,   87,10171,   97
  240,20250222,   19,  230,   40,   86,10182,   99
  240,20250222,   20,  230,   40,   83,10195,   98
  240,20250222,   21,  230,   40,   78,10207,   97
  240,20250222,   22,  240,   40,   77,10217,   96
  240,20250222,   23,  220,   40,   59,10222,   97
  240,20250222,   24,  210,   40,   61,10229,   98
  240,20250223,    1,  200,   40,   64,10234,   99
  240,20250223,    2,  220,   50,   66,10243,   99
  240,20250223,    3,  220,   50,   65,10248,   99
  240,20250223,    4,  220,   40,   69,10250,   99
  240,20250223,    5,  210,   40,   72,10254,   99
  240,20250223,    6,  200,   40,   72,10256,   99
  240,20250223,    7,  200,   60,   68,10260,   99
  240,20250223,    8,  210,   60,   72,10265,   99
  240,20250223,    9,  190,   50,   76,10268,   94
  240,20250223,   10,  190,   60,   87,10270,   88
  240,20250223,   11,  190,   60,  103,10267,   85
  240,20250223,   12,  200,   70,  121,10258,   76
  240,20250223,   13,  190,   80,  133,10249,   72
  240,20250223,   14,  200,   80,  139,10242,   64
  240,20250223,   15,  200,   80,  138,10235,   62
  240,20250223,   16,  190,   70,  131,10231,   64
  240,20250223,   17,  200,   60,  117,10230,   64
  240,20250223,   18,  180,   60,  114,10229,   66
  240,20250223,   19,  180,   60,  106,10231,   68
  240,20250223,   20,  170,   70,  108,10222,   72
  240,20250223,   21,  170,   70,  109,10216,   74
  240,20250223,   22,  180,   70,  112,10212,   73
  240,20250223,   23,  190,   80,  118,10205,   69
  240,20250223,   24,  200,   90,  118,10200,   69
  240,20250224,    1,  190,   80,  115,10190,   70
  240,20250224,    2,  190,   80,  115,10183,   70
  240,20250224,    3,  190,   70,  114,10175,   70
  240,20250224,    4,  190,   70,  113,10167,   68
  240,20250224,    5,  190,   80,  115,10160,   67
  240,20250224,    6,  190,   80,  115,10154,   67
  240,20250224,    7,  190,   80,  104,10151,   77
  240,20250224,    8,  190,   70,  101,10146,   82
  240,20250224,    9,  190,   90,   96,10141,   92
  240,20250224,   10,  190,   80,  101,10135,   91
  240,20250224,   11,  190,   80,  102,10133,   93
  240,20250224,   12,  200,  100,  105,10129,   91
  240,20250224,   13,  200,   80,  105,10123,   91
  240,20250224,   14,  200,   90,  102,10121,   93
  240,20250224,   15,  220,   70,   99,10124,   97
  240,20250224,   16,  230,   80,  102,10126,   91
  240,20250224,   17,  220,   60,   96,10132,   90
  240,20250224,   18,  230,   60,   98,10136,   89
  240,20250224,   19,  230,   70,   98,10139,   88
  240,20250224,   20,  230,   70,   93,10137,   89
  240,20250224,   21,  230,   60,   92,10140,   89
  240,20250224,   22,  230,   60,   91,10138,   90
  240,20250224,   23,  230,   50,   88,10137,   91
  240,20250224,   24,  210,   50,   77,10138,   93
  240,20250225,    1,  210,   40,   71,10140,   96
  240,20250225,    2,  210,   50,   77,10140,   96
  240,20250225,    3,  220,   40,   79,10137,   95
  240,20250225,    4,  230,   40,   79,10134,   93
  240,20250225,    5,  200,   40,   78,10130,   91
  240,20250225,    6,  190,   30,   78,10127,   92
  240,20250225,    7,  200,   40,   80,10135,   89
  240,20250225,    8,  180,   40,   82,10132,   91
  240,20250225,    9,  170,   40,   69,10133,   97
  240,20250225,   10,  180,   30,   82,10131,   96
  240,20250225,   11,  210,   30,   92,10132,   88
  240,20250225,   12,  210,   40,  101,10130,   85
  240,20250225,   13,  250,   20,  104,10126,   79
  240,20250225,   14,  280,   20,  104,10123,   81
  240,20250225,   15,  270,   20,  100,10124,   83
  240,20250225,   16,  320,   40,   87,10123,   89
  240,20250225,   17,  330,   40,   75,10127,   94
  240,20250225,   18,  340,   30,   76,10132,   92
  240,20250225,   19,  330,   30,   76,10137,   92
  240,20250225,   20,  320,   40,   72,10139,   93
  240,20250225,   21,  340,   20,   70,10144,   93
  240,20250225,   22,  340,   30,   66,10145,   91
  240,20250225,   23,  310,   30,   57,10147,   91
  240,20250225,   24,  310,   20,   54,10150,   91
  240,20250226,    1,  310,   20,   54,10153,   88
  240,20250226,    2,  300,   10,   50,10153,   92
  240,20250226,    3,  250,   20,   50,10153,   90
  240,20250226,    4,  260,   30,   43,10154,   90
  240,20250226,    5,  240,   20,   25,10154,   92
  240,20250226,    6,  240,   10,   21,10158,   97
  240,20250226,    7,  200,   20,   29,10160,   95
  240,20250226,    8,  210,   30,   55,10163,   95
  240,20250226,    9,  230,   40,   75,10165,   87
  240,20250226,   10,  220,   50,   89,10164,   80
  240,20250226,   11,  200,   60,   99,10161,   69
  240,20250226,   12,  240,   50,  110,10157,   60
  240,20250226,   13,  210,   80,  106,10152,   56
  240,20250226,   14,  210,   80,  100,10147,   58
  240,20250226,   15,  210,   60,   93,10141,   63
  240,20250226,   16,  180,   50,   92,10132,   67
  240,20250226,   17,  180,   60,   90,10126,   67
  240,20250226,   18,  190,  100,   79,10124,   74
  240,20250226,   19,  170,   70,   70,10118,   83
  240,20250226,   20,  160,   80,   68,10111,   85
  240,20250226,   21,  160,   80,   65,10103,   91
  240,20250226,   22,  200,   60,   66,10102,   95
  240,20250226,   23,  280,   40,   54,10104,   88
  240,20250226,   24,  220,   30,   44,10107,   93
  240,20250227,    1,  220,   40,   44,10109,   95
  240,20250227,    2,  240,   40,   53,10110,   94
  240,20250227,    3,  240,   40,   55,10110,   92
  240,20250227,    4,  220,   30,   54,10114,   95
  240,20250227,    5,  230,   40,   56,10118,   94
  240,20250227,    6,  220,   40,   57,10121,   94
  240,20250227,    7,  240,   40,   56,10127,   91
  240,20250227,    8,  230,   40,   63,10132,   88
  240,20250227,    9,  220,   60,   70,10138,   88
  240,20250227,   10,  240,   60,   68,10141,   84
  240,20250227,   11,  240,   70,   75,10144,   80
  240,20250227,   12,  270,   60,   64,10145,   87
  240,20250227,   13,  260,   70,   75,10144,   79
  240,20250227,   14,  260,   50,   67,10147,   85
  240,20250227,   15,  270,   50,   71,10147,   79
  240,20250227,   16,  270,   50,   58,10149,   89
  240,20250227,   17,  250,   30,   56,10150,   92
  240,20250227,   18,  990,   10,   56,10159,   94
  240,20250227,   19,  360,   50,   56,10172,   92
  240,20250227,   20,  350,   40,   51,10184,   89
  240,20250227,   21,  340,   50,   52,10192,   91
  240,20250227,   22,  340,   40,   49,10199,   92
  240,20250227,   23,  340,   30,   50,10205,   90
  240,20250227,   24,  320,   40,   51,10211,   92
  240,20250228,    1,  340,   60,   55,10216,   88
  240,20250228,    2,  350,   60,   55,10221,   86
  240,20250228,    3,  360,   50,   53,10227,   83
  240,20250228,    4,  360,   50,   51,10234,   83
  240,20250228,    5,  360,   30,   49,10242,   84
  240,20250228,    6,  330,   30,   48,10245,   90
  240,20250228,    7,  340,   20,   50,10252,   93
  240,20250228,    8,  360,   40,   57,10257,   88
  240,20250228,    9,   20,   40,   61,10265,   84
  240,20250228,   10,   10,   40,   67,10270,   79
  240,20250228,   11,   10,   60,   71,10274,   72
  240,20250228,   12,   20,   60,   72,10274,   71
  240,20250228,   13,   20,   50,   78,10274,   71
  240,20250228,   14,   30,   50,   70,10276,   71
  240,20250228,   15,   30,   40,   68,10277,   70
  240,20250228,   16,   10,   40,   66,10279,   68
  240,20250228,   17,   30,   30,   58,10284,   74
  240,20250228,   18,   10,   20,   47,10291,   81
  240,20250228,   19,   20,   30,   43,10292,   84
  240,20250228,   20,  350,   20,   34,10294,   88
  240,20250228,   21,  330,   20,   26,10300,   93
  240,20250228,   22,  340,   20,   21,10301,   96
  240,20250228,   23,  330,   20,   14,10303,   98
  240,20250228,   24,   20,   20,   27,10304,   98
  240,20250301,    1,  330,   30,    3,10306,   98
  240,20250301,    2,  340,   20,   13,10309,   99
  240,20250301,    3,  330,   20,    9,10311,   98
  240,20250301,    4,    0,    0,   21,10312,  100
  240,20250301,    5,   10,   20,   21,10315,   98
  240,20250301,    6,   10,   30,   33,10318,   86
  240,20250301,    7,  350,   20,   36,10327,   94
  240,20250301,    8,   20,   20,   49,10335,   79
  240,20250301,    9,   20,   40,   52,10342,   76
  240,20250301,   10,   40,   40,   59,10346,   71
  240,20250301,   11,  350,   40,   67,10348,   70
  240,20250301,   12,   40,   30,   74,10347,   65
  240,20250301,   13,   30,   30,   70,10347,   66
  240,20250301,   14,   70,   30,   80,10344,   64
  240,20250301,   15,   60,   30,   77,10344,   65
  240,20250301,   16,   80,   30,   69,10345,   66
  240,20250301,   17,   60,   20,   49,10350,   70
  240,20250301,   18,   30,   20,   52,10355,   70
  240,20250301,   19,   30,   10,   35,10355,   78
  240,20250301,   20,   80,   10,   26,10358,   84
  240,20250301,   21,  200,   20,   17,10363,   90
  240,20250301,   22,  160,   20,    9,10365,   92
  240,20250301,   23,  990,   10,   14,10368,   95
  240,20250301,   24,  210,   10,    0,10364,   95
  240,20250302,    1,  290,   10,  -11,10363,   93
  240,20250302,    2,  170,   10,  -11,10361,   92
  240,20250302,    3,  180,   10,  -13,10361,   98
  240,20250302,    4,  990,   10,   -7,10362,   98
  240,20250302,    5,    0,    0,  -17,10360,   99
  240,20250302,    6,    0,    0,  -22,10360,   99
  240,20250302,    7,    0,    0,  -22,10363,   97
  240,20250302,    8,   80,   10,    7,10365,   96
  240,20250302,    9,  150,   10,   54,10365,   84
  240,20250302,   10,  990,   10,   70,10361,   68
  240,20250302,   11,  180,   20,   75,10359,   65
  240,20250302,   12,  190,   20,   82,10351,   63
  240,20250302,   13,  180,   20,   87,10346,   58
  240,20250302,   14,  990,   10,   92,10342,   55
  240,20250302,   15,  270,   10,   92,10337,   55
  240,20250302,   16,  300,   30,   78,10331,   68
  240,20250302,   17,  310,   30,   56,10328,   77
  240,20250302,   18,  330,   20,   45,10329,   81
  240,20250302,   19,  330,   20,   34,10327,   84
  240,20250302,   20,    0,    0,   22,10325,   92
  240,20250302,   21,    0,    0,   12,10324,   98
  240,20250302,   22,    0,    0,    9,10322,   97
  240,20250302,   23,    0,    0,   -4,10318,   97
  240,20250302,   24,  200,   10,   -4,10314,   99
  240,20250303,    1,  990,   10,  -13,10312,   99
  240,20250303,    2,    0,    0,  -21,10307,   99
  240,20250303,    3,  140,   10,  -23,10301,   97
  240,20250303,    4,    0,    0,  -24,10301,   99
  240,20250303,    5,  150,   10,  -30,10302,   98
  240,20250303,    6,  160,   10,  -42,10303,   96
  240,20250303,    7,  110,   10,  -18,10305,   98
  240,20250303,    8,  160,   10,   10,10306,   95
  240,20250303,    9,  180,   20,   45,10306,   84
  240,20250303,   10,  240,   20,   68,10308,   71
  240,20250303,   11,  290,   20,   76,10310,   67
  240,20250303,   12,  280,   20,   86,10304,   64
  240,20250303,   13,  220,   20,   97,10297,   58
  240,20250303,   14,  310,   20,  100,10292,   55
  240,20250303,   15,  270,   20,   93,10287,   60
  240,20250303,   16,  280,   20,   83,10283,   59
  240,20250303,   17,  310,   30,   61,10285,   71
  240,20250303,   18,  280,   20,   57,10285,   72
  240,20250303,   19,  310,   20,   27,10288,   84
  240,20250303,   20,  270,   10,   29,10288,   93
  240,20250303,   21,  320,   10,   16,10290,   99
  240,20250303,   22,  340,   10,    6,10286,   99
  240,20250303,   23,   50,   10,    3,10283,   98
  240,20250303,   24,  170,   10,  -10,10281,   99
  240,20250304,    1,  170,   10,  -32,10278,   95
  240,20250304,    2,  210,   10,  -19,10278,   99
  240,20250304,    3,  200,   10,  -24,10275,   99
  240,20250304,    4,  200,   10,  -24,10275,   97
  240,20250304,    5,    0,    0,  -28,10275,   97
  240,20250304,    6,  150,   10,  -27,10272,   97
  240,20250304,    7,  160,   20,  -22,10274,   96
  240,20250304,    8,  160,   10,    9,10272,   96
  240,20250304,    9,  190,   20,   50,10272,   83
  240,20250304,   10,  240,   20,   74,10278,   69
  240,20250304,   11,  280,   20,   90,10277,   60
  240,20250304,   12,  250,   20,  103,10274,   56
  240,20250304,   13,  270,   20,  111,10268,   57
  240,20250304,   14,  300,   20,  112,10266,   58
  240,20250304,   15,  170,   20,  112,10257,   57
  240,20250304,   16,  210,   30,  110,10253,   48
  240,20250304,   17,  170,   40,   87,10244,   67
  240,20250304,   18,  180,   30,   69,10243,   72
  240,20250304,   19,  190,   40,   40,10243,   74
  240,20250304,   20,  190,   30,   32,10245,   77
  240,20250304,   21,  250,   20,   34,10247,   78
  240,20250304,   22,  310,   10,   25,10253,   87
  240,20250304,   23,    0,    0,   22,10255,   90
  240,20250304,   24,  160,   20,   18,10247,   92
  240,20250305,    1,  190,   10,    2,10241,   92
  240,20250305,    2,  170,   30,    4,10239,   89
  240,20250305,    3,  190,   40,   -3,10234,   89
  240,20250305,    4,  180,   30,    0,10232,   88
  240,20250305,    5,  200,   40,   24,10228,   86
  240,20250305,    6,  190,   40,    8,10230,   89
  240,20250305,    7,  190,   40,   17,10234,   87
  240,20250305,    8,  190,   40,   53,10237,   81
  240,20250305,    9,  210,   50,   85,10237,   68
  240,20250305,   10,  220,   60,  105,10239,   60
  240,20250305,   11,  220,   60,  124,10238,   50
  240,20250305,   12,  240,   50,  138,10233,   45
  240,20250305,   13,  250,   60,  136,10227,   48
  240,20250305,   14,  250,   50,  136,10223,   47
  240,20250305,   15,  260,   50,  131,10220,   48
  240,20250305,   16,  250,   30,  125,10215,   51
  240,20250305,   17,  290,   30,   89,10216,   64
  240,20250305,   18,  270,   20,   82,10217,   62
  240,20250305,   19,  290,   20,   66,10215,   70
  240,20250305,   20,  330,   10,   49,10214,   76
  240,20250305,   21,  140,   10,   30,10214,   82
  240,20250305,   22,  140,   10,   31,10211,   86
  240,20250305,   23,  140,   20,   27,10208,   87
  240,20250305,   24,  150,   30,   33,10201,   81
  240,20250306,    1,  160,   20,   25,10196,   84
  240,20250306,    2,  170,   20,   34,10191,   82
  240,20250306,    3,  180,   20,   13,10189,   86
  240,20250306,    4,  170,   10,   14,10184,   90
  240,20250306,    5,  150,   20,   19,10181,   85
  240,20250306,    6,  170,   30,   19,10179,   88
  240,20250306,    7,  170,   30,   23,10179,   89
  240,20250306,    8,  160,   30,   55,10180,   82
  240,20250306,    9,  170,   40,   86,10181,   73
  240,20250306,   10,  190,   30,  118,10177,   62
  240,20250306,   11,  170,   30,  144,10173,   57
  240,20250306,   12,  170,   40,  144,10172,   59
  240,20250306,   13,  190,   40,  160,10165,   50
  240,20250306,   14,  190,   40,  165,10162,   46
  240,20250306,   15,  160,   60,  164,10157,   47
  240,20250306,   16,  170,   40,  160,10153,   46
  240,20250306,   17,  190,   40,  134,10154,   56
  240,20250306,   18,  200,   20,   97,10155,   62
  240,20250306,   19,  140,   20,   90,10156,   66
  240,20250306,   20,  160,   10,   77,10159,   69
  240,20250306,   21,  160,   40,   85,10159,   60
  240,20250306,   22,  160,   30,   78,10158,   60
  240,20250306,   23,  170,   20,   58,10157,   67
  240,20250306,   24,  170,   20,   71,10158,   62
  240,20250307,    1,  170,   20,   61,10156,   67
  240,20250307,    2,  170,   30,   61,10156,   67
  240,20250307,    3,  160,   30,   55,10155,   72
  240,20250307,    4,  150,   30,   52,10156,   74
  240,20250307,    5,  150,   30,   47,10158,   77
  240,20250307,    6,  150,   30,   43,10160,   76
  240,20250307,    7,  160,   30,   63,10163,   74
  240,20250307,    8,  160,   30,   82,10166,   67
  240,20250307,    9,  160,   40,  107,10168,   63
  240,20250307,   10,  170,   40,  131,10168,   59
  240,20250307,   11,  160,   30,  149,10165,   54
  240,20250307,   12,  160,   50,  162,10162,   54
  240,20250307,   13,  160,   40,  178,10156,   49
  240,20250307,   14,  180,   40,  178,10152,   49
  240,20250307,   15,  180,   50,  174,10153,   48
  240,20250307,   16,  180,   40,  165,10151,   53
  240,20250307,   17,  170,   30,  142,10152,   60
  240,20250307,   18,  140,   20,  137,10153,   61
  240,20250307,   19,  110,   20,  107,10156,   73
  240,20250307,   20,  110,   20,   90,10156,   80
  240,20250307,   21,  100,   30,   69,10156,   84
  240,20250307,   22,   90,   20,   64,10156,   85
  240,20250307,   23,  120,   40,   94,10156,   71
  240,20250307,   24,  110,   30,   62,10154,   80
  240,20250308,    1,  120,   50,   86,10153,   68
  240,20250308,    2,  120,   50,   95,10150,   63
  240,20250308,    3,  100,   20,   65,10149,   70
  240,20250308,    4,  100,   30,   54,10146,   74
  240,20250308,    5,  110,   30,   59,10145,   71
  240,20250308,    6,  110,   30,   67,10144,   68
  240,20250308,    7,  110,   30,   79,10142,   66
  240,20250308,    8,  120,   40,  112,10143,   55
  240,20250308,    9,  120,   40,  129,10144,   53
  240,20250308,   10,  120,   50,  149,10141,   49
  240,20250308,   11,  120,   50,  166,10138,   43
  240,20250308,   12,  130,   40,  179,10130,   38
  240,20250308,   13,  110,   50,  187,10120,   34
  240,20250308,   14,  130,   60,  192,10112,   24
  240,20250308,   15,  120,   50,  191,10106,   28
  240,20250308,   16,  130,   50,  183,10101,   26
  240,20250308,   17,  120,   40,  158,10100,   34
  240,20250308,   18,   70,   20,  142,10100,   36
  240,20250308,   19,   80,   30,  113,10101,   46
  240,20250308,   20,   70,   30,  108,10099,   56
  240,20250308,   21,   80,   50,  121,10100,   51
  240,20250308,   22,   80,   50,  111,10098,   53
  240,20250308,   23,   90,   50,  107,10093,   54
  240,20250308,   24,  100,   40,   96,10090,   59
  240,20250309,    1,  100,   30,   84,10087,   63
  240,20250309,    2,  100,   30,   77,10083,   65
  240,20250309,    3,   90,   20,   67,10079,   68
  240,20250309,    4,   90,   20,   70,10076,   67
  240,20250309,    5,   70,   20,   62,10073,   71
  240,20250309,    6,   60,   20,   46,10073,   76
  240,20250309,    7,   70,   30,   65,10072,   73
  240,20250309,    8,   80,   20,   94,10073,   67
  240,20250309,    9,   80,   20,  117,10073,   58
  240,20250309,   10,  100,   20,  138,10070,   51
  240,20250309,   11,   70,   30,  153,10065,   47
  240,20250309,   12,   90,   50,  159,10059,   46
  240,20250309,   13,   60,   30,  164,10053,   49
  240,20250309,   14,   60,   40,  164,10046,   50
  240,20250309,   15,   50,   40,  171,10041,   45
  240,20250309,   16,   60,   40,  171,10036,   44
  240,20250309,   17,   50,   30,  140,10036,   52
  240,20250309,   18,   60,   30,  117,10034,   60
  240,20250309,   19,   50,   30,  103,10034,   64
  240,20250309,   20,   60,   20,  100,10034,   64
  240,20250309,   21,   50,   30,   82,10034,   70
  240,20250309,   22,   50,   30,   74,10036,   73
  240,20250309,   23,   40,   20,   72,10033,   73
  240,20250309,   24,   50,   10,   61,10031,   79
  240,20250310,    1,   40,   20,   55,10026,   84
  240,20250310,    2,   10,   10,   41,10023,   86
  240,20250310,    3,   30,   10,   30,10019,   88
  240,20250310,    4,    0,    0,   42,10017,   89
  240,20250310,    5,   20,   10,   44,10016,   89
  240,20250310,    6,    0,    0,   45,10019,   94
  240,20250310,    7,   20,   10,   52,10024,   92
  240,20250310,    8,   40,   30,   79,10025,   83
  240,20250310,    9,   50,   40,  109,10025,   67
  240,20250310,   10,   60,   30,  131,10028,   55
  240,20250310,   11,   50,   50,  140,10029,   53
  240,20250310,   12,   60,   40,  145,10028,   48
  240,20250310,   13,   50,   40,  151,10025,   47
  240,20250310,   14,   40,   40,  153,10024,   40
  240,20250310,   15,   50,   40,  150,10024,   42
  240,20250310,   16,   30,   40,  138,10024,   47
  240,20250310,   17,   30,   40,  125,10029,   53
  240,20250310,   18,   20,   40,  105,10036,   69
  240,20250310,   19,   10,   40,   88,10041,   65
  240,20250310,   20,   10,   40,   80,10041,   69
  240,20250310,   21,   20,   30,   74,10042,   73
  240,20250310,   22,   20,   30,   70,10043,   75
  240,20250310,   23,  350,   30,   59,10043,   80
  240,20250310,   24,  330,   30,   42,10045,   89
  240,20250311,    1,  350,   30,   54,10047,   92
  240,20250311,    2,  360,   30,   52,10045,   93
  240,20250311,    3,  350,   30,   52,10042,   95
  240,20250311,    4,  360,   50,   54,10041,   97
  240,20250311,    5,  360,   30,   60,10042,   89
  240,20250311,    6,  350,   50,   63,10042,   83
  240,20250311,    7,  340,   40,   62,10043,   82
  240,20250311,    8,  330,   50,   63,10045,   81
  240,20250311,    9,  350,   40,   67,10047,   78
  240,20250311,   10,  350,   60,   70,10047,   66
  240,20250311,   11,  330,   50,   72,10047,   66
  240,20250311,   12,  330,   70,   78,10045,   61
  240,20250311,   13,  320,   70,   80,10041,   60
  240,20250311,   14,  330,   70,   70,10038,   65
  240,20250311,   15,  310,   70,   73,10034,   64
  240,20250311,   16,  330,   60,   64,10035,   71
  240,20250311,   17,  340,   60,   53,10036,   77
  240,20250311,   18,  330,   50,   55,10035,   76
  240,20250311,   19,  310,   20,   40,10033,   81
  240,20250311,   20,  290,   20,   29,10033,   83
  240,20250311,   21,  300,   30,   27,10031,   83
  240,20250311,   22,  300,   30,   21,10029,   87
  240,20250311,   23,  300,   30,   20,10026,   87
  240,20250311,   24,  270,   20,   11,10022,   93
  240,20250312,    1,  280,   20,   25,10019,   93
  240,20250312,    2,  300,   40,   31,10015,   92
  240,20250312,    3,  250,   20,   36,10009,   91
  240,20250312,    4,  240,   30,   36,10006,   91
  240,20250312,    5,  300,   30,   34,10006,   89
  240,20250312,    6,  250,   20,   30,10006,   89
  240,20250312,    7,  250,   30,   34,10007,   90
  240,20250312,    8,  260,   40,   59,10006,   82
  240,20250312,    9,  310,   60,   58,10005,   78
  240,20250312,   10,  290,   60,   59,10005,   74
  240,20250312,   11,  280,   60,   70,10004,   64
  240,20250312,   12,  300,   60,   79,10001,   62
  240,20250312,   13,  280,   60,   81,10000,   60
  240,20250312,   14,  300,   50,   89, 9999,   58
  240,20250312,   15,  300,   50,   64,10001,   68
  240,20250312,   16,  270,   50,   59,10000,   78
  240,20250312,   17,  300,   20,   53,10001,   82
  240,20250312,   18,  290,   30,   30,10002,   84
  240,20250312,   19,  270,   30,   26,10004,   90
  240,20250312,   20,  300,   10,   20,10004,   89
  240,20250312,   21,  260,   20,   27,10002,   88
  240,20250312,   22,  290,   10,    9,10001,   95
  240,20250312,   23,    0,    0,    9,10000,   99
  240,20250312,   24,    0,    0,    4, 9998,   99
  240,20250313,    1,  300,   10,   20, 9997,   98
  240,20250313,    2,  320,   10,   24, 9995,   97
  240,20250313,    3,  320,   10,   26, 9990,   95
  240,20250313,    4,  320,   10,   15, 9989,   98
  240,20250313,    5,  310,   10,    7, 9990,   97
  240,20250313,    6,  310,   10,    0, 9992,   98
  240,20250313,    7,  310,   20,    7, 9994,   96
  240,20250313,    8,  320,   20,   38, 9998,   87
  240,20250313,    9,  350,   40,   48,10000,   82
  240,20250313,   10,   10,   30,   59,10001,   75
  240,20250313,   11,   30,   30,   59,10002,   72
  240,20250313,   12,   50,   40,   53,10006,   80
  240,20250313,   13,   30,   50,   60,10005,   70
  240,20250313,   14,   20,   40,   66,10006,   62
  240,20250313,   15,  350,   60,   60,10010,   65
  240,20250313,   16,   20,   40,   60,10016,   64
  240,20250313,   17,   10,   50,   50,10020,   69
  240,20250313,   18,   10,   40,   36,10028,   71
  240,20250313,   19,  340,   40,   27,10035,   81
  240,20250313,   20,  340,   20,   16,10040,   84
  240,20250313,   21,   10,   10,   16,10042,   83
  240,20250313,   22,  330,   10,   11,10045,   83
  240,20250313,   23,  350,   20,   23,10047,   78
  240,20250313,   24,  330,   30,    0,10049,   87
  240,20250314,    1,  330,   10,   10,10052,   86
  240,20250314,    2,  330,   20,    9,10053,   89
  240,20250314,    3,  330,   10,    7,10053,   91
  240,20250314,    4,  330,   10,    6,10057,   89
  240,20250314,    5,  340,   10,    7,10062,   91
  240,20250314,    6,  360,   20,   14,10068,   87
  240,20250314,    7,   20,   20,   17,10077,   89
  240,20250314,    8,   40,   20,   33,10083,   82
  240,20250314,    9,   40,   30,   41,10088,   76
  240,20250314,   10,   70,   40,   52,10093,   64
  240,20250314,   11,   30,   40,   62,10099,   61
  240,20250314,   12,   30,   40,   69,10104,   52
  240,20250314,   13,   30,   40,   69,10108,   56
  240,20250314,   14,   10,   60,   56,10114,   57
  240,20250314,   15,   20,   60,   69,10118,   49
  240,20250314,   16,   20,   70,   57,10125,   50
  240,20250314,   17,   20,   60,   49,10133,   53
  240,20250314,   18,   20,   60,   35,10140,   59
  240,20250314,   19,   20,   40,   28,10147,   63
  240,20250314,   20,   30,   60,   25,10155,   67
  240,20250314,   21,   30,   60,   22,10163,   67
  240,20250314,   22,   30,   50,   23,10167,   66
  240,20250314,   23,   30,   50,   21,10171,   64
  240,20250314,   24,   30,   40,   13,10176,   68
  240,20250315,    1,   20,   40,   22,10179,   67
  240,20250315,    2,   20,   40,   26,10178,   70
  240,20250315,    3,   60,   70,   28,10180,   71
  240,20250315,    4,   50,   60,   31,10185,   58
  240,20250315,    5,   40,   50,   22,10192,   59
  240,20250315,    6,   30,   60,   18,10199,   62
  240,20250315,    7,   50,   40,   23,10206,   71
  240,20250315,    8,   50,   60,   34,10211,   74
  240,20250315,    9,   50,   70,   46,10215,   69
  240,20250315,   10,   60,   80,   49,10217,   67
  240,20250315,   11,   50,   60,   60,10217,   62
  240,20250315,   12,   60,   60,   58,10215,   61
  240,20250315,   13,   30,   60,   65,10213,   61
  240,20250315,   14,   30,   60,   74,10210,   58
  240,20250315,   15,   50,   60,   72,10209,   55
  240,20250315,   16,   30,   70,   66,10209,   53
  240,20250315,   17,   30,   60,   55,10212,   57
  240,20250315,   18,   30,   60,   44,10217,   66
  240,20250315,   19,   30,   50,   35,10222,   71
  240,20250315,   20,   30,   50,   30,10224,   77
  240,20250315,   21,   40,   40,   24,10227,   81
  240,20250315,   22,   30,   50,   23,10228,   81
  240,20250315,   23,   40,   40,   17,10229,   83
  240,20250315,   24,   30,   30,   11,10227,   86
  240,20250316,    1,   40,   30,   10,10227,   88
  240,20250316,    2,   40,   30,   11,10227,   87
  240,20250316,    3,   30,   20,    0,10224,   91
  240,20250316,    4,   30,   40,   11,10227,   90
  240,20250316,    5,   50,   40,   15,10229,   86
  240,20250316,    6,   30,   30,    4,10232,   89
  240,20250316,    7,   30,   30,   21,10236,   86
  240,20250316,    8,   40,   30,   43,10240,   78
  240,20250316,    9,   40,   40,   50,10242,   74
  240,20250316,   10,   40,   50,   68,10244,   57
  240,20250316,   11,   40,   50,   76,10242,   57
  240,20250316,   12,   40,   40,   79,10241,   56
  240,20250316,   13,   30,   40,   76,10237,   56
  240,20250316,   14,   20,   50,   77,10236,   59
  240,20250316,   15,  340,   60,   75,10234,   64
  240,20250316,   16,  360,   50,   70,10233,   65
  240,20250316,   17,   10,   40,   68,10237,   66
  240,20250316,   18,   10,   30,   66,10242,   70
  240,20250316,   19,  350,   40,   60,10249,   79
  240,20250316,   20,  350,   30,   58,10252,   87
  240,20250316,   21,  340,   30,   55,10254,   93
  240,20250316,   22,  340,   20,   58,10255,   90
  240,20250316,   23,  360,   30,   62,10261,   74
  240,20250316,   24,   20,   40,   58,10265,   74
  240,20250317,    1,   20,   40,   54,10268,   70
  240,20250317,    2,   50,   40,   53,10269,   68
  240,20250317,    3,   30,   30,   52,10267,   73
  240,20250317,    4,   10,   30,   51,10271,   78
  240,20250317,    5,   60,   40,   54,10275,   80
  240,20250317,    6,   80,   50,   49,10279,   74
  240,20250317,    7,   80,   40,   50,10286,   77
  240,20250317,    8,   60,   50,   51,10294,   77
  240,20250317,    9,   60,   50,   61,10298,   68
  240,20250317,   10,   60,   60,   68,10301,   65
  240,20250317,   11,   70,   50,   82,10302,   58
  240,20250317,   12,   70,   70,   87,10302,   53
  240,20250317,   13,   70,   60,   89,10298,   45
  240,20250317,   14,   70,   60,   96,10294,   40
  240,20250317,   15,   60,   70,   91,10294,   40
  240,20250317,   16,   70,   60,   86,10292,   40
  240,20250317,   17,   70,   60,   76,10295,   43
  240,20250317,   18,   80,   50,   57,10299,   48
  240,20250317,   19,   80,   40,   55,10303,   47
  240,20250317,   20,   80,   40,   47,10305,   46
  240,20250317,   21,   80,   40,   37,10309,   49
  240,20250317,   22,   80,   40,   34,10310,   49
  240,20250317,   23,   80,   50,   32,10307,   48
  240,20250317,   24,   90,   50,   29,10305,   48
  240,20250318,    1,   90,   50,   30,10305,   47
  240,20250318,    2,   90,   50,   21,10304,   50
  240,20250318,    3,   90,   40,   14,10301,   53
  240,20250318,    4,   80,   30,   -3,10301,   60
  240,20250318,    5,   90,   40,    2,10301,   58
  240,20250318,    6,   90,   40,    7,10303,   56
  240,20250318,    7,   90,   40,   25,10304,   50
  240,20250318,    8,  110,   40,   45,10306,   45
  240,20250318,    9,  100,   40,   62,10305,   43
  240,20250318,   10,  120,   60,   72,10300,   34
  240,20250318,   11,  120,   70,   85,10292,   33
  240,20250318,   12,  100,   70,   94,10285,   30
  240,20250318,   13,  100,   70,  101,10277,   27
  240,20250318,   14,   80,   60,  107,10268,   28
  240,20250318,   15,   90,   70,  110,10262,   25
  240,20250318,   16,   90,   60,  108,10254,   28
  240,20250318,   17,  100,   60,   97,10251,   30
  240,20250318,   18,  100,   50,   84,10252,   32
  240,20250318,   19,   90,   50,   77,10253,   34
  240,20250318,   20,  100,   50,   64,10256,   37
  240,20250318,   21,  100,   40,   55,10256,   39
  240,20250318,   22,  100,   50,   48,10252,   41
  240,20250318,   23,  100,   40,   42,10251,   43
  240,20250318,   24,  100,   40,   24,10251,   49
  240,20250319,    1,   90,   40,   20,10250,   51
  240,20250319,    2,   90,   20,   15,10248,   53
  240,20250319,    3,  100,   20,    0,10246,   58
  240,20250319,    4,   90,   20,    3,10244,   58
  240,20250319,    5,   90,   20,    6,10244,   58
  240,20250319,    6,   90,   10,    8,10246,   59
  240,20250319,    7,  130,   20,   33,10248,   54
  240,20250319,    8,  150,   30,   59,10250,   47
  240,20250319,    9,  160,   40,   85,10250,   42
  240,20250319,   10,  150,   40,  106,10246,   37
  240,20250319,   11,  140,   40,  126,10244,   38
  240,20250319,   12,  140,   50,  138,10241,   39
  240,20250319,   13,  150,   50,  151,10234,   40
  240,20250319,   14,  170,   40,  157,10230,   40
  240,20250319,   15,  170,   50,  160,10227,   42
  240,20250319,   16,  180,   40,  164,10222,   45
  240,20250319,   17,  170,   40,  151,10221,   47
  240,20250319,   18,  160,   30,  125,10221,   54
  240,20250319,   19,  130,   20,   91,10225,   64
  240,20250319,   20,  110,   10,   86,10226,   69
  240,20250319,   21,  110,   10,   76,10226,   71
  240,20250319,   22,  150,   10,   72,10226,   74
  240,20250319,   23,  140,   20,   74,10225,   70
  240,20250319,   24,  100,   10,   64,10221,   75
  240,20250320,    1,  180,   10,   46,10221,   76
  240,20250320,    2,   90,   10,   34,10217,   85
  240,20250320,    3,    0,    0,   45,10215,   85
  240,20250320,    4,    0,    0,   25,10217,   85
  240,20250320,    5,  140,   20,   35,10216,   82
  240,20250320,    6,  160,   20,   16,10218,   87
  240,20250320,    7,  150,   20,   58,10221,   81
  240,20250320,    8,  160,   20,   88,10222,   71
  240,20250320,    9,  200,   10,  124,10224,   56
  240,20250320,   10,  200,   20,  152,10222,   50
  240,20250320,   11,  210,   20,  163,10220,   44
  240,20250320,   12,  250,   20,  170,10216,   43
  240,20250320,   13,  990,   10,  178,10210,   41
  240,20250320,   14,  300,   40,  172,10208,   45
  240,20250320,   15,  310,   40,  163,10207,   46
  240,20250320,   16,  310,   20,  163,10205,   48
  240,20250320,   17,   10,   20,  149,10204,   51
  240,20250320,   18,   20,   30,  131,10204,   55
  240,20250320,   19,   50,   30,  108,10206,   65
  240,20250320,   20,   60,   40,   88,10205,   70
  240,20250320,   21,   50,   40,   94,10203,   72
  240,20250320,   22,   60,   30,   87,10202,   75
  240,20250320,   23,  110,   20,   74,10196,   75
  240,20250320,   24,   80,   30,   85,10194,   75
  240,20250321,    1,   80,   30,   65,10191,   80
  240,20250321,    2,   90,   30,   76,10184,   76
  240,20250321,    3,   80,   20,   66,10178,   79
  240,20250321,    4,   80,   30,   63,10172,   79
  240,20250321,    5,   90,   30,   76,10170,   76
  240,20250321,    6,   80,   40,   83,10166,   73
  240,20250321,    7,  110,   40,   94,10167,   70
  240,20250321,    8,   90,   60,  119,10157,   60
  240,20250321,    9,  100,   60,  143,10151,   55
  240,20250321,   10,  110,   60,  164,10144,   51
  240,20250321,   11,  110,   70,  188,10134,   47
  240,20250321,   12,  120,   80,  197,10124,   40
  240,20250321,   13,  120,   90,  208,10112,   37
  240,20250321,   14,  120,  100,  211,10101,   37
  240,20250321,   15,  130,   70,  213,10091,   39
  240,20250321,   16,  130,   70,  209,10086,   36
  240,20250321,   17,  120,   60,  196,10082,   40
  240,20250321,   18,  120,   60,  188,10083,   41
  240,20250321,   19,  100,   50,  173,10082,   46
  240,20250321,   20,  100,   50,  168,10079,   49
  240,20250321,   21,  100,   60,  165,10078,   49
  240,20250321,   22,  110,   60,  160,10074,   48
  240,20250321,   23,  110,   60,  158,10070,   47
  240,20250321,   24,  110,   60,  156,10066,   47
  240,20250322,    1,  110,   60,  151,10064,   50
  240,20250322,    2,  100,   60,  144,10061,   53
  240,20250322,    3,  110,   50,  141,10060,   54
  240,20250322,    4,  130,   40,  127,10065,   65
  240,20250322,    5,  120,   50,  131,10062,   59
  240,20250322,    6,  100,   50,  123,10054,   61
  240,20250322,    7,  100,   60,  129,10050,   57
  240,20250322,    8,  110,   50,  136,10051,   55
  240,20250322,    9,   90,   50,  148,10048,   53
  240,20250322,   10,  100,   40,  160,10044,   49
  240,20250322,   11,  100,   60,  176,10038,   48
  240,20250322,   12,   90,   60,  176,10032,   44
  240,20250322,   13,  120,   60,  175,10029,   46
  240,20250322,   14,  120,   50,  184,10025,   46
  240,20250322,   15,  130,   50,  175,10020,   45
  240,20250322,   16,  100,   50,  167,10016,   45
  240,20250322,   17,   90,   50,  160,10017,   47
  240,20250322,   18,  100,   40,  157,10016,   46
  240,20250322,   19,  100,   50,  152,10018,   48
  240,20250322,   20,  110,   50,  144,10018,   52
  240,20250322,   21,  110,   50,  136,10016,   56
  240,20250322,   22,  110,   40,  140,10013,   59
  240,20250322,   23,  110,   40,  130,10011,   66
  240,20250322,   24,  100,   40,  127,10008,   65
  240,20250323,    1,  100,   50,  115,10005,   65
  240,20250323,    2,  100,   40,  106,10003,   65
  240,20250323,    3,  110,   40,  103,10002,   68
  240,20250323,    4,  120,   40,  107,10003,   70
  240,20250323,    5,  130,   50,  114,10007,   74
  240,20250323,    6,  120,   40,  116,10013,   77
  240,20250323,    7,  110,   30,  116,10017,   79
  240,20250323,    8,  130,   30,  121,10024,   80
  240,20250323,    9,  150,   40,  141,10029,   74
  240,20250323,   10,  170,   50,  148,10035,   71
  240,20250323,   11,  180,   40,  148,10039,   71
  240,20250323,   12,  160,   30,  151,10042,   67
  240,20250323,   13,  140,   30,  165,10043,   58
  240,20250323,   14,  200,   30,  165,10044,   57
  240,20250323,   15,  170,   30,  174,10046,   51
  240,20250323,   16,  120,   20,  171,10051,   54
  240,20250323,   17,  320,   30,  155,10057,   60
  240,20250323,   18,  330,   40,  136,10065,   66
  240,20250323,   19,  340,   30,  133,10075,   67
  240,20250323,   20,  330,   30,  129,10083,   71
  240,20250323,   21,  320,   20,  119,10089,   75
  240,20250323,   22,  360,   30,  127,10094,   76
  240,20250323,   23,  350,   20,  121,10097,   80
  240,20250323,   24,  310,   30,  103,10100,   88
  240,20250324,    1,  320,   10,  100,10102,   88
  240,20250324,    2,  320,   20,   87,10104,   92
  240,20250324,    3,  260,   10,   93,10106,   91
  240,20250324,    4,  320,   30,   86,10110,   94
  240,20250324,    5,  330,   40,   95,10117,   92
  240,20250324,    6,  350,   50,   81,10126,   95
  240,20250324,    7,  330,   40,   85,10134,   97
  240,20250324,    8,  320,   40,   86,10140,   95
  240,20250324,    9,  310,   40,   90,10145,   91
  240,20250324,   10,  310,   50,   96,10150,   84
  240,20250324,   11,  320,   40,  115,10154,   75
  240,20250324,   12,  320,   50,  124,10159,   71
  240,20250324,   13,  310,   50,  121,10163,   69
  240,20250324,   14,  320,   60,  110,10167,   75
  240,20250324,   15,  330,   60,   91,10172,   79
  240,20250324,   16,  330,   60,   76,10176,   84
  240,20250324,   17,  320,   50,   69,10179,   85
  240,20250324,   18,  330,   40,   65,10184,   85
  240,20250324,   19,  340,   50,   58,10191,   84
  240,20250324,   20,  330,   40,   57,10195,   84
  240,20250324,   21,  310,   30,   60,10202,   84
  240,20250324,   22,  310,   30,   60,10204,   83
  240,20250324,   23,  300,   20,   61,10202,   84
  240,20250324,   24,  290,   30,   63,10202,   83
  240,20250325,    1,  300,   40,   66,10202,   81
  240,20250325,    2,  270,   40,   66,10200,   81
  240,20250325,    3,  270,   20,   47,10199,   86
  240,20250325,    4,  220,   30,   51,10198,   88
  240,20250325,    5,  240,   30,   62,10199,   88
  240,20250325,    6,  250,   50,   67,10199,   86
  240,20250325,    7,  230,   50,   70,10199,   87
  240,20250325,    8,  220,   50,   75,10200,   84
  240,20250325,    9,  220,   50,   85,10203,   83
  240,20250325,   10,  220,   40,   94,10202,   81
  240,20250325,   11,  260,   60,  100,10203,   77
  240,20250325,   12,  270,   50,  111,10203,   72
  240,20250325,   13,  270,   60,  111,10200,   70
  240,20250325,   14,  280,   50,  101,10201,   73
  240,20250325,   15,  270,   50,   92,10202,   76
  240,20250325,   16,  270,   50,   92,10202,   77
  240,20250325,   17,  290,   40,   89,10205,   81
  240,20250325,   18,  300,   40,   86,10210,   85
  240,20250325,   19,  300,   40,   85,10215,   88
  240,20250325,   20,  320,   40,   85,10219,   93
  240,20250325,   21,  340,   40,   84,10222,   95
  240,20250325,   22,  340,   40,   79,10226,   91
  240,20250325,   23,  330,   30,   62,10228,   93
  240,20250325,   24,  350,   30,   69,10230,   93
  240,20250326,    1,  360,   30,   71,10230,   94
  240,20250326,    2,  330,   20,   67,10231,   95
  240,20250326,    3,  320,   20,   63,10233,   96
  240,20250326,    4,   10,   20,   71,10235,   93
  240,20250326,    5,  360,   30,   72,10239,   91
  240,20250326,    6,   20,   30,   72,10243,   91
  240,20250326,    7,   20,   30,   72,10247,   92
  240,20250326,    8,  350,   40,   89,10251,   82
  240,20250326,    9,  350,   50,   94,10255,   76
  240,20250326,   10,   20,   50,   94,10258,   74
  240,20250326,   11,  360,   50,  110,10255,   65
  240,20250326,   12,   10,   40,  112,10253,   65
  240,20250326,   13,  350,   30,  111,10250,   70
  240,20250326,   14,  330,   40,  110,10249,   72
  240,20250326,   15,  340,   40,  116,10247,   68
  240,20250326,   16,   20,   40,  113,10244,   66
  240,20250326,   17,   50,   30,  108,10246,   68
  240,20250326,   18,   90,   30,   87,10247,   74
  240,20250326,   19,   90,   20,   81,10251,   76
  240,20250326,   20,  100,   10,   65,10250,   85
  240,20250326,   21,  990,   10,   59,10250,   89
  240,20250326,   22,  300,   10,   46,10248,   94
  240,20250326,   23,    0,    0,   39,10248,   99
  240,20250326,   24,    0,    0,   36,10246,   97
  240,20250327,    1,    0,    0,   30,10243,   98
  240,20250327,    2,  310,   10,   24,10240,   99
  240,20250327,    3,  150,   10,   16,10237,   99
  240,20250327,    4,  130,   10,   16,10236,  100
  240,20250327,    5,  190,   10,    6,10232,   99
  240,20250327,    6,  180,   20,    8,10229,   98
  240,20250327,    7,  190,   20,   47,10228,   97
  240,20250327,    8,  200,   30,   82,10228,   84
  240,20250327,    9,  200,   30,  103,10225,   75
  240,20250327,   10,  250,   30,  120,10222,   69
  240,20250327,   11,  230,   30,  130,10217,   61
  240,20250327,   12,  270,   30,  142,10211,   57
  240,20250327,   13,  280,   40,  138,10205,   56
  240,20250327,   14,  240,   30,  147,10197,   56
  240,20250327,   15,  220,   30,  147,10189,   53
  240,20250327,   16,  230,   30,  145,10185,   55
  240,20250327,   17,  290,   40,  124,10181,   62
  240,20250327,   18,  310,   20,  101,10181,   68
  240,20250327,   19,  180,   20,   85,10180,   71
  240,20250327,   20,  180,   10,   80,10177,   76
  240,20250327,   21,  150,   10,   74,10172,   79
  240,20250327,   22,  180,   20,   63,10166,   82
  240,20250327,   23,  180,   20,   55,10159,   87
  240,20250327,   24,  180,   20,   41,10151,   89
  240,20250328,    1,  180,   20,   40,10146,   88
  240,20250328,    2,  200,   30,   47,10140,   88
  240,20250328,    3,  210,   20,   52,10134,   88
  240,20250328,    4,  220,   20,   51,10131,   91
  240,20250328,    5,  230,   30,   60,10128,   98
  240,20250328,    6,  230,   50,   63,10126,   97
  240,20250328,    7,  220,   50,   69,10127,   94
  240,20250328,    8,  220,   60,   80,10125,   87
  240,20250328,    9,  240,   70,   84,10126,   78
  240,20250328,   10,  240,   70,   92,10124,   77
  240,20250328,   11,  240,   60,  100,10119,   73
  240,20250328,   12,  230,   60,  110,10115,   72
  240,20250328,   13,  250,   70,  105,10112,   77
  240,20250328,   14,  220,   50,  111,10105,   78
  240,20250328,   15,  240,   60,  112,10102,   78
  240,20250328,   16,  260,   50,   96,10103,   94
  240,20250328,   17,  300,   50,   91,10106,   89
  240,20250328,   18,  330,   30,   83,10111,   85
  240,20250328,   19,  320,   20,   78,10118,   90
  240,20250328,   20,  300,   20,   69,10125,   95
  240,20250328,   21,  310,   20,   65,10131,   94
  240,20250328,   22,  310,   20,   51,10134,   98
  240,20250328,   23,  300,   20,   40,10139,   99
  240,20250328,   24,  300,   20,   48,10141,   97
  240,20250329,    1,  290,   20,   26,10146,   98
  240,20250329,    2,  280,   20,   28,10151,   97
  240,20250329,    3,  320,   10,   33,10155,   98
  240,20250329,    4,  310,   20,   23,10163,   98
  240,20250329,    5,  310,   20,   26,10171,   98
  240,20250329,    6,  300,   30,   20,10180,   99
  240,20250329,    7,  310,   20,   55,10191,   95
  240,20250329,    8,  310,   30,   84,10198,   82
  240,20250329,    9,  300,   40,   97,10204,   75
  240,20250329,   10,  290,   40,   96,10209,   71
  240,20250329,   11,  280,   60,  102,10211,   68
  240,20250329,   12,  290,   60,  105,10213,   68
  240,20250329,   13,  280,   60,  105,10214,   66
  240,20250329,   14,  300,   50,  103,10216,   66
  240,20250329,   15,  270,   40,  106,10212,   64
  240,20250329,   16,  270,   50,   91,10211,   71
  240,20250329,   17,  260,   50,   86,10208,   71
  240,20250329,   18,  250,   40,   76,10206,   77
  240,20250329,   19,  220,   50,   66,10203,   79
  240,20250329,   20,  190,   50,   65,10192,   81
  240,20250329,   21,  210,   70,   68,10184,   77
  240,20250329,   22,  210,   60,   69,10176,   77
  240,20250329,   23,  220,   80,   78,10169,   71
  240,20250329,   24,  210,   80,   81,10159,   71
  240,20250330,    1,  230,   90,   84,10154,   80
  240,20250330,    2,  240,  100,   80,10144,   93
  240,20250330,    3,  240,  110,   87,10135,   90
  240,20250330,    4,  240,   90,   91,10131,   90
  240,20250330,    5,  240,   90,   94,10134,   89
  240,20250330,    6,  250,   80,   97,10133,   88
  240,20250330,    7,  270,   80,   99,10137,   86
  240,20250330,    8,  290,  100,  108,10140,   71
  240,20250330,    9,  290,  120,  114,10145,   65
  240,20250330,   10,  290,  120,  118,10151,   65
  240,20250330,   11,  300,  130,  121,10159,   63
  240,20250330,   12,  300,  120,  121,10163,   62
  240,20250330,   13,  310,  120,  120,10168,   63
  240,20250330,   14,  310,  120,  119,10173,   62
  240,20250330,   15,  310,  100,  112,10181,   63
  240,20250330,   16,  310,  100,  106,10188,   65
  240,20250330,   17,  320,   90,  102,10193,   67
  240,20250330,   18,  310,   90,   99,10199,   68
  240,20250330,   19,  310,   80,   96,10203,   72
  240,20250330,   20,  330,   90,   92,10211,   75
  240,20250330,   21,  340,   70,   86,10214,   73
  240,20250330,   22,  340,   60,   80,10221,   75
  240,20250330,   23,  340,   60,   72,10227,   82
  240,20250330,   24,  330,   60,   71,10232,   84
  240,20250331,    1,  340,   50,   65,10236,   86
  240,20250331,    2,  340,   40,   60,10239,   87
  240,20250331,    3,  350,   40,   68,10243,   84
  240,20250331,    4,  360,   50,   72,10248,   79
  240,20250331,    5,  340,   50,   72,10254,   76
  240,20250331,    6,  360,   40,   73,10261,   76
  240,20250331,    7,  360,   40,   77,10267,   75
  240,20250331,    8,  360,   40,   86,10275,   72
  240,20250331,    9,  360,   30,   95,10280,   69
  240,20250331,   10,  350,   50,  103,10285,   63
  240,20250331,   11,  330,   50,  109,10284,   61
  240,20250331,   12,   10,   50,  110,10287,   59
  240,20250331,   13,  360,   50,  122,10285,   57
  240,20250331,   14,  350,   50,  119,10284,   54
  240,20250331,   15,   20,   50,  114,10283,   52
  240,20250331,   16,   20,   50,  110,10286,   56
  240,20250331,   17,   20,   50,  100,10289,   61
  240,20250331,   18,   10,   40,   81,10293,   69
  240,20250331,   19,   20,   50,   76,10298,   74
  240,20250331,   20,   30,   30,   64,10301,   81
  240,20250331,   21,   30,   20,   54,10300,   85
  240,20250331,   22,   30,   30,   55,10301,   87
  240,20250331,   23,   40,   30,   50,10299,   89
  240,20250331,   24,   50,   20,   43,10296,   92
  240,20250401,    1,   30,   20,   44,10293,   93
  240,20250401,    2,   60,   30,   44,10292,   93
  240,20250401,    3,   60,   40,   49,10290,   94
  240,20250401,    4,   60,   40,   45,10290,   93
  240,20250401,    5,   50,   40,   43,10292,   93
  240,20250401,    6,   50,   40,   49,10294,   93
  240,20250401,    7,   50,   50,   62,10296,   90
  240,20250401,    8,   50,   50,   77,10299,   84
  240,20250401,    9,   50,   50,   90,10299,   75
  240,20250401,   10,   50,   40,  108,10297,   66
  240,20250401,   11,   70,   50,  116,10293,   65
  240,20250401,   12,   80,   60,  123,10288,   58
  240,20250401,   13,   70,   60,  128,10280,   61
  240,20250401,   14,   70,   70,  131,10273,   51
  240,20250401,   15,   60,   70,  130,10267,   51
  240,20250401,   16,   80,   60,  139,10262,   42
  240,20250401,   17,   90,   70,  134,10261,   39
  240,20250401,   18,   80,   60,  121,10262,   45
  240,20250401,   19,   80,   40,  106,10267,   51
  240,20250401,   20,   80,   50,  101,10269,   54
  240,20250401,   21,   80,   50,   97,10270,   54
  240,20250401,   22,   80,   40,   89,10271,   57
  240,20250401,   23,   60,   40,   80,10272,   65
  240,20250401,   24,   60,   40,   74,10272,   69
  240,20250402,    1,   50,   50,   75,10269,   73
  240,20250402,    2,   60,   40,   67,10265,   74
  240,20250402,    3,   70,   50,   75,10263,   71
  240,20250402,    4,   70,   40,   72,10264,   71
  240,20250402,    5,   70,   50,   70,10263,   71
  240,20250402,    6,   60,   50,   69,10265,   74
  240,20250402,    7,   60,   50,   80,10266,   70
  240,20250402,    8,   60,   60,   95,10265,   66
  240,20250402,    9,   60,   70,  113,10262,   61
  240,20250402,   10,   60,   70,  127,10258,   56
  240,20250402,   11,   60,   80,  143,10252,   53
  240,20250402,   12,   60,   70,  153,10243,   49
  240,20250402,   13,   60,   80,  160,10235,   47
  240,20250402,   14,   70,   80,  170,10226,   43
  240,20250402,   15,   70,   90,  168,10220,   42
  240,20250402,   16,   80,   90,  168,10216,   42
  240,20250402,   17,   80,   70,  161,10215,   41
  240,20250402,   18,   90,   70,  150,10216,   40
  240,20250402,   19,   80,   70,  141,10219,   45
  240,20250402,   20,   80,   60,  140,10222,   46
  240,20250402,   21,   80,   60,  132,10226,   51
  240,20250402,   22,   90,   60,  124,10231,   55
  240,20250402,   23,   80,   50,  116,10233,   59
  240,20250402,   24,   80,   60,  112,10234,   62
  240,20250403,    1,   80,   60,  111,10234,   64
  240,20250403,    2,   80,   60,  105,10234,   66
  240,20250403,    3,   90,   60,  102,10233,   66
  240,20250403,    4,   90,   60,   98,10233,   67
  240,20250403,    5,   90,   50,   94,10235,   68
  240,20250403,    6,   90,   40,   97,10239,   68
  240,20250403,    7,   90,   60,  112,10239,   63
  240,20250403,    8,   90,   60,  129,10239,   60
  240,20250403,    9,   90,   60,  148,10240,   54
  240,20250403,   10,  110,   60,  162,10236,   48
  240,20250403,   11,  100,   70,  174,10231,   44
  240,20250403,   12,  100,   80,  188,10226,   38
  240,20250403,   13,  110,   80,  196,10224,   35
  240,20250403,   14,  120,   70,  204,10219,   34
  240,20250403,   15,  140,   70,  202,10217,   38
  240,20250403,   16,  140,   50,  198,10218,   33
  240,20250403,   17,  120,   40,  190,10218,   37
  240,20250403,   18,   90,   40,  169,10219,   42
  240,20250403,   19,   70,   30,  152,10224,   45
  240,20250403,   20,   80,   30,  141,10226,   48
  240,20250403,   21,   80,   40,  124,10225,   55
  240,20250403,   22,   80,   40,  126,10225,   54
  240,20250403,   23,   80,   50,  125,10223,   53
  240,20250403,   24,   90,   40,  128,10220,   52
  240,20250404,    1,   70,   20,   89,10219,   64
  240,20250404,    2,   50,   20,  105,10221,   59
  240,20250404,    3,   50,   20,   91,10218,   69
  240,20250404,    4,   40,   20,   81,10219,   74
  240,20250404,    5,   50,   20,   78,10218,   74
  240,20250404,    6,   60,   30,   87,10219,   77
  240,20250404,    7,   60,   30,  118,10221,   65
  240,20250404,    8,   60,   30,  144,10224,   58
  240,20250404,    9,   70,   30,  172,10220,   44
  240,20250404,   10,   60,   50,  177,10217,   46
  240,20250404,   11,   60,   60,  185,10214,   46
  240,20250404,   12,   70,   50,  198,10208,   40
  240,20250404,   13,   60,   40,  199,10203,   38
  240,20250404,   14,   50,   50,  202,10196,   37
  240,20250404,   15,   60,   60,  200,10191,   38
  240,20250404,   16,   40,   70,  193,10187,   42
  240,20250404,   17,   30,   60,  183,10186,   48
  240,20250404,   18,   40,   50,  162,10186,   54
  240,20250404,   19,   40,   70,  143,10189,   59
  240,20250404,   20,   40,   60,  123,10191,   62
  240,20250404,   21,   40,   70,  109,10191,   66
  240,20250404,   22,   40,   60,   96,10193,   65
  240,20250404,   23,   50,   60,   95,10194,   68
  240,20250404,   24,   40,   40,   88,10194,   76
  240,20250405,    1,   50,   40,   80,10191,   82
  240,20250405,    2,   40,   40,   79,10191,   86
  240,20250405,    3,   30,   40,   74,10192,   91
  240,20250405,    4,   40,   40,   77,10193,   93
  240,20250405,    5,   50,   60,   77,10194,   89
  240,20250405,    6,   50,   60,   78,10198,   84
  240,20250405,    7,   50,   70,   90,10203,   76
  240,20250405,    8,   60,   70,   98,10208,   66
  240,20250405,    9,   50,   70,  107,10210,   67
  240,20250405,   10,   50,   70,  117,10211,   61
  240,20250405,   11,   50,   60,  126,10211,   57
  240,20250405,   12,   50,   70,  137,10210,   43
  240,20250405,   13,   50,   70,  142,10207,   41
  240,20250405,   14,   40,   80,  143,10204,   42
  240,20250405,   15,   30,   80,  142,10200,   42
  240,20250405,   16,   40,   80,  136,10201,   44
  240,20250405,   17,   40,   90,  120,10204,   54
  240,20250405,   18,   40,   70,  105,10206,   57
  240,20250405,   19,   40,   60,   98,10212,   63
  240,20250405,   20,   60,   70,   97,10217,   57
  240,20250405,   21,   60,   80,   89,10223,   55
  240,20250405,   22,   60,   90,   85,10227,   50
  240,20250405,   23,   70,   70,   78,10232,   50
  240,20250405,   24,   70,   70,   72,10236,   50
  240,20250406,    1,   70,   60,   63,10239,   53
  240,20250406,    2,   70,   60,   60,10240,   53
  240,20250406,    3,   70,   60,   53,10244,   57
  240,20250406,    4,   80,   70,   48,10247,   59
  240,20250406,    5,   80,   70,   46,10252,   59
  240,20250406,    6,   80,   60,   47,10258,   59
  240,20250406,    7,  100,   70,   58,10264,   50
  240,20250406,    8,  100,   60,   71,10267,   47
  240,20250406,    9,  110,   50,   83,10269,   38
  240,20250406,   10,  120,   60,   99,10267,   35
  240,20250406,   11,  100,   70,  111,10266,   33
  240,20250406,   12,   60,   60,  110,10265,   33
  240,20250406,   13,   80,   50,  118,10262,   33
  240,20250406,   14,   60,   70,  118,10258,   37
  240,20250406,   15,   50,   70,  117,10252,   39
  240,20250406,   16,   50,   70,  112,10249,   40
  240,20250406,   17,   50,   70,  106,10245,   41
  240,20250406,   18,   70,   50,   96,10248,   42
  240,20250406,   19,   70,   50,   88,10250,   44
  240,20250406,   20,   80,   30,   71,10257,   49
  240,20250406,   21,   50,   50,   73,10259,   69
  240,20250406,   22,   60,   60,   69,10262,   59
  240,20250406,   23,   60,   50,   55,10265,   61
  240,20250406,   24,   60,   30,   37,10266,   69
  240,20250407,    1,   60,   30,   37,10264,   73
  240,20250407,    2,   70,   30,   28,10260,   75
  240,20250407,    3,   70,   30,   23,10260,   77
  240,20250407,    4,   60,   20,   26,10260,   77
  240,20250407,    5,   30,   10,   33,10265,   80
  240,20250407,    6,   70,   20,   42,10269,   79
  240,20250407,    7,   80,   30,   71,10272,   67
  240,20250407,    8,  100,   20,   91,10274,   50
  240,20250407,    9,   90,   40,  101,10277,   43
  240,20250407,   10,   60,   40,  111,10275,   41
  240,20250407,   11,   50,   30,  111,10274,   38
  240,20250407,   12,   80,   30,  118,10272,   39
  240,20250407,   13,   50,   30,  124,10270,   43
  240,20250407,   14,   40,   40,  126,10266,   41
  240,20250407,   15,   50,   30,  124,10264,   42
  240,20250407,   16,   40,   50,  121,10263,   43
  240,20250407,   17,   30,   60,  113,10263,   45
  240,20250407,   18,   30,   50,  103,10265,   50
  240,20250407,   19,   40,   60,   89,10272,   60
  240,20250407,   20,   40,   50,   82,10277,   63
  240,20250407,   21,   50,   50,   79,10277,   64
  240,20250407,   22,   60,   60,   72,10279,   64
  240,20250407,   23,   60,   50,   68,10281,   65
  240,20250407,   24,   60,   40,   66,10281,   67
  240,20250408,    1,   70,   40,   54,10281,   73
  240,20250408,    2,   70,   30,   48,10282,   72
  240,20250408,    3,   80,   30,   50,10281,   69
  240,20250408,    4,   50,   20,   39,10280,   76
  240,20250408,    5,   60,   20,   41,10282,   86
  240,20250408,    6,   60,   20,   51,10284,   82
  240,20250408,    7,   70,   40,   76,10286,   69
  240,20250408,    8,   60,   40,   90,10290,   63
  240,20250408,    9,   60,   50,  104,10289,   52
  240,20250408,   10,   60,   40,  117,10291,   53
  240,20250408,   11,   60,   40,  122,10288,   50
  240,20250408,   12,   40,   40,  129,10284,   47
  240,20250408,   13,   70,   40,  132,10278,   42
  240,20250408,   14,   60,   40,  132,10270,   39
  240,20250408,   15,   40,   40,  133,10265,   43
  240,20250408,   16,   40,   40,  125,10264,   49
  240,20250408,   17,   20,   40,  111,10263,   58
  240,20250408,   18,   10,   40,  100,10264,   64
  240,20250408,   19,   30,   50,   80,10267,   72
  240,20250408,   20,   20,   50,   70,10266,   73
  240,20250408,   21,   20,   40,   62,10265,   77
  240,20250408,   22,   10,   20,   56,10266,   80
  240,20250408,   23,   20,   30,   53,10266,   83
  240,20250408,   24,   20,   30,   47,10264,   85
  240,20250409,    1,   20,   20,   51,10260,   85
  240,20250409,    2,   30,   20,   55,10256,   85
  240,20250409,    3,   10,   20,   60,10256,   84
  240,20250409,    4,   10,   30,   60,10255,   83
  240,20250409,    5,   30,   40,   64,10258,   82
  240,20250409,    6,   30,   30,   66,10263,   81
  240,20250409,    7,   30,   40,   72,10266,   77
  240,20250409,    8,   20,   50,   82,10271,   75
  240,20250409,    9,   40,   50,   88,10275,   73
  240,20250409,   10,   20,   50,   99,10278,   69
  240,20250409,   11,   30,   50,  119,10280,   66
  240,20250409,   12,   20,   50,  112,10279,   65
  240,20250409,   13,  360,   50,  105,10283,   67
  240,20250409,   14,   30,   60,  101,10281,   64
  240,20250409,   15,   20,   50,  104,10279,   63
  240,20250409,   16,  360,   40,  107,10277,   62
  240,20250409,   17,  340,   60,   92,10282,   66
  240,20250409,   18,  350,   60,   79,10287,   68
  240,20250409,   19,  360,   40,   77,10290,   73
  240,20250409,   20,  350,   60,   75,10291,   72
  240,20250409,   21,  340,   50,   75,10293,   75
  240,20250409,   22,  340,   60,   76,10297,   75
  240,20250409,   23,  340,   50,   79,10297,   73
  240,20250409,   24,  330,   40,   81,10294,   76
  240,20250410,    1,  340,   40,   83,10293,   77
  240,20250410,    2,  330,   50,   81,10288,   78
  240,20250410,    3,  340,   40,   80,10289,   78
  240,20250410,    4,  330,   30,   76,10289,   77
  240,20250410,    5,  340,   50,   77,10291,   77
  240,20250410,    6,  340,   60,   79,10292,   78
  240,20250410,    7,  330,   60,   81,10294,   77
  240,20250410,    8,  340,   50,   88,10298,   76
  240,20250410,    9,  340,   50,   95,10299,   72
  240,20250410,   10,  350,   50,  114,10296,   69
  240,20250410,   11,  340,   50,  115,10294,   68
  240,20250410,   12,  330,   40,  127,10292,   66
  240,20250410,   13,  330,   50,  130,10289,   67
  240,20250410,   14,  340,   50,  126,10286,   66
  240,20250410,   15,  320,   50,  124,10281,   66
  240,20250410,   16,  320,   60,  112,10276,   69
  240,20250410,   17,  320,   50,  101,10272,   71
  240,20250410,   18,  310,   50,   85,10273,   77
  240,20250410,   19,  310,   40,   62,10273,   85
  240,20250410,   20,  300,   30,   58,10272,   87
  240,20250410,   21,  280,   30,   50,10267,   90
  240,20250410,   22,  290,   20,   49,10264,   91
  240,20250410,   23,  270,   20,   48,10259,   92
  240,20250410,   24,  260,   30,   46,10254,   94
  240,20250411,    1,  270,   20,   39,10249,   95
  240,20250411,    2,  260,   10,   47,10243,   98
  240,20250411,    3,  220,   30,   35,10237,   96
  240,20250411,    4,  210,   30,   39,10232,   96
  240,20250411,    5,  210,   30,   49,10231,   97
  240,20250411,    6,  230,   30,   68,10230,   97
  240,20250411,    7,  230,   30,   88,10227,   91
  240,20250411,    8,  240,   40,  113,10227,   82
  240,20250411,    9,  250,   60,  125,10225,   74
  240,20250411,   10,  250,   60,  135,10223,   69
  240,20250411,   11,  260,   60,  142,10220,   67
  240,20250411,   12,  270,   50,  150,10219,   65
  240,20250411,   13,  270,   50,  154,10215,   59
  240,20250411,   14,  280,   50,  161,10213,   59
  240,20250411,   15,  290,   40,  152,10208,   62
  240,20250411,   16,  320,   30,  150,10204,   60
  240,20250411,   17,  310,   30,  136,10199,   67
  240,20250411,   18,  320,   30,  117,10197,   70
  240,20250411,   19,  310,   20,   99,10194,   74
  240,20250411,   20,  330,   10,  108,10192,   74
  240,20250411,   21,  330,   10,   96,10190,   81
  240,20250411,   22,   40,   20,   78,10186,   89
  240,20250411,   23,   40,   10,   78,10181,   91
  240,20250411,   24,   70,   10,   70,10173,   95
  240,20250412,    1,   70,   10,   69,10166,   99
  240,20250412,    2,    0,    0,   64,10162,   99
  240,20250412,    3,   90,   10,   65,10158,   98
  240,20250412,    4,   90,   10,   60,10155,   99
  240,20250412,    5,   90,   10,   67,10151,   99
  240,20250412,    6,  140,   10,   85,10149,   95
  240,20250412,    7,  110,   40,  116,10141,   78
  240,20250412,    8,  110,   50,  144,10135,   69
  240,20250412,    9,  110,   50,  169,10127,   58
  240,20250412,   10,  130,   60,  182,10121,   49
  240,20250412,   11,  120,   70,  198,10110,   44
  240,20250412,   12,  140,   80,  206,10099,   42
  240,20250412,   13,  140,   70,  215,10086,   38
  240,20250412,   14,  130,   80,  221,10073,   36
  240,20250412,   15,  130,   80,  223,10061,   32
  240,20250412,   16,  140,   60,  222,10049,   33
  240,20250412,   17,  130,   60,  217,10038,   36
  240,20250412,   18,  120,   50,  201,10032,   40
  240,20250412,   19,  110,   40,  177,10028,   45
  240,20250412,   20,  110,   50,  178,10019,   42
  240,20250412,   21,  110,   60,  186,10010,   39
  240,20250412,   22,  180,   60,  177,10010,   45
  240,20250412,   23,  200,   60,  164,10009,   51
  240,20250412,   24,  190,   60,  166,10005,   52
  240,20250413,    1,  190,   60,  160,10000,   60
  240,20250413,    2,  200,   70,  141, 9998,   81
  240,20250413,    3,  180,   50,  130, 9993,   91
  240,20250413,    4,  190,   50,  126, 9990,   96
  240,20250413,    5,  200,   50,  128, 9991,   95
  240,20250413,    6,  210,   50,  132, 9996,   94
  240,20250413,    7,  230,   70,  137,10003,   89
  240,20250413,    8,  240,   90,  137,10012,   74
  240,20250413,    9,  250,   70,  131,10022,   75
  240,20250413,   10,  260,   70,  138,10031,   70
  240,20250413,   11,  260,   50,  145,10038,   66
  240,20250413,   12,  250,   60,  154,10043,   65
  240,20250413,   13,  250,   60,  155,10048,   63
  240,20250413,   14,  270,   60,  158,10049,   63
  240,20250413,   15,  250,   60,  164,10050,   58
  240,20250413,   16,  250,   80,  148,10055,   66
  240,20250413,   17,  250,   90,  132,10060,   63
  240,20250413,   18,  250,   80,  122,10063,   70
  240,20250413,   19,  230,   60,  118,10066,   70
  240,20250413,   20,  220,   70,  120,10068,   70
  240,20250413,   21,  210,   50,  114,10069,   74
  240,20250413,   22,  210,   50,  111,10070,   76
  240,20250413,   23,  210,   50,  102,10071,   79
  240,20250413,   24,  210,   50,  107,10073,   73
  240,20250414,    1,  240,   40,  107,10074,   72
  240,20250414,    2,  240,   50,  104,10075,   80
  240,20250414,    3,  240,   30,   98,10072,   86
  240,20250414,    4,  220,   30,   91,10078,   89
  240,20250414,    5,  210,   30,  102,10082,   89
  240,20250414,    6,  210,   40,  103,10088,   89
  240,20250414,    7,  240,   50,  107,10093,   83
  240,20250414,    8,  220,   30,  120,10094,   77
  240,20250414,    9,  200,   30,  128,10093,   71
  240,20250414,   10,  190,   40,  138,10095,   65
  240,20250414,   11,  190,   40,  151,10093,   62
  240,20250414,   12,  190,   40,  148,10090,   58
  240,20250414,   13,  170,   40,  158,10085,   53
  240,20250414,   14,  160,   40,  161,10077,   50
  240,20250414,   15,  200,   40,  161,10072,   48
  240,20250414,   16,  140,   40,  164,10067,   49
  240,20250414,   17,  120,   30,  160,10059,   49
  240,20250414,   18,   60,   40,  135,10053,   62
  240,20250414,   19,   60,   40,  127,10052,   65
  240,20250414,   20,   60,   30,  107,10048,   80
  240,20250414,   21,   90,   50,  122,10045,   70
  240,20250414,   22,   90,   50,  126,10038,   64
  240,20250414,   23,   90,   60,  130,10030,   65
  240,20250414,   24,  100,   60,  129,10022,   67
  240,20250415,    1,  100,   60,  121,10012,   72
  240,20250415,    2,  100,   60,  120,10007,   73
  240,20250415,    3,  110,   60,  115, 9999,   75
  240,20250415,    4,  100,   50,  107, 9994,   78
  240,20250415,    5,  100,   50,  108, 9989,   77
  240,20250415,    6,  110,   50,  126, 9983,   71
  240,20250415,    7,   90,   60,  148, 9976,   63
  240,20250415,    8,  120,   60,  163, 9974,   62
  240,20250415,    9,  120,   60,  181, 9971,   58
  240,20250415,   10,  150,   70,  200, 9968,   54
  240,20250415,   11,  180,   60,  205, 9966,   56
  240,20250415,   12,  150,   60,  213, 9963,   56
  240,20250415,   13,  180,   80,  192, 9968,   63
  240,20250415,   14,  180,   50,  194, 9965,   68
  240,20250415,   15,  190,   60,  189, 9968,   66
  240,20250415,   16,  270,   50,  129, 9979,   93
  240,20250415,   17,  280,   30,  128, 9984,   86
  240,20250415,   18,  300,   20,  124, 9990,   87
  240,20250415,   19,  310,   10,  116, 9995,   88
  240,20250415,   20,  120,   10,  107,10001,   96
  240,20250415,   21,  110,   10,   97,10003,   98
  240,20250415,   22,  120,   30,  115,10007,   93
  240,20250415,   23,  990,   10,  103,10010,   95
  240,20250415,   24,  160,   10,  100,10016,   96
  240,20250416,    1,  200,   30,  112,10020,   94
  240,20250416,    2,  200,   40,  113,10023,   88
  240,20250416,    3,  220,   30,  109,10030,   84
  240,20250416,    4,  260,   50,  102,10037,   82
  240,20250416,    5,  250,   50,   96,10046,   85
  240,20250416,    6,  250,   50,  100,10051,   75
  240,20250416,    7,  220,   30,  102,10063,   75
  240,20250416,    8,  210,   40,  108,10064,   71
  240,20250416,    9,  210,   50,  108,10078,   68
  240,20250416,   10,  210,   50,  109,10085,   68
  240,20250416,   11,  170,   40,  114,10087,   76
  240,20250416,   12,  210,   50,  118,10092,   63
  240,20250416,   13,  200,   50,  121,10097,   61
  240,20250416,   14,  210,   50,  126,10095,   60
  240,20250416,   15,  280,   30,  122,10100,   66
  240,20250416,   16,  280,   40,  116,10108,   68
  240,20250416,   17,  270,   30,  109,10111,   69
  240,20250416,   18,  330,   10,  109,10111,   68
  240,20250416,   19,  990,   10,  101,10117,   72
  240,20250416,   20,   10,   10,  100,10121,   75
  240,20250416,   21,  170,   10,  100,10125,   72
  240,20250416,   22,  110,   10,   90,10122,   80
  240,20250416,   23,  110,   20,   89,10124,   84
  240,20250416,   24,  180,   10,   95,10123,   81
  240,20250417,    1,  100,   10,   95,10115,   81
  240,20250417,    2,  160,   10,   90,10117,   86
  240,20250417,    3,  210,   10,   89,10118,   88
  240,20250417,    4,  220,   10,   91,10121,   87
  240,20250417,    5,  270,   20,   91,10125,   84
  240,20250417,    6,  270,   30,   98,10124,   78
  240,20250417,    7,  290,   30,  106,10124,   70
  240,20250417,    8,  310,   40,  110,10126,   68
  240,20250417,    9,  320,   40,  114,10129,   68
  240,20250417,   10,  310,   30,  116,10129,   69
  240,20250417,   11,  320,   30,  121,10128,   65
  240,20250417,   12,  310,   30,  126,10126,   64
  240,20250417,   13,   10,   30,  127,10126,   57
  240,20250417,   14,  350,   20,  128,10128,   59
  240,20250417,   15,  320,   40,  121,10131,   65
  240,20250417,   16,  340,   30,  122,10133,   63
  240,20250417,   17,  330,   40,  113,10135,   58
  240,20250417,   18,  330,   30,  105,10140,   56
  240,20250417,   19,  330,   30,   98,10144,   59
  240,20250417,   20,  350,   20,   89,10144,   67
  240,20250417,   21,  310,   30,   83,10146,   78
  240,20250417,   22,  330,   20,   80,10145,   85
  240,20250417,   23,  330,   20,   77,10147,   89
  240,20250417,   24,  340,   20,   81,10148,   87
  240,20250418,    1,  310,   10,   74,10149,   90
  240,20250418,    2,  310,   10,   76,10148,   92
  240,20250418,    3,  310,   20,   72,10148,   93
  240,20250418,    4,  300,   10,   74,10150,   93
  240,20250418,    5,   40,   10,   78,10154,   90
  240,20250418,    6,   20,   10,   82,10156,   89
  240,20250418,    7,   20,   20,   90,10154,   83
  240,20250418,    8,   60,   20,   97,10157,   74
  240,20250418,    9,  100,   10,  106,10159,   73
  240,20250418,   10,  150,   30,  123,10159,   63
  240,20250418,   11,  160,   30,  126,10153,   57
  240,20250418,   12,   90,   30,  138,10146,   55
  240,20250418,   13,  150,   20,  149,10143,   50
  240,20250418,   14,  260,   20,  156,10139,   47
  240,20250418,   15,   70,   50,  142,10137,   61
  240,20250418,   16,   60,   50,  136,10136,   61
  240,20250418,   17,   70,   50,  125,10136,   58
  240,20250418,   18,   50,   50,  111,10136,   56
  240,20250418,   19,   60,   40,   98,10136,   76
  240,20250418,   20,   60,   30,   94,10135,   80
  240,20250418,   21,   60,   30,   88,10132,   82
  240,20250418,   22,   70,   40,   89,10131,   77
  240,20250418,   23,   80,   40,   77,10132,   76
  240,20250418,   24,   80,   30,   66,10128,   77
  240,20250419,    1,   70,   30,   58,10125,   81
  240,20250419,    2,   60,   30,   58,10123,   84
  240,20250419,    3,   80,   10,   64,10121,   86
  240,20250419,    4,   70,   20,   50,10117,   93
  240,20250419,    5,   70,   30,   50,10119,   92
  240,20250419,    6,   80,   20,   80,10119,   88
  240,20250419,    7,   70,   30,   93,10120,   82
  240,20250419,    8,   80,   40,  105,10116,   72
  240,20250419,    9,   50,   40,  115,10114,   65
  240,20250419,   10,   60,   40,  119,10114,   64
  240,20250419,   11,   40,   40,  132,10109,   57
  240,20250419,   12,   50,   50,  123,10106,   59
  240,20250419,   13,   70,   60,  130,10102,   58
  240,20250419,   14,   50,   60,  130,10097,   53
  240,20250419,   15,   50,   50,  137,10093,   54
  240,20250419,   16,   40,   50,  133,10091,   56
  240,20250419,   17,   40,   50,  126,10086,   59
  240,20250419,   18,   20,   40,  109,10083,   64
  240,20250419,   19,   20,   50,   93,10087,   73
  240,20250419,   20,   30,   50,   82,10091,   78
  240,20250419,   21,   30,   40,   76,10090,   82
  240,20250419,   22,   20,   40,   67,10087,   86
  240,20250419,   23,   30,   30,   64,10083,   86
  240,20250419,   24,   30,   30,   62,10080,   87
  240,20250420,    1,   20,   20,   53,10078,   89
  240,20250420,    2,   10,   20,   56,10076,   88
  240,20250420,    3,   10,   20,   56,10073,   88
  240,20250420,    4,  320,   10,   36,10073,   91
  240,20250420,    5,  320,   10,   39,10074,   93
  240,20250420,    6,  330,   10,   56,10077,   92
  240,20250420,    7,   40,   30,   89,10076,   79
  240,20250420,    8,   40,   30,   99,10075,   75
  240,20250420,    9,   10,   40,  113,10076,   70
  240,20250420,   10,   50,   30,  126,10075,   65
  240,20250420,   11,   70,   40,  130,10074,   64
  240,20250420,   12,   50,   30,  131,10074,   63
  240,20250420,   13,   70,   40,  142,10073,   64
  240,20250420,   14,   60,   30,  147,10074,   61
  240,20250420,   15,   70,   50,  143,10071,   66
  240,20250420,   16,   70,   40,  133,10072,   70
  240,20250420,   17,   70,   30,  126,10072,   73
  240,20250420,   18,   30,   40,  118,10072,   71
  240,20250420,   19,   50,   40,  106,10078,   75
  240,20250420,   20,   20,   40,  104,10081,   76
  240,20250420,   21,   50,   30,  103,10082,   77
  240,20250420,   22,   50,   20,  103,10085,   78
  240,20250420,   23,   60,   20,  102,10084,   81
  240,20250420,   24,  360,   10,  103,10083,   80
  240,20250421,    1,   10,   20,  103,10079,   81
  240,20250421,    2,   80,   10,   98,10079,   87
  240,20250421,    3,  100,   20,   95,10079,   91
  240,20250421,    4,  100,   20,   91,10079,   92
  240,20250421,    5,   80,   10,   90,10082,   96
  240,20250421,    6,   40,   10,   93,10084,   96
  240,20250421,    7,  100,   10,   98,10087,   97
  240,20250421,    8,  160,   10,  106,10088,   97
  240,20250421,    9,  170,   20,  115,10093,   94
  240,20250421,   10,  190,   30,  125,10096,   88
  240,20250421,   11,  200,   30,  136,10097,   81
  240,20250421,   12,  220,   20,  141,10098,   77
  240,20250421,   13,  330,   30,  135,10100,   88
  240,20250421,   14,   10,   20,  138,10101,   84
  240,20250421,   15,  330,   20,  132,10104,   90
  240,20250421,   16,   60,   20,  130,10107,   91
  240,20250421,   17,    0,    0,  130,10110,   94
  240,20250421,   18,  170,   20,  128,10113,   93
  240,20250421,   19,  190,   10,  121,10118,   95
  240,20250421,   20,  280,   20,  114,10123,   94
  240,20250421,   21,  280,   30,  106,10127,   95
  240,20250421,   22,  290,   30,  103,10132,   97
  240,20250421,   23,  260,   40,  107,10138,   92
  240,20250421,   24,  240,   40,  105,10139,   91
  240,20250422,    1,  250,   40,   96,10141,   95
  240,20250422,    2,  230,   40,  100,10141,   89
  240,20250422,    3,  210,   30,  105,10141,   89
  240,20250422,    4,  180,   30,  106,10141,   90
  240,20250422,    5,  190,   40,  110,10143,   89
  240,20250422,    6,  250,   50,  107,10149,   92
  240,20250422,    7,  260,   60,  109,10158,   89
  240,20250422,    8,  240,   60,  104,10165,   88
  240,20250422,    9,  240,   40,  107,10170,   88
  240,20250422,   10,  270,   50,  113,10174,   85
  240,20250422,   11,  290,   40,  129,10174,   81
  240,20250422,   12,  280,   40,  135,10176,   77
  240,20250422,   13,  280,   40,  147,10177,   72
  240,20250422,   14,  260,   60,  144,10177,   64
  240,20250422,   15,  260,   50,  147,10177,   64
  240,20250422,   16,  290,   40,  140,10177,   70
  240,20250422,   17,  290,   30,  129,10178,   73
  240,20250422,   18,  320,   20,  112,10177,   79
  240,20250422,   19,  310,   20,  104,10179,   84
  240,20250422,   20,  360,   10,   93,10181,   89
  240,20250422,   21,    0,    0,   91,10180,   95
  240,20250422,   22,  100,   20,   80,10182,   96
  240,20250422,   23,    0,    0,   86,10181,   97
  240,20250422,   24,   70,   10,   77,10178,   95
  240,20250423,    1,    0,    0,   78,10171,   98
  240,20250423,    2,  990,   10,   81,10167,   98
  240,20250423,    3,   70,   20,   67,10160,   99
  240,20250423,    4,  110,   10,   80,10154,   98
  240,20250423,    5,   90,   10,   79,10151,   99
  240,20250423,    6,   80,   20,   86,10150,   99
  240,20250423,    7,   80,   20,  129,10146,   84
  240,20250423,    8,   90,   20,  137,10144,   65
  240,20250423,    9,  110,   40,  146,10143,   62
  240,20250423,   10,  120,   40,  152,10142,   63
  240,20250423,   11,  140,   40,  151,10139,   65
  240,20250423,   12,  120,   40,  148,10139,   66
  240,20250423,   13,   90,   40,  145,10139,   72
  240,20250423,   14,   80,   30,  137,10136,   75
  240,20250423,   15,   70,   20,  141,10136,   75
  240,20250423,   16,   20,   40,  139,10137,   76
  240,20250423,   17,   20,   30,  136,10137,   76
  240,20250423,   18,   30,   30,  139,10138,   80
  240,20250423,   19,   20,   30,  135,10141,   79
  240,20250423,   20,   20,   40,  133,10148,   86
  240,20250423,   21,   30,   40,  131,10154,   84
  240,20250423,   22,   10,   40,  121,10155,   90
  240,20250423,   23,   10,   40,  113,10156,   89
  240,20250423,   24,   20,   50,  107,10161,   89
  240,20250424,    1,   10,   30,  103,10160,   92
  240,20250424,    2,   20,   50,  102,10161,   94
  240,20250424,    3,   20,   40,  102,10161,   95
  240,20250424,    4,   10,   30,  102,10163,   95
  240,20250424,    5,   10,   40,  103,10165,   95
  240,20250424,    6,  360,   40,  106,10170,   94
  240,20250424,    7,   10,   40,  111,10173,   92
  240,20250424,    8,   20,   50,  118,10175,   91
  240,20250424,    9,   20,   40,  125,10178,   87
  240,20250424,   10,   20,   40,  129,10181,   85
  240,20250424,   11,   20,   50,  119,10184,   91
  240,20250424,   12,   10,   50,  123,10187,   92
  240,20250424,   13,  360,   50,  118,10188,   93
  240,20250424,   14,   40,   50,  121,10189,   86
  240,20250424,   15,   40,   50,  122,10190,   86
  240,20250424,   16,   30,   60,  115,10193,   90
  240,20250424,   17,   20,   40,  111,10195,   90
  240,20250424,   18,   30,   40,  107,10200,   91
  240,20250424,   19,   30,   50,  104,10208,   91
  240,20250424,   20,   10,   40,  100,10213,   87
  240,20250424,   21,   20,   30,  100,10217,   91
  240,20250424,   22,   20,   40,   97,10218,   89
  240,20250424,   23,   30,   40,   94,10220,   86
  240,20250424,   24,   30,   40,   93,10220,   87
  240,20250425,    1,   20,   30,   90,10219,   89
  240,20250425,    2,   10,   40,   89,10219,   88
  240,20250425,    3,   20,   30,   87,10219,   89
  240,20250425,    4,   20,   40,   87,10220,   89
  240,20250425,    5,   30,   40,   85,10226,   85
  240,20250425,    6,   20,   40,   87,10231,   82
  240,20250425,    7,   30,   50,   91,10233,   80
  240,20250425,    8,   30,   40,  100,10234,   78
  240,20250425,    9,   10,   40,  103,10239,   76
  240,20250425,   10,   40,   40,  113,10238,   72
  240,20250425,   11,   10,   40,  123,10235,   71
  240,20250425,   12,   60,   50,  128,10232,   69
  240,20250425,   13,   60,   40,  131,10232,   65
  240,20250425,   14,   60,   50,  132,10230,   65
  240,20250425,   15,   70,   40,  133,10228,   66
  240,20250425,   16,   50,   40,  132,10228,   66
  240,20250425,   17,   60,   30,  123,10227,   65
  240,20250425,   18,   50,   30,  114,10226,   73
  240,20250425,   19,   50,   30,   95,10229,   82
  240,20250425,   20,   50,   20,   91,10234,   85
  240,20250425,   21,   20,   20,   88,10233,   87
  240,20250425,   22,   70,   20,   84,10234,   93
  240,20250425,   23,   80,   30,   72,10236,   93
  240,20250425,   24,   70,   20,   75,10237,   94
  240,20250426,    1,   60,   30,   64,10233,   95
  240,20250426,    2,   50,   20,   65,10231,   98
  240,20250426,    3,   20,   10,   70,10229,   97
  240,20250426,    4,   40,   10,   67,10229,   99
  240,20250426,    5,   60,   30,   68,10230,   97
  240,20250426,    6,   60,   30,   92,10233,   92
  240,20250426,    7,   50,   40,  108,10234,   86
  240,20250426,    8,   40,   40,  118,10236,   84
  240,20250426,    9,   50,   50,  125,10238,   82
  240,20250426,   10,   60,   40,  131,10236,   79
  240,20250426,   11,   50,   40,  140,10234,   72
  240,20250426,   12,   60,   40,  153,10233,   66
  240,20250426,   13,   60,   40,  161,10231,   59
  240,20250426,   14,   50,   40,  170,10228,   47
  240,20250426,   15,   60,   40,  168,10227,   56
  240,20250426,   16,   50,   30,  172,10225,   56
  240,20250426,   17,   40,   40,  166,10225,   56
  240,20250426,   18,   30,   40,  156,10227,   57
  240,20250426,   19,   30,   30,  142,10229,   63
  240,20250426,   20,   30,   30,  133,10233,   67
  240,20250426,   21,   30,   30,  120,10236,   76
  240,20250426,   22,   30,   30,  113,10235,   82
  240,20250426,   23,   30,   30,  103,10237,   87
  240,20250426,   24,   20,   20,  104,10237,   88
  240,20250427,    1,   30,   10,   96,10236,   93
  240,20250427,    2,   30,   10,   89,10237,   96
  240,20250427,    3,   50,   20,   90,10237,   98
  240,20250427,    4,   60,   10,   79,10239,   94
  240,20250427,    5,   70,   10,   79,10242,   92
  240,20250427,    6,   80,   10,  111,10246,   74
  240,20250427,    7,   80,   10,  131,10250,   63
  240,20250427,    8,  100,   10,  151,10253,   58
  240,20250427,    9,   70,   10,  173,10255,   50
  240,20250427,   10,   50,   20,  181,10255,   48
  240,20250427,   11,   40,   20,  189,10253,   43
  240,20250427,   12,  360,   20,  190,10256,   45
  240,20250427,   13,   70,   40,  192,10255,   44
  240,20250427,   14,   40,   30,  195,10254,   45
  240,20250427,   15,   70,   20,  191,10253,   43
  240,20250427,   16,   90,   30,  186,10253,   42
  240,20250427,   17,   30,   30,  183,10255,   43
  240,20250427,   18,   10,   30,  169,10256,   46
  240,20250427,   19,  340,   20,  136,10261,   62
  240,20250427,   20,   30,   10,  134,10266,   65
  240,20250427,   21,   10,   10,  116,10267,   73
  240,20250427,   22,   50,   10,  116,10269,   73
  240,20250427,   23,   20,   10,   95,10270,   81
  240,20250427,   24,  330,   10,   91,10269,   84
  240,20250428,    1,    0,    0,   80,10266,   94
  240,20250428,    2,  330,   10,   76,10267,   94
  240,20250428,    3,  310,   10,   67,10268,   96
  240,20250428,    4,    0,    0,   73,10268,   98
  240,20250428,    5,    0,    0,   79,10268,   97
  240,20250428,    6,  330,   10,  111,10274,   90
  240,20250428,    7,  310,   10,  142,10278,   70
  240,20250428,    8,  990,   10,  165,10279,   54
  240,20250428,    9,  300,   10,  177,10280,   44
  240,20250428,   10,  990,   10,  187,10280,   44
  240,20250428,   11,   70,   20,  195,10277,   39
  240,20250428,   12,   30,   20,  202,10274,   39
  240,20250428,   13,   40,   20,  204,10273,   36
  240,20250428,   14,   10,   30,  208,10270,   37
  240,20250428,   15,  350,   50,  207,10267,   42
  240,20250428,   16,  330,   40,  199,10269,   43
  240,20250428,   17,  340,   50,  190,10268,   45
  240,20250428,   18,  340,   40,  176,10267,   51
  240,20250428,   19,  350,   30,  148,10272,   54
  240,20250428,   20,   10,   20,  144,10275,   53
  240,20250428,   21,   10,   20,  133,10274,   60
  240,20250428,   22,  360,   10,  120,10274,   63
  240,20250428,   23,  320,   20,  106,10276,   74
  240,20250428,   24,  990,   10,   93,10276,   83
  240,20250429,    1,    0,    0,   90,10274,   85
  240,20250429,    2,  350,   10,   80,10273,   87
  240,20250429,    3,    0,    0,   76,10274,   93
  240,20250429,    4,  330,   10,   71,10274,   96
  240,20250429,    5,   20,   10,   96,10277,   96
  240,20250429,    6,   40,   10,  134,10281,   85
  240,20250429,    7,   50,   30,  148,10282,   79
  240,20250429,    8,   70,   30,  160,10282,   74
  240,20250429,    9,   70,   30,  172,10281,   63
  240,20250429,   10,   60,   20,  183,10279,   55
  240,20250429,   11,   50,   20,  195,10276,   48
  240,20250429,   12,   40,   30,  201,10273,   48
  240,20250429,   13,   50,   30,  206,10269,   45
  240,20250429,   14,   60,   30,  207,10265,   44
  240,20250429,   15,   30,   40,  211,10260,   40
  240,20250429,   16,   20,   40,  206,10256,   39
  240,20250429,   17,   50,   40,  196,10252,   49
  240,20250429,   18,   40,   40,  181,10250,   60
  240,20250429,   19,   50,   40,  164,10252,   70
  240,20250429,   20,   40,   50,  159,10256,   76
  240,20250429,   21,   50,   40,  146,10255,   82
  240,20250429,   22,   50,   40,  145,10255,   84
  240,20250429,   23,   60,   40,  138,10254,   86
  240,20250429,   24,   60,   30,  126,10254,   90
  240,20250430,    1,   70,   30,  116,10251,   90
  240,20250430,    2,   70,   20,  113,10249,   90
  240,20250430,    3,   70,   10,  116,10247,   93
  240,20250430,    4,   70,   10,  116,10246,   93
  240,20250430,    5,   70,   20,  120,10245,   89
  240,20250430,    6,   80,   20,  141,10246,   83
  240,20250430,    7,   90,   20,  166,10246,   72
  240,20250430,    8,   90,   20,  184,10244,   67
  240,20250430,    9,   50,   20,  201,10243,   58
  240,20250430,   10,   70,   20,  212,10242,   51
  240,20250430,   11,   90,   20,  221,10239,   46
  240,20250430,   12,   40,   30,  226,10236,   47
  240,20250430,   13,   10,   20,  232,10233,   42
  240,20250430,   14,   90,   20,  233,10226,   41
  240,20250430,   15,   30,   20,  238,10221,   43
  240,20250430,   16,   50,   40,  232,10215,   44
  240,20250430,   17,   70,   40,  221,10213,   48
  240,20250430,   18,   70,   30,  203,10212,   55
  240,20250430,   19,   50,   30,  179,10215,   67
  240,20250430,   20,   50,   30,  163,10215,   75
  240,20250430,   21,   40,   20,  147,10213,   81
  240,20250430,   22,   40,   20,  155,10213,   81
  240,20250430,   23,   40,   10,  145,10211,   88
  240,20250430,   24,   20,   10,  132,10209,   93
  240,20250501,    1,  330,   10,  126,10207,   92
  240,20250501,    2,    0,    0,  116,10205,   99
  240,20250501,    3,   70,   10,  122,10201,   98
  240,20250501,    4,   90,   10,  125,10199,   99
  240,20250501,    5,   60,   10,  117,10199,   99
  240,20250501,    6,   90,   10,  158,10200,   85
  240,20250501,    7,  130,   20,  187,10198,   65
  240,20250501,    8,  160,   20,  213,10196,   61
  240,20250501,    9,  120,   20,  231,10193,   51
  240,20250501,   10,  110,   30,  242,10190,   42
  240,20250501,   11,  110,   20,  251,10186,   35
  240,20250501,   12,  180,   40,  259,10180,   33
  240,20250501,   13,  220,   30,  260,10177,   32
  240,20250501,   14,  210,   50,  268,10167,   32
  240,20250501,   15,  270,   40,  257,10162,   33
  240,20250501,   16,  280,   40,  255,10159,   30
  240,20250501,   17,  300,   30,  249,10155,   34
  240,20250501,   18,  320,   20,  220,10152,   44
  240,20250501,   19,  320,   20,  197,10153,   55
  240,20250501,   20,   10,   10,  195,10154,   56
  240,20250501,   21,   40,   10,  172,10152,   66
  240,20250501,   22,    0,    0,  167,10150,   71
  240,20250501,   23,  330,   10,  158,10150,   76
  240,20250501,   24,  320,   10,  149,10148,   81
  240,20250502,    1,  120,   10,  139,10145,   85
  240,20250502,    2,  150,   10,  133,10141,   86
  240,20250502,    3,  140,   10,  125,10138,   93
  240,20250502,    4,   90,   10,  125,10135,   91
  240,20250502,    5,  310,   20,  135,10142,   80
  240,20250502,    6,    0,    0,  172,10140,   65
  240,20250502,    7,  990,   10,  195,10140,   50
  240,20250502,    8,   80,   10,  205,10138,   53
  240,20250502,    9,   50,   10,  229,10134,   44
  240,20250502,   10,  320,   20,  238,10138,   43
  240,20250502,   11,  310,   50,  211,10145,   58
  240,20250502,   12,  320,   40,  222,10145,   53
  240,20250502,   13,  340,   40,  229,10145,   51
  240,20250502,   14,  340,   40,  232,10142,   51
  240,20250502,   15,  360,   50,  221,10138,   54
  240,20250502,   16,  350,   40,  214,10141,   58
  240,20250502,   17,  350,   40,  204,10146,   59
  240,20250502,   18,   20,   40,  183,10147,   67
  240,20250502,   19,   20,   50,  162,10147,   74
  240,20250502,   20,   20,   40,  145,10155,   81
  240,20250502,   21,   40,   50,  134,10153,   79
  240,20250502,   22,   40,   40,  126,10154,   77
  240,20250502,   23,   40,   40,  119,10156,   74
  240,20250502,   24,   40,   40,  118,10155,   69
  240,20250503,    1,   40,   20,  110,10152,   69
  240,20250503,    2,  100,   20,  103,10148,   74
  240,20250503,    3,  100,   20,   95,10143,   71
  240,20250503,    4,   70,   20,   98,10137,   69
  240,20250503,    5,  100,   20,   94,10136,   78
  240,20250503,    6,  100,   20,  115,10135,   72
  240,20250503,    7,   70,   40,  129,10129,   64
  240,20250503,    8,   60,   30,  136,10125,   58
  240,20250503,    9,   40,   20,  150,10117,   56
  240,20250503,   10,  100,   20,  156,10117,   56
  240,20250503,   11,  320,   30,  161,10112,   55
  240,20250503,   12,  330,   50,  165,10110,   52
  240,20250503,   13,  330,   40,  169,10107,   41
  240,20250503,   14,  320,   60,  165,10107,   50
  240,20250503,   15,  320,   70,  154,10108,   52
  240,20250503,   16,  320,   70,  138,10108,   63
  240,20250503,   17,  330,   70,  124,10108,   75
  240,20250503,   18,  330,   80,  115,10114,   71
  240,20250503,   19,  330,   80,  105,10120,   67
  240,20250503,   20,  330,   60,   97,10126,   72
  240,20250503,   21,  320,   60,   97,10127,   74
  240,20250503,   22,  330,   50,   95,10131,   76
  240,20250503,   23,  330,   40,   96,10131,   78
  240,20250503,   24,  320,   60,  102,10132,   77
  240,20250504,    1,  320,   30,  101,10135,   75
  240,20250504,    2,  330,   50,  102,10135,   75
  240,20250504,    3,  330,   50,   99,10133,   77
  240,20250504,    4,  350,   50,   90,10136,   83
  240,20250504,    5,  330,   40,   91,10139,   76
  240,20250504,    6,  340,   60,   99,10142,   71
  240,20250504,    7,  350,   70,  102,10145,   64
  240,20250504,    8,  330,   60,  105,10147,   61
  240,20250504,    9,  340,   70,  109,10150,   65
  240,20250504,   10,  360,   50,  108,10152,   61
  240,20250504,   11,  350,   60,  124,10152,   55
  240,20250504,   12,   20,   50,  124,10154,   58
  240,20250504,   13,  330,   70,  119,10156,   57
  240,20250504,   14,  340,   70,  112,10156,   56
  240,20250504,   15,  310,   80,  125,10156,   55
  240,20250504,   16,  340,   60,  123,10157,   54
  240,20250504,   17,  330,   70,  112,10157,   52
  240,20250504,   18,  350,   60,   92,10162,   64
  240,20250504,   19,  330,   50,   84,10163,   68
  240,20250504,   20,  340,   40,   75,10166,   72
  240,20250504,   21,  340,   50,   73,10164,   70
  240,20250504,   22,  350,   30,   63,10168,   75
  240,20250504,   23,  360,   20,   64,10168,   73
  240,20250504,   24,  310,   20,   50,10166,   81
  240,20250505,    1,  310,   10,   50,10166,   81
  240,20250505,    2,  320,   10,   42,10168,   92
  240,20250505,    3,    0,    0,   39,10171,   93
  240,20250505,    4,   90,   10,   49,10173,   90
  240,20250505,    5,   70,   10,   49,10175,   92
  240,20250505,    6,   30,   10,   77,10180,   85
  240,20250505,    7,  350,   20,   96,10184,   73
  240,20250505,    8,   80,   50,   97,10190,   73
  240,20250505,    9,   60,   70,  107,10196,   62
  240,20250505,   10,   50,   70,  118,10199,   54
  240,20250505,   11,   30,   60,  130,10199,   46
  240,20250505,   12,   50,   70,  134,10198,   38
  240,20250505,   13,   50,   70,  142,10197,   39
  240,20250505,   14,   30,   80,  142,10198,   42
  240,20250505,   15,   30,   80,  140,10196,   44
  240,20250505,   16,   20,   70,  132,10197,   43
  240,20250505,   17,   30,   90,  122,10200,   45
  240,20250505,   18,   30,   70,  112,10206,   46
  240,20250505,   19,   20,   70,   98,10211,   49
  240,20250505,   20,   20,   50,   92,10216,   56
  240,20250505,   21,   20,   50,   86,10219,   63
  240,20250505,   22,   20,   50,   81,10222,   64
  240,20250505,   23,  360,   30,   69,10224,   68
  240,20250505,   24,   10,   20,   63,10222,   73
  240,20250506,    1,   20,   30,   61,10222,   76
  240,20250506,    2,   20,   20,   57,10222,   80
  240,20250506,    3,   20,   20,   57,10223,   81
  240,20250506,    4,  360,   20,   38,10223,   85
  240,20250506,    5,  340,   30,   61,10226,   81
  240,20250506,    6,  360,   30,   85,10229,   68
  240,20250506,    7,   20,   40,  101,10231,   60
  240,20250506,    8,   10,   40,  103,10232,   63
  240,20250506,    9,  360,   50,  114,10233,   61
  240,20250506,   10,   20,   40,  115,10233,   66
  240,20250506,   11,   10,   40,  118,10230,   71
  240,20250506,   12,   10,   50,  116,10227,   72
  240,20250506,   13,   10,   40,  131,10223,   66
  240,20250506,   14,   20,   50,  128,10222,   66
  240,20250506,   15,  350,   60,  120,10222,   71
  240,20250506,   16,  360,   60,  111,10226,   74
  240,20250506,   17,   10,   50,  110,10227,   70
  240,20250506,   18,  360,   50,  108,10226,   71
  240,20250506,   19,  360,   40,  106,10226,   72
  240,20250506,   20,  350,   30,  106,10228,   71
  240,20250506,   21,   10,   60,  101,10230,   73
  240,20250506,   22,   10,   40,   96,10230,   72
  240,20250506,   23,   10,   40,   96,10230,   72
  240,20250506,   24,   30,   40,   94,10228,   71
  240,20250507,    1,   20,   20,   90,10227,   72
  240,20250507,    2,   10,   30,   89,10224,   69
  240,20250507,    3,   10,   20,   86,10224,   70
  240,20250507,    4,  360,   20,   71,10224,   76
  240,20250507,    5,  360,   20,   85,10226,   74
  240,20250507,    6,  340,   30,   91,10226,   74
  240,20250507,    7,  360,   50,   98,10226,   71
  240,20250507,    8,   20,   40,  103,10227,   72
  240,20250507,    9,   20,   40,  109,10227,   70
  240,20250507,   10,   10,   40,  121,10224,   67
  240,20250507,   11,   40,   50,  134,10221,   62
  240,20250507,   12,   40,   50,  139,10217,   60
  240,20250507,   13,   30,   40,  151,10213,   57
  240,20250507,   14,   50,   40,  148,10209,   56
  240,20250507,   15,   30,   50,  152,10206,   53
  240,20250507,   16,   30,   50,  142,10204,   62
  240,20250507,   17,   20,   60,  125,10203,   67
  240,20250507,   18,   30,   60,  114,10204,   68
  240,20250507,   19,   20,   50,  106,10206,   71
  240,20250507,   20,   20,   40,   97,10207,   77
  240,20250507,   21,   20,   40,   95,10207,   82
  240,20250507,   22,   20,   50,   91,10208,   85
  240,20250507,   23,   30,   40,   87,10207,   89
  240,20250507,   24,   20,   40,   88,10204,   89
  240,20250508,    1,   10,   30,   87,10198,   90
  240,20250508,    2,   20,   30,   82,10197,   91
  240,20250508,    3,   20,   30,   77,10194,   92
  240,20250508,    4,   20,   30,   76,10192,   90
  240,20250508,    5,   30,   30,   89,10194,   87
  240,20250508,    6,   30,   30,  102,10196,   86
  240,20250508,    7,   40,   40,  115,10196,   83
  240,20250508,    8,   40,   30,  133,10195,   73
  240,20250508,    9,   50,   40,  146,10195,   66
  240,20250508,   10,   60,   30,  156,10194,   57
  240,20250508,   11,   60,   30,  168,10191,   47
  240,20250508,   12,   80,   30,  176,10189,   39
  240,20250508,   13,   60,   50,  179,10187,   39
  240,20250508,   14,   70,   50,  179,10186,   36
  240,20250508,   15,   70,   50,  178,10183,   33
  240,20250508,   16,   70,   50,  177,10183,   34
  240,20250508,   17,   50,   50,  164,10184,   39
  240,20250508,   18,   30,   50,  156,10186,   46
  240,20250508,   19,   50,   40,  144,10186,   47
  240,20250508,   20,   30,   20,  133,10194,   52
  240,20250508,   21,   90,   50,  130,10199,   44
  240,20250508,   22,   80,   40,  111,10201,   51
  240,20250508,   23,   80,   40,   95,10204,   55
  240,20250508,   24,   80,   30,  100,10204,   55
  240,20250509,    1,   70,   20,   95,10205,   64
  240,20250509,    2,   70,   20,   90,10207,   63
  240,20250509,    3,   60,   20,   89,10207,   69
  240,20250509,    4,   60,   20,   79,10209,   77
  240,20250509,    5,   50,   20,   86,10213,   83
  240,20250509,    6,   60,   30,  119,10216,   70
  240,20250509,    7,   70,   30,  138,10220,   55
  240,20250509,    8,   60,   40,  158,10223,   40
  240,20250509,    9,   70,   50,  167,10224,   41
  240,20250509,   10,   70,   60,  174,10222,   38
  240,20250509,   11,   60,   50,  181,10220,   39
  240,20250509,   12,   50,   60,  181,10218,   38
  240,20250509,   13,   40,   50,  183,10216,   39
  240,20250509,   14,   60,   50,  186,10212,   38
  240,20250509,   15,   50,   60,  188,10209,   37
  240,20250509,   16,   40,   60,  186,10206,   41
  240,20250509,   17,   40,   60,  179,10204,   45
  240,20250509,   18,   60,   60,  168,10205,   50
  240,20250509,   19,   40,   60,  156,10209,   50
  240,20250509,   20,   40,   60,  144,10215,   59
  240,20250509,   21,   50,   60,  135,10218,   64
  240,20250509,   22,   60,   50,  129,10221,   65
  240,20250509,   23,   60,   50,  124,10222,   63
  240,20250509,   24,   60,   40,  113,10221,   67
  240,20250510,    1,   60,   50,  111,10220,   69
  240,20250510,    2,   70,   40,   98,10219,   71
  240,20250510,    3,   70,   20,   89,10218,   75
  240,20250510,    4,   60,   20,   86,10218,   77
  240,20250510,    5,   80,   30,  101,10218,   72
  240,20250510,    6,   80,   30,  123,10220,   64
  240,20250510,    7,  100,   20,  140,10220,   58
  240,20250510,    8,   90,   20,  162,10218,   51
  240,20250510,    9,   80,   20,  186,10216,   44
  240,20250510,   10,  100,   40,  197,10213,   38
  240,20250510,   11,  100,   40,  198,10208,   36
  240,20250510,   12,   50,   60,  205,10202,   36
  240,20250510,   13,   60,   50,  207,10196,   37
  240,20250510,   14,   60,   50,  206,10189,   36
  240,20250510,   15,   70,   70,  210,10183,   37
  240,20250510,   16,   60,   60,  208,10179,   38
  240,20250510,   17,   60,   60,  203,10175,   39
  240,20250510,   18,   60,   60,  192,10172,   43
  240,20250510,   19,   70,   60,  177,10174,   46
  240,20250510,   20,   70,   40,  168,10177,   47
  240,20250510,   21,   70,   50,  158,10178,   55
  240,20250510,   22,   70,   50,  151,10176,   57
  240,20250510,   23,   80,   50,  138,10176,   58
  240,20250510,   24,   80,   50,  134,10177,   60
  240,20250511,    1,   80,   50,  128,10173,   64
  240,20250511,    2,   80,   40,  119,10170,   70
  240,20250511,    3,   80,   30,  111,10166,   73
  240,20250511,    4,   70,   20,  104,10161,   77
  240,20250511,    5,   80,   20,  118,10159,   75
  240,20250511,    6,   90,   40,  139,10157,   67
  240,20250511,    7,  100,   40,  159,10155,   57
  240,20250511,    8,  110,   50,  179,10152,   50
  240,20250511,    9,  100,   40,  201,10150,   43
  240,20250511,   10,  130,   50,  214,10146,   38
  240,20250511,   11,  120,   60,  228,10142,   32
  240,20250511,   12,  120,   70,  238,10137,   28
  240,20250511,   13,  120,   70,  239,10132,   26
  240,20250511,   14,  120,   70,  241,10128,   25
  240,20250511,   15,  120,   60,  245,10122,   27
  240,20250511,   16,  120,   50,  244,10120,   26
  240,20250511,   17,  120,   40,  239,10116,   30
  240,20250511,   18,   90,   40,  226,10114,   33
  240,20250511,   19,   80,   30,  199,10114,   43
  240,20250511,   20,   80,   30,  183,10118,   48
  240,20250511,   21,   90,   40,  175,10119,   52
  240,20250511,   22,   90,   40,  175,10120,   52
  240,20250511,   23,   90,   40,  166,10121,   55
  240,20250511,   24,   90,   40,  157,10120,   59
  240,20250512,    1,  100,   50,  163,10120,   56
  240,20250512,    2,  100,   50,  152,10121,   59
  240,20250512,    3,  100,   40,  142,10122,   62
  240,20250512,    4,   90,   40,  135,10123,   64
  240,20250512,    5,   90,   40,  144,10125,   60
  240,20250512,    6,  100,   50,  159,10128,   56
  240,20250512,    7,  120,   60,  172,10131,   51
  240,20250512,    8,  110,   60,  192,10135,   47
  240,20250512,    9,  110,   50,  207,10136,   45
  240,20250512,   10,   80,   50,  218,10136,   42
  240,20250512,   11,   80,   60,  229,10136,   40
  240,20250512,   12,   90,   60,  235,10135,   36
  240,20250512,   13,  100,   70,  239,10135,   34
  240,20250512,   14,   80,   70,  238,10134,   33
  240,20250512,   15,   90,   60,  236,10132,   32
  240,20250512,   16,   70,   60,  231,10133,   34
  240,20250512,   17,   60,   70,  221,10133,   35
  240,20250512,   18,   60,   50,  208,10137,   40
  240,20250512,   19,   60,   40,  182,10143,   48
  240,20250512,   20,   70,   40,  168,10150,   44
  240,20250512,   21,   80,   40,  161,10155,   48
  240,20250512,   22,   80,   50,  162,10161,   45
  240,20250512,   23,   80,   50,  154,10163,   45
  240,20250512,   24,   80,   50,  140,10165,   50
  240,20250513,    1,   80,   50,  134,10169,   53
  240,20250513,    2,   70,   50,  132,10174,   55
  240,20250513,    3,   80,   60,  127,10174,   55
  240,20250513,    4,   80,   50,  109,10176,   63
  240,20250513,    5,   80,   50,  124,10182,   58
  240,20250513,    6,   80,   50,  139,10187,   53
  240,20250513,    7,   90,   50,  159,10189,   44
  240,20250513,    8,  100,   50,  175,10193,   39
  240,20250513,    9,   80,   70,  190,10194,   35
  240,20250513,   10,   70,   60,  194,10194,   36
  240,20250513,   11,   60,   60,  202,10193,   37
  240,20250513,   12,   50,   60,  205,10191,   38
  240,20250513,   13,   50,   50,  215,10188,   35
  240,20250513,   14,   50,   60,  214,10186,   30
  240,20250513,   15,   50,   50,  216,10183,   30
  240,20250513,   16,   60,   60,  215,10181,   30
  240,20250513,   17,   30,   60,  211,10178,   31
  240,20250513,   18,   40,   60,  201,10179,   32
  240,20250513,   19,   30,   50,  183,10182,   56
  240,20250513,   20,   30,   60,  168,10186,   57
  240,20250513,   21,   40,   50,  155,10188,   64
  240,20250513,   22,   40,   50,  147,10191,   71
  240,20250513,   23,   50,   50,  142,10193,   69
  240,20250513,   24,   40,   40,  135,10192,   72
  240,20250514,    1,   50,   30,  125,10192,   75
  240,20250514,    2,   50,   30,  116,10194,   79
  240,20250514,    3,   50,   20,  112,10194,   80
  240,20250514,    4,   50,   30,  118,10194,   79
  240,20250514,    5,   50,   30,  126,10195,   77
  240,20250514,    6,   40,   30,  143,10196,   73
  240,20250514,    7,   60,   40,  152,10198,   67
  240,20250514,    8,   30,   40,  159,10200,   67
  240,20250514,    9,   40,   40,  170,10202,   52
  240,20250514,   10,  360,   40,  192,10202,   49
  240,20250514,   11,  360,   50,  194,10201,   47
  240,20250514,   12,  350,   60,  191,10201,   47
  240,20250514,   13,  320,   60,  185,10199,   49
  240,20250514,   14,  320,   70,  174,10203,   53
  240,20250514,   15,  350,   60,  160,10202,   57
  240,20250514,   16,  330,   60,  148,10201,   61
  240,20250514,   17,  340,   70,  130,10201,   69
  240,20250514,   18,  350,   60,  120,10200,   72
  240,20250514,   19,  340,   50,  104,10200,   78
  240,20250514,   20,  350,   40,  100,10201,   78
  240,20250514,   21,  350,   40,  102,10200,   76
  240,20250514,   22,  360,   40,  102,10199,   75
  240,20250514,   23,  360,   50,  104,10195,   80
  240,20250514,   24,  350,   50,  105,10196,   81
  240,20250515,    1,  350,   50,  105,10195,   83
  240,20250515,    2,  360,   50,  100,10193,   84
  240,20250515,    3,  360,   50,   99,10193,   84
  240,20250515,    4,  350,   50,   98,10192,   83
  240,20250515,    5,  360,   60,   98,10197,   83
  240,20250515,    6,  350,   50,  106,10199,   79
  240,20250515,    7,   10,   60,  113,10203,   77
  240,20250515,    8,   10,   50,  126,10206,   72
  240,20250515,    9,   50,   50,  145,10209,   64
  240,20250515,   10,   30,   40,  152,10210,   59
  240,20250515,   11,   10,   50,  172,10210,   50
  240,20250515,   12,   30,   70,  169,10213,   44
  240,20250515,   13,   20,   80,  167,10216,   42
  240,20250515,   14,   10,   90,  160,10218,   38
  240,20250515,   15,   10,   80,  162,10218,   39
  240,20250515,   16,   10,   90,  153,10223,   41
  240,20250515,   17,   10,   80,  145,10227,   46
  240,20250515,   18,   30,   80,  130,10229,   51
  240,20250515,   19,   10,   60,  113,10236,   61
  240,20250515,   20,   10,   60,   97,10240,   70
  240,20250515,   21,   10,   50,   84,10244,   79
  240,20250515,   22,   10,   40,   73,10244,   84
  240,20250515,   23,  350,   20,   77,10244,   87
  240,20250515,   24,  350,   30,   72,10243,   88
  240,20250516,    1,  340,   20,   63,10242,   90
  240,20250516,    2,  350,   20,   62,10239,   89
  240,20250516,    3,  340,   20,   61,10238,   88
  240,20250516,    4,  340,   10,   61,10237,   85
  240,20250516,    5,  320,   10,   79,10234,   87
  240,20250516,    6,  350,   30,  111,10231,   75
  240,20250516,    7,  340,   40,  121,10230,   68
  240,20250516,    8,  350,   50,  132,10228,   66
  240,20250516,    9,  330,   50,  127,10229,   64
  240,20250516,   10,  330,   50,  134,10229,   62
  240,20250516,   11,  330,   60,  149,10228,   61
  240,20250516,   12,  310,   70,  153,10224,   61
  240,20250516,   13,  310,   70,  140,10223,   65
  240,20250516,   14,  330,   60,  128,10219,   69
  240,20250516,   15,  330,   60,  124,10216,   71
  240,20250516,   16,  320,   70,  122,10210,   74
  240,20250516,   17,  330,   60,  121,10209,   75
  240,20250516,   18,  330,   60,  122,10206,   74
  240,20250516,   19,  350,   50,  120,10207,   74
  240,20250516,   20,  340,   40,  118,10207,   75
  240,20250516,   21,  340,   40,  111,10208,   79
  240,20250516,   22,  340,   20,   91,10207,   89
  240,20250516,   23,  340,   30,   95,10206,   90
  240,20250516,   24,  340,   20,   92,10205,   92
  240,20250517,    1,  330,   10,   90,10203,   93
  240,20250517,    2,  360,   20,   93,10202,   93
  240,20250517,    3,  360,   20,   92,10201,   94
  240,20250517,    4,  360,   20,   98,10201,   93
  240,20250517,    5,   10,   30,  112,10203,   91
  240,20250517,    6,   20,   40,  119,10206,   86
  240,20250517,    7,   10,   30,  127,10207,   80
  240,20250517,    8,  330,   40,  144,10204,   73
  240,20250517,    9,  360,   40,  162,10205,   63
  240,20250517,   10,  350,   50,  168,10203,   56
  240,20250517,   11,  350,   50,  168,10202,   56
  240,20250517,   12,  330,   60,  169,10200,   56
  240,20250517,   13,  320,   70,  161,10197,   60
  240,20250517,   14,  330,   70,  152,10197,   64
  240,20250517,   15,  310,   70,  147,10196,   67
  240,20250517,   16,  320,   70,  130,10193,   71
  240,20250517,   17,  320,   70,  120,10191,   74
  240,20250517,   18,  310,   60,  116,10189,   77
  240,20250517,   19,  300,   50,  117,10184,   80
  240,20250517,   20,  310,   50,  121,10183,   78
  240,20250517,   21,  320,   50,  119,10184,   79
  240,20250517,   22,  330,   40,  116,10181,   82
  240,20250517,   23,  320,   60,  114,10180,   82
  240,20250517,   24,  340,   50,  114,10180,   81
  240,20250518,    1,  330,   50,  112,10177,   82
  240,20250518,    2,  320,   40,  113,10174,   78
  240,20250518,    3,  310,   20,  109,10172,   81
  240,20250518,    4,  340,   30,  111,10173,   79
  240,20250518,    5,  350,   30,  112,10176,   78
  240,20250518,    6,   10,   30,  115,10179,   76
  240,20250518,    7,  310,   30,  131,10175,   73
  240,20250518,    8,  360,   30,  134,10181,   73
  240,20250518,    9,  340,   40,  146,10181,   71
  240,20250518,   10,  310,   40,  150,10180,   70
  240,20250518,   11,  340,   30,  157,10179,   63
  240,20250518,   12,  320,   40,  172,10177,   60
  240,20250518,   13,  320,   60,  164,10176,   64
  240,20250518,   14,  320,   60,  166,10178,   67
  240,20250518,   15,  330,   70,  175,10177,   61
  240,20250518,   16,  320,   70,  168,10175,   64
  240,20250518,   17,  350,   50,  179,10175,   59
  240,20250518,   18,   30,   50,  164,10179,   55
  240,20250518,   19,   20,   40,  150,10185,   64
  240,20250518,   20,   10,   40,  134,10191,   77
  240,20250518,   21,   10,   30,  126,10194,   83
  240,20250518,   22,  360,   30,  118,10196,   88
  240,20250518,   23,  360,   30,  109,10198,   91
  240,20250518,   24,   20,   20,  104,10199,   91
  240,20250519,    1,   20,   20,  100,10199,   89
  240,20250519,    2,   20,   20,   97,10201,   87
  240,20250519,    3,   10,   20,   83,10201,   89
  240,20250519,    4,  330,   10,   81,10204,   94
  240,20250519,    5,   30,   20,  108,10205,   90
  240,20250519,    6,   40,   30,  131,10206,   80
  240,20250519,    7,   50,   30,  147,10209,   73
  240,20250519,    8,   70,   30,  158,10211,   65
  240,20250519,    9,   70,   30,  169,10214,   51
  240,20250519,   10,   60,   40,  176,10213,   42
  240,20250519,   11,   50,   50,  186,10211,   38
  240,20250519,   12,   50,   30,  186,10207,   42
  240,20250519,   13,   50,   40,  195,10202,   42
  240,20250519,   14,   50,   50,  202,10199,   44
  240,20250519,   15,   50,   50,  199,10197,   47
  240,20250519,   16,   40,   60,  201,10194,   46
  240,20250519,   17,   30,   70,  196,10191,   49
  240,20250519,   18,   30,   60,  187,10192,   52
  240,20250519,   19,   40,   60,  172,10194,   55
  240,20250519,   20,   20,   50,  157,10199,   61
  240,20250519,   21,   20,   50,  146,10201,   69
  240,20250519,   22,   30,   30,  136,10201,   76
  240,20250519,   23,   40,   30,  130,10200,   80
  240,20250519,   24,   30,   30,  127,10198,   81
  240,20250520,    1,   20,   30,  121,10199,   82
  240,20250520,    2,   20,   30,  113,10197,   76
  240,20250520,    3,   20,   30,  106,10194,   77
  240,20250520,    4,  340,   20,   84,10193,   84
  240,20250520,    5,   10,   20,  123,10193,   71
  240,20250520,    6,   10,   20,  144,10194,   68
  240,20250520,    7,  360,   20,  156,10196,   60
  240,20250520,    8,  340,   30,  166,10198,   52
  240,20250520,    9,  330,   40,  177,10197,   45
  240,20250520,   10,   10,   30,  194,10195,   44
  240,20250520,   11,  360,   40,  200,10191,   50
  240,20250520,   12,  320,   70,  199,10189,   42
  240,20250520,   13,  320,   70,  196,10187,   43
  240,20250520,   14,  310,   70,  184,10187,   56
  240,20250520,   15,  320,   70,  168,10188,   57
  240,20250520,   16,  330,   50,  172,10185,   61
  240,20250520,   17,  340,   50,  164,10182,   63
  240,20250520,   18,  320,   50,  155,10182,   69
  240,20250520,   19,  320,   50,  137,10181,   77
  240,20250520,   20,  320,   40,  121,10183,   84
  240,20250520,   21,  320,   20,  113,10181,   89
  240,20250520,   22,  310,   20,  102,10180,   91
  240,20250520,   23,  310,   20,   94,10176,   93
  240,20250520,   24,  310,   20,   91,10172,   95
  240,20250521,    1,  280,   20,   90,10167,   95
  240,20250521,    2,  270,   20,   91,10161,   96
  240,20250521,    3,  280,   20,   91,10159,   96
  240,20250521,    4,  270,   20,   98,10156,   95
  240,20250521,    5,  300,   20,  109,10154,   91
  240,20250521,    6,  290,   40,  128,10154,   82
  240,20250521,    7,  300,   50,  144,10155,   71
  240,20250521,    8,  290,   40,  153,10152,   68
  240,20250521,    9,  290,   50,  156,10152,   68
  240,20250521,   10,  300,   60,  159,10151,   65
  240,20250521,   11,  300,   50,  151,10152,   67
  240,20250521,   12,  300,   60,  145,10151,   66
  240,20250521,   13,  320,   60,  145,10148,   62
  240,20250521,   14,  330,   70,  149,10148,   61
  240,20250521,   15,  320,   70,  141,10147,   59
  240,20250521,   16,  320,   70,  130,10143,   61
  240,20250521,   17,  330,   60,  129,10142,   60
  240,20250521,   18,  330,   70,  127,10141,   60
  240,20250521,   19,  350,   60,  122,10144,   62
  240,20250521,   20,  340,   50,  119,10148,   63
  240,20250521,   21,  330,   40,  112,10148,   68
  240,20250521,   22,  340,   40,  104,10148,   72
  240,20250521,   23,  340,   30,   95,10150,   77
  240,20250521,   24,  350,   30,   90,10149,   80
  240,20250522,    1,  340,   20,   91,10147,   80
  240,20250522,    2,  330,   30,   98,10144,   75
  240,20250522,    3,  320,   40,  104,10142,   74
  240,20250522,    4,  330,   40,  107,10143,   69
  240,20250522,    5,  340,   60,   97,10147,   79
  240,20250522,    6,  350,   70,  107,10152,   64
  240,20250522,    7,  340,   70,  112,10156,   58
  240,20250522,    8,  360,   70,  125,10159,   48
  240,20250522,    9,  330,   70,  135,10160,   47
  240,20250522,   10,  320,   80,  125,10163,   53
  240,20250522,   11,  330,   80,  143,10165,   49
  240,20250522,   12,  340,   80,  128,10169,   54
  240,20250522,   13,  310,   80,  144,10166,   44
  240,20250522,   14,  330,   70,  131,10170,   52
  240,20250522,   15,  340,   60,  125,10172,   55
  240,20250522,   16,  340,   60,  118,10175,   65
  240,20250522,   17,  310,   50,  120,10174,   54
  240,20250522,   18,  300,   80,  125,10175,   52
  240,20250522,   19,  310,   70,  107,10179,   58
  240,20250522,   20,  330,   40,  100,10179,   60
  240,20250522,   21,  300,   50,   97,10179,   65
  240,20250522,   22,  280,   30,   80,10176,   79
  240,20250522,   23,  290,   40,   82,10173,   78
  240,20250522,   24,  300,   60,   81,10172,   78
  240,20250523,    1,  300,   40,   78,10169,   81
  240,20250523,    2,  290,   30,   70,10168,   85
  240,20250523,    3,  300,   40,   78,10164,   79
  240,20250523,    4,  300,   40,   78,10164,   78
  240,20250523,    5,  300,   40,   88,10164,   83
  240,20250523,    6,  330,   30,  100,10167,   73
  240,20250523,    7,  320,   80,   97,10168,   72
  240,20250523,    8,  310,   80,  118,10170,   64
  240,20250523,    9,  300,   70,  111,10172,   70
  240,20250523,   10,  330,   80,  105,10176,   72
  240,20250523,   11,  300,   90,  118,10174,   65
  240,20250523,   12,  300,   60,  116,10178,   74
  240,20250523,   13,  300,   90,  130,10178,   61
  240,20250523,   14,  280,   80,  134,10179,   60
  240,20250523,   15,  300,   80,  130,10179,   62
  240,20250523,   16,  300,   80,  132,10178,   53
  240,20250523,   17,  290,   60,  124,10180,   60
  240,20250523,   18,  290,   60,  117,10181,   60
  240,20250523,   19,  280,   40,  109,10183,   63
  240,20250523,   20,  270,   40,   96,10183,   69
  240,20250523,   21,  230,   40,   96,10182,   69
  240,20250523,   22,  190,   30,   79,10176,   77
  240,20250523,   23,  180,   30,   76,10171,   81
  240,20250523,   24,  180,   40,   83,10165,   80
  240,20250524,    1,  180,   40,   87,10155,   81
  240,20250524,    2,  180,   40,   85,10149,   82
  240,20250524,    3,  170,   30,   83,10142,   82
  240,20250524,    4,  180,   30,   91,10136,   78
  240,20250524,    5,  190,   40,  106,10131,   72
  240,20250524,    6,  200,   50,  119,10127,   70
  240,20250524,    7,  220,   70,  130,10125,   73
  240,20250524,    8,  220,   60,  143,10125,   75
  240,20250524,    9,  230,   60,  151,10126,   74
  240,20250524,   10,  200,   80,  140,10125,   86
  240,20250524,   11,  190,   70,  135,10119,   87
  240,20250524,   12,  190,   70,  131,10118,   92
  240,20250524,   13,  180,   70,  126,10115,   94
  240,20250524,   14,  190,   70,  129,10111,   94
  240,20250524,   15,  190,   50,  134,10106,   96
  240,20250524,   16,  220,   50,  145,10103,   97
  240,20250524,   17,  230,   50,  152,10101,   95
  240,20250524,   18,  240,   50,  158,10101,   92
  240,20250524,   19,  220,   60,  159,10099,   90
  240,20250524,   20,  220,   60,  151,10102,   92
  240,20250524,   21,  220,   70,  148,10099,   93
  240,20250524,   22,  210,   60,  149,10097,   93
  240,20250524,   23,  210,   60,  149,10094,   93
  240,20250524,   24,  230,   70,  146,10093,   93
  240,20250525,    1,  220,   70,  143,10088,   94
  240,20250525,    2,  220,   70,  144,10083,   93
  240,20250525,    3,  220,   60,  147,10076,   91
  240,20250525,    4,  230,   90,  145,10073,   88
  240,20250525,    5,  230,   90,  140,10072,   91
  240,20250525,    6,  230,   80,  140,10071,   92
  240,20250525,    7,  230,   70,  145,10068,   93
  240,20250525,    8,  230,   80,  153,10069,   91
  240,20250525,    9,  240,  110,  155,10066,   87
  240,20250525,   10,  230,  110,  167,10068,   80
  240,20250525,   11,  250,  120,  168,10076,   77
  240,20250525,   12,  250,  120,  180,10076,   73
  240,20250525,   13,  250,  120,  178,10081,   72
  240,20250525,   14,  250,  120,  181,10084,   70
  240,20250525,   15,  270,  110,  155,10093,   81
  240,20250525,   16,  300,   50,  145,10102,   79
  240,20250525,   17,  270,   20,  153,10103,   71
  240,20250525,   18,  270,   30,  166,10107,   61
  240,20250525,   19,  240,   30,  156,10112,   64
  240,20250525,   20,  240,   40,  151,10118,   74
  240,20250525,   21,  240,   10,  147,10119,   77
  240,20250525,   22,  180,   20,  142,10120,   80
  240,20250525,   23,  230,   30,  139,10120,   79
  240,20250525,   24,  220,   30,  138,10121,   82
  240,20250526,    1,  230,   50,  139,10120,   78
  240,20250526,    2,  260,   40,  136,10124,   78
  240,20250526,    3,  220,   40,  130,10129,   79
  240,20250526,    4,  250,   50,  132,10130,   76
  240,20250526,    5,  250,   60,  131,10137,   77
  240,20250526,    6,  260,   60,  137,10145,   75
  240,20250526,    7,  250,   70,  141,10148,   72
  240,20250526,    8,  260,   60,  145,10155,   68
  240,20250526,    9,  260,   70,  152,10158,   67
  240,20250526,   10,  250,   80,  152,10162,   66
  240,20250526,   11,  240,   90,  167,10164,   56
  240,20250526,   12,  250,   90,  173,10166,   53
  240,20250526,   13,  240,  100,  180,10164,   46
  240,20250526,   14,  260,   90,  178,10165,   48
  240,20250526,   15,  260,  100,  177,10164,   47
  240,20250526,   16,  250,   90,  182,10162,   45
  240,20250526,   17,  240,   90,  169,10159,   53
  240,20250526,   18,  240,  100,  160,10159,   56
  240,20250526,   19,  230,   90,  157,10159,   59
  240,20250526,   20,  230,   90,  152,10157,   63
  240,20250526,   21,  230,   80,  151,10156,   62
  240,20250526,   22,  230,   80,  149,10152,   63
  240,20250526,   23,  220,   80,  147,10146,   64
  240,20250526,   24,  230,  100,  141,10142,   72
  240,20250527,    1,  210,   90,  132,10137,   81
  240,20250527,    2,  210,   90,  132,10130,   75
  240,20250527,    3,  210,   90,  136,10124,   75
  240,20250527,    4,  220,  100,  136,10121,   79
  240,20250527,    5,  220,  100,  136,10120,   83
  240,20250527,    6,  210,   90,  130,10122,   92
  240,20250527,    7,  220,   80,  136,10125,   90
  240,20250527,    8,  220,   80,  136,10129,   96
  240,20250527,    9,  240,  100,  151,10130,   86
  240,20250527,   10,  250,   80,  158,10133,   82
  240,20250527,   11,  250,   90,  163,10134,   76
  240,20250527,   12,  250,   90,  171,10134,   71
  240,20250527,   13,  250,  100,  172,10135,   67
  240,20250527,   14,  240,  110,  160,10136,   73
  240,20250527,   15,  220,  100,  131,10132,   76
  240,20250527,   16,  180,   50,  122,10115,   91
  240,20250527,   17,  190,   60,  131,10108,   96
  240,20250527,   18,  240,  110,  149,10103,   93
  240,20250527,   19,  240,  100,  150,10100,   93
  240,20250527,   20,  240,  100,  152,10099,   89
  240,20250527,   21,  240,  130,  153,10099,   86
  240,20250527,   22,  240,  120,  153,10096,   86
  240,20250527,   23,  240,  110,  152,10097,   87
  240,20250527,   24,  240,  110,  153,10094,   87
  240,20250528,    1,  240,  110,  152,10095,   87
  240,20250528,    2,  240,  100,  152,10094,   87
  240,20250528,    3,  250,   90,  149,10096,   89
  240,20250528,    4,  250,   90,  146,10097,   90
  240,20250528,    5,  250,   80,  150,10100,   89
  240,20250528,    6,  250,   80,  151,10104,   88
  240,20250528,    7,  250,   80,  154,10110,   87
  240,20250528,    8,  260,   70,  153,10115,   90
  240,20250528,    9,  260,   80,  156,10119,   85
  240,20250528,   10,  250,   80,  154,10125,   89
  240,20250528,   11,  270,   90,  157,10130,   87
  240,20250528,   12,  330,   50,  139,10138,   90
  240,20250528,   13,  310,   40,  136,10148,   88
  240,20250528,   14,  300,   70,  159,10155,   73
  240,20250528,   15,  310,   60,  163,10164,   71
  240,20250528,   16,  310,   70,  157,10174,   66
  240,20250528,   17,  300,   60,  155,10181,   70
  240,20250528,   18,  310,   50,  150,10191,   72
  240,20250528,   19,  310,   30,  139,10197,   75
  240,20250528,   20,  290,   30,  127,10203,   83
  240,20250528,   21,  270,   30,  118,10208,   86
  240,20250528,   22,  280,   30,  113,10211,   89
  240,20250528,   23,  260,   20,  113,10211,   90
  240,20250528,   24,  200,   10,  101,10212,   95
  240,20250529,    1,  250,   20,  106,10212,   95
  240,20250529,    2,  180,   20,  107,10209,   95
  240,20250529,    3,  150,   10,  106,10213,   95
  240,20250529,    4,  140,   20,  109,10209,   95
  240,20250529,    5,  150,   20,  116,10206,   92
  240,20250529,    6,  160,   30,  124,10204,   92
  240,20250529,    7,  170,   30,  133,10209,   93
  240,20250529,    8,  170,   40,  137,10205,   95
  240,20250529,    9,  180,   50,  147,10200,   92
  240,20250529,   10,  190,   50,  149,10197,   91
  240,20250529,   11,  200,   60,  153,10194,   84
  240,20250529,   12,  210,   70,  159,10189,   80
  240,20250529,   13,  220,   80,  167,10186,   79
  240,20250529,   14,  220,   90,  175,10182,   79
  240,20250529,   15,  230,   90,  189,10180,   76
  240,20250529,   16,  220,  100,  188,10177,   76
  240,20250529,   17,  230,   90,  188,10176,   76
  240,20250529,   18,  220,   80,  178,10176,   79
  240,20250529,   19,  220,   70,  167,10179,   83
  240,20250529,   20,  230,   80,  161,10182,   85
  240,20250529,   21,  240,   60,  153,10186,   89
  240,20250529,   22,  230,   50,  153,10187,   90
  240,20250529,   23,  230,   70,  155,10186,   89
  240,20250529,   24,  240,   60,  153,10187,   89
  240,20250530,    1,  240,   50,  148,10188,   91
  240,20250530,    2,  230,   60,  144,10184,   92
  240,20250530,    3,  230,   40,  139,10185,   95
  240,20250530,    4,  230,   50,  144,10185,   94
  240,20250530,    5,  230,   60,  148,10189,   93
  240,20250530,    6,  240,   50,  155,10191,   91
  240,20250530,    7,  230,   50,  160,10194,   89
  240,20250530,    8,  220,   60,  166,10198,   85
  240,20250530,    9,  220,   60,  177,10198,   83
  240,20250530,   10,  230,   50,  184,10196,   79
  240,20250530,   11,  230,   80,  193,10194,   76
  240,20250530,   12,  230,   60,  195,10194,   74
  240,20250530,   13,  240,   70,  210,10193,   67
  240,20250530,   14,  250,   80,  206,10194,   65
  240,20250530,   15,  260,   70,  209,10195,   64
  240,20250530,   16,  260,   80,  201,10195,   67
  240,20250530,   17,  260,   60,  197,10191,   65
  240,20250530,   18,  290,   40,  193,10191,   68
  240,20250530,   19,  300,   40,  176,10191,   75
  240,20250530,   20,  290,   30,  164,10190,   81
  240,20250530,   21,  320,   20,  150,10190,   87
  240,20250530,   22,  990,   10,  138,10189,   91
  240,20250530,   23,  140,   10,  137,10188,   93
  240,20250530,   24,  190,   20,  131,10187,   93
  240,20250531,    1,  170,   10,  128,10185,   93
  240,20250531,    2,  190,   10,  124,10184,   96
  240,20250531,    3,  170,   20,  127,10181,   95
  240,20250531,    4,  180,   30,  130,10180,   96
  240,20250531,    5,  190,   20,  146,10179,   93
  240,20250531,    6,  190,   20,  168,10181,   84
  240,20250531,    7,  200,   30,  179,10181,   79
  240,20250531,    8,  190,   20,  192,10181,   74
  240,20250531,    9,  210,   20,  210,10181,   66
  240,20250531,   10,  200,   20,  217,10179,   65
  240,20250531,   11,  230,   20,  232,10175,   58
  240,20250531,   12,  130,   20,  239,10171,   54
  240,20250531,   13,  230,   30,  249,10170,   50
  240,20250531,   14,  230,   40,  252,10163,   46
  240,20250531,   15,  230,   30,  254,10155,   47
  240,20250531,   16,  310,   40,  244,10153,   59
  240,20250531,   17,  280,   30,  228,10150,   61
  240,20250531,   18,  310,   20,  222,10146,   63
  240,20250531,   19,  320,   20,  214,10146,   65
  240,20250531,   20,  330,   20,  206,10143,   68
  240,20250531,   21,  280,   20,  198,10143,   66
  240,20250531,   22,  210,   20,  189,10139,   68
  240,20250531,   23,  230,   30,  191,10135,   67
  240,20250531,   24,  210,   30,  186,10132,   66
  240,20250601,    1,  220,   50,  184,10127,   67
  240,20250601,    2,  220,   40,  164,10126,   74
  240,20250601,    3,  210,   30,  149,10123,   85
  240,20250601,    4,  240,   50,  154,10124,   87
  240,20250601,    5,  240,   60,  159,10124,   87
  240,20250601,    6,  260,   50,  170,10126,   79
  240,20250601,    7,  280,   60,  176,10131,   71
  240,20250601,    8,  280,   60,  178,10133,   68
  240,20250601,    9,  270,   50,  182,10135,   61
  240,20250601,   10,  260,   60,  186,10136,   66
  240,20250601,   11,  260,   70,  187,10136,   65
  240,20250601,   12,  250,   80,  179,10138,   68
  240,20250601,   13,  240,   70,  188,10137,   63
  240,20250601,   14,  250,  100,  185,10140,   61
  240,20250601,   15,  260,   90,  188,10137,   58
  240,20250601,   16,  250,   90,  183,10136,   61
  240,20250601,   17,  240,   80,  181,10133,   62
  240,20250601,   18,  250,   60,  175,10134,   64
  240,20250601,   19,  250,   70,  166,10134,   59
  240,20250601,   20,  250,   50,  154,10136,   70
  240,20250601,   21,  240,   60,  150,10137,   73
  240,20250601,   22,  220,   40,  139,10138,   75
  240,20250601,   23,  220,   40,  136,10137,   81
  240,20250601,   24,  220,   50,  135,10136,   84
  240,20250602,    1,  230,   40,  136,10136,   86
  240,20250602,    2,  220,   40,  135,10134,   86
  240,20250602,    3,  230,   50,  143,10134,   84
  240,20250602,    4,  240,   40,  145,10136,   84
  240,20250602,    5,  250,   40,  149,10142,   80
  240,20250602,    6,  270,   40,  152,10145,   75
  240,20250602,    7,  280,   50,  157,10150,   69
  240,20250602,    8,  280,   50,  157,10155,   70
  240,20250602,    9,  280,   50,  160,10159,   72
  240,20250602,   10,  290,   50,  170,10163,   61
  240,20250602,   11,  280,   60,  174,10165,   59
  240,20250602,   12,  270,   70,  179,10167,   54
  240,20250602,   13,  270,   70,  178,10167,   57
  240,20250602,   14,  280,   70,  175,10168,   59
  240,20250602,   15,  300,   60,  172,10165,   59
  240,20250602,   16,  310,   60,  174,10166,   54
  240,20250602,   17,  300,   50,  167,10163,   57
  240,20250602,   18,  280,   40,  162,10164,   60
  240,20250602,   19,  280,   30,  151,10166,   67
  240,20250602,   20,  260,   20,  143,10168,   68
  240,20250602,   21,  990,   10,  126,10165,   76
  240,20250602,   22,  110,   10,  115,10159,   84
  240,20250602,   23,  140,   30,  111,10153,   84
  240,20250602,   24,  150,   30,  108,10146,   85
  240,20250603,    1,  150,   30,  108,10141,   83
  240,20250603,    2,  150,   40,  110,10133,   81
  240,20250603,    3,  160,   50,  107,10127,   80
  240,20250603,    4,  180,   40,  106,10123,   78
  240,20250603,    5,  180,   40,  114,10120,   76
  240,20250603,    6,  190,   40,  139,10115,   65
  240,20250603,    7,  180,   60,  160,10110,   56
  240,20250603,    8,  190,   70,  175,10105,   53
  240,20250603,    9,  200,   70,  195,10099,   50
  240,20250603,   10,  210,  100,  211,10092,   39
  240,20250603,   11,  210,  110,  212,10090,   39
  240,20250603,   12,  210,  100,  220,10087,   40
  240,20250603,   13,  220,  110,  227,10082,   36
  240,20250603,   14,  260,   90,  209,10079,   49
  240,20250603,   15,  240,   80,  198,10079,   50
  240,20250603,   16,  250,   80,  190,10079,   48
  240,20250603,   17,  240,   80,  184,10078,   45
  240,20250603,   18,  240,   90,  171,10076,   66
  240,20250603,   19,  240,   80,  164,10076,   78
  240,20250603,   20,  230,   80,  160,10075,   80
  240,20250603,   21,  220,   60,  155,10074,   82
  240,20250603,   22,  210,   50,  161,10073,   77
  240,20250603,   23,  220,   60,  162,10068,   76
  240,20250603,   24,  240,   50,  158,10066,   82
  240,20250604,    1,  260,   40,  154,10060,   85
  240,20250604,    2,  240,   40,  148,10057,   93
  240,20250604,    3,  290,   30,  139,10055,   95
  240,20250604,    4,  250,   60,  140,10055,   96
  240,20250604,    5,  230,   70,  132,10057,   91
  240,20250604,    6,  220,   60,  138,10058,   92
  240,20250604,    7,  250,   50,  148,10058,   85
  240,20250604,    8,  250,   70,  154,10062,   76
  240,20250604,    9,  250,   70,  163,10065,   69
  240,20250604,   10,  250,   80,  177,10067,   60
  240,20250604,   11,  260,   80,  180,10067,   58
  240,20250604,   12,  250,   70,  177,10069,   57
  240,20250604,   13,  240,   70,  187,10067,   52
  240,20250604,   14,  250,   80,  189,10069,   49
  240,20250604,   15,  260,   90,  181,10070,   49
  240,20250604,   16,  250,   80,  183,10072,   48
  240,20250604,   17,  250,   80,  171,10072,   53
  240,20250604,   18,  250,   80,  162,10074,   57
  240,20250604,   19,  240,   70,  158,10076,   58
  240,20250604,   20,  240,   60,  152,10079,   67
  240,20250604,   21,  220,   50,  140,10082,   71
  240,20250604,   22,  230,   40,  136,10079,   70
  240,20250604,   23,  200,   40,  130,10080,   76
  240,20250604,   24,  190,   40,  129,10078,   78
  240,20250605,    1,  190,   40,  121,10075,   79
  240,20250605,    2,  170,   40,  117,10074,   81
  240,20250605,    3,  180,   40,  123,10074,   80
  240,20250605,    4,  180,   50,  124,10074,   81
  240,20250605,    5,  190,   50,  132,10075,   80
  240,20250605,    6,  180,   60,  143,10072,   77
  240,20250605,    7,  210,   80,  160,10071,   70
  240,20250605,    8,  200,   80,  165,10069,   68
  240,20250605,    9,  190,   80,  166,10067,   66
  240,20250605,   10,  190,   70,  167,10064,   69
  240,20250605,   11,  200,   90,  155,10062,   81
  240,20250605,   12,  240,   70,  144,10065,   89
  240,20250605,   13,  220,   70,  165,10064,   82
  240,20250605,   14,  230,   90,  171,10061,   70
  240,20250605,   15,  210,   50,  166,10059,   78
  240,20250605,   16,  210,   70,  180,10053,   67
  240,20250605,   17,  210,   60,  180,10047,   64
  240,20250605,   18,  190,   60,  172,10045,   73
  240,20250605,   19,  190,   70,  162,10040,   74
  240,20250605,   20,  180,   70,  146,10035,   93
  240,20250605,   21,  180,   60,  148,10027,   95
  240,20250605,   22,  190,   70,  150,10017,   95
  240,20250605,   23,  210,   50,  151,10012,   95
  240,20250605,   24,  240,   60,  141,10012,   89
  240,20250606,    1,  240,   70,  141,10013,   91
  240,20250606,    2,  240,   70,  145,10016,   90
  240,20250606,    3,  250,   90,  141,10024,   86
  240,20250606,    4,  250,   80,  141,10028,   86
  240,20250606,    5,  250,   90,  143,10035,   83
  240,20250606,    6,  240,   80,  145,10045,   82
  240,20250606,    7,  240,   90,  149,10055,   79
  240,20250606,    8,  250,  100,  154,10064,   75
  240,20250606,    9,  240,  100,  158,10071,   73
  240,20250606,   10,  250,  110,  166,10076,   64
  240,20250606,   11,  240,  120,  180,10078,   61
  240,20250606,   12,  240,  100,  183,10081,   59
  240,20250606,   13,  240,  110,  183,10082,   53
  240,20250606,   14,  240,  130,  176,10085,   62
  240,20250606,   15,  240,  110,  171,10085,   65
  240,20250606,   16,  240,  100,  168,10085,   67
  240,20250606,   17,  250,   90,  169,10087,   69
  240,20250606,   18,  260,   70,  160,10089,   74
  240,20250606,   19,  250,   80,  156,10090,   75
  240,20250606,   20,  250,   50,  150,10092,   75
  240,20250606,   21,  230,   40,  141,10092,   75
  240,20250606,   22,  240,   60,  141,10091,   71
  240,20250606,   23,  220,   40,  136,10088,   82
  240,20250606,   24,  220,   40,  135,10085,   80
  240,20250607,    1,  220,   40,  136,10081,   80
  240,20250607,    2,  200,   40,  131,10077,   80
  240,20250607,    3,  200,   60,  132,10074,   80
  240,20250607,    4,  180,   40,  129,10069,   82
  240,20250607,    5,  180,   50,  122,10067,   89
  240,20250607,    6,  210,   40,  124,10069,   92
  240,20250607,    7,  240,   30,  125,10068,   94
  240,20250607,    8,  250,   30,  124,10068,   94
  240,20250607,    9,  230,   50,  133,10067,   88
  240,20250607,   10,  210,   50,  140,10067,   86
  240,20250607,   11,  210,   50,  143,10064,   85
  240,20250607,   12,  240,   70,  149,10064,   78
  240,20250607,   13,  250,   90,  155,10063,   79
  240,20250607,   14,  240,   90,  158,10066,   74
  240,20250607,   15,  250,   90,  159,10067,   74
  240,20250607,   16,  260,   80,  162,10067,   71
  240,20250607,   17,  250,   70,  159,10068,   73
  240,20250607,   18,  240,   60,  153,10067,   74
  240,20250607,   19,  240,   50,  150,10064,   73
  240,20250607,   20,  190,   20,  143,10057,   78
  240,20250607,   21,  180,   30,  137,10055,   91
  240,20250607,   22,  140,   20,  137,10044,   95
  240,20250607,   23,  150,   30,  135,10029,   96
  240,20250607,   24,  200,   70,  139,10019,   91
  240,20250608,    1,  280,   90,  123,10025,   92
  240,20250608,    2,  280,   80,  120,10037,   89
  240,20250608,    3,  280,   60,  117,10048,   90
  240,20250608,    4,  260,   40,  117,10057,   90
  240,20250608,    5,  280,   40,  124,10070,   89
  240,20250608,    6,  290,   40,  126,10079,   85
  240,20250608,    7,  290,   60,  136,10088,   82
  240,20250608,    8,  290,   70,  140,10098,   81
  240,20250608,    9,  290,   70,  124,10110,   83
  240,20250608,   10,  290,   90,  130,10120,   80
  240,20250608,   11,  280,  110,  136,10129,   81
  240,20250608,   12,  280,  110,  137,10140,   79
  240,20250608,   13,  270,  110,  121,10152,   86
  240,20250608,   14,  280,  110,  135,10158,   78
  240,20250608,   15,  290,  100,  136,10170,   75
  240,20250608,   16,  290,  100,  138,10177,   70
  240,20250608,   17,  280,   80,  137,10182,   66
  240,20250608,   18,  280,   60,  136,10190,   68
  240,20250608,   19,  270,   50,  129,10192,   70
  240,20250608,   20,  240,   40,  125,10196,   72
  240,20250608,   21,  210,   30,  112,10196,   80
  240,20250608,   22,  190,   30,  119,10196,   82
  240,20250608,   23,  240,   30,  115,10199,   90
  240,20250608,   24,  200,   20,  106,10198,   93
  240,20250609,    1,  220,   30,  106,10200,   93
  240,20250609,    2,  220,   30,  104,10200,   94
  240,20250609,    3,  220,   40,  112,10202,   93
  240,20250609,    4,  190,   30,  102,10205,   96
  240,20250609,    5,  210,   30,  115,10206,   96
  240,20250609,    6,  210,   40,  132,10209,   91
  240,20250609,    7,  230,   40,  145,10215,   84
  240,20250609,    8,  240,   50,  157,10218,   77
  240,20250609,    9,  240,   60,  165,10216,   73
  240,20250609,   10,  250,   60,  167,10220,   73
  240,20250609,   11,  250,   70,  173,10220,   70
  240,20250609,   12,  260,   70,  172,10220,   70
  240,20250609,   13,  270,   80,  176,10220,   66
  240,20250609,   14,  260,   70,  179,10220,   66
  240,20250609,   15,  260,   70,  179,10219,   57
  240,20250609,   16,  260,   60,  175,10215,   60
  240,20250609,   17,  250,   60,  176,10210,   59
  240,20250609,   18,  250,   60,  168,10208,   59
  240,20250609,   19,  230,   40,  162,10204,   66
  240,20250609,   20,  200,   40,  153,10199,   71
  240,20250609,   21,  210,   40,  148,10195,   70
  240,20250609,   22,  210,   50,  149,10191,   66
  240,20250609,   23,  210,   40,  145,10186,   70
  240,20250609,   24,  200,   50,  144,10174,   74
  240,20250610,    1,  210,   60,  146,10168,   72
  240,20250610,    2,  220,   70,  141,10158,   72
  240,20250610,    3,  220,   60,  137,10149,   77
  240,20250610,    4,  210,   70,  137,10143,   80
  240,20250610,    5,  210,   60,  140,10140,   82
  240,20250610,    6,  230,   70,  149,10136,   81
  240,20250610,    7,  240,   70,  142,10136,   89
  240,20250610,    8,  240,   90,  142,10134,   92
  240,20250610,    9,  240,   90,  148,10135,   89
  240,20250610,   10,  240,   90,  153,10136,   85
  240,20250610,   11,  240,  100,  161,10137,   82
  240,20250610,   12,  250,  110,  169,10137,   81
  240,20250610,   13,  260,  110,  180,10141,   77
  240,20250610,   14,  290,  100,  166,10151,   70
  240,20250610,   15,  300,  100,  161,10158,   76
  240,20250610,   16,  310,   90,  163,10165,   72
  240,20250610,   17,  310,   80,  160,10174,   72
  240,20250610,   18,  310,   60,  148,10182,   76
  240,20250610,   19,  310,   50,  140,10186,   76
  240,20250610,   20,  300,   30,  129,10195,   81
  240,20250610,   21,  300,   30,  122,10201,   83
  240,20250610,   22,  310,   20,  111,10204,   86
  240,20250610,   23,  280,   20,  104,10208,   89
  240,20250610,   24,  270,   20,  103,10213,   90
  240,20250611,    1,  310,   10,   94,10213,   94
  240,20250611,    2,  310,   10,   94,10215,   95
  240,20250611,    3,  330,   10,   83,10218,   98
  240,20250611,    4,   60,   10,   83,10219,   98
  240,20250611,    5,  190,   10,   93,10223,   96
  240,20250611,    6,  990,   10,  134,10227,   82
  240,20250611,    7,  990,   10,  142,10232,   72
  240,20250611,    8,  990,   10,  150,10234,   65
  240,20250611,    9,   20,   10,  156,10237,   63
  240,20250611,   10,  990,   10,  169,10234,   59
  240,20250611,   11,   50,   20,  169,10232,   58
  240,20250611,   12,  100,   30,  182,10231,   53
  240,20250611,   13,  990,   10,  185,10228,   55
  240,20250611,   14,   60,   40,  190,10224,   54
  240,20250611,   15,   80,   40,  192,10220,   56
  240,20250611,   16,   60,   50,  191,10215,   60
  240,20250611,   17,   70,   60,  189,10212,   61
  240,20250611,   18,   60,   50,  184,10209,   63
  240,20250611,   19,   60,   50,  175,10208,   67
  240,20250611,   20,   70,   40,  165,10211,   73
  240,20250611,   21,   70,   20,  153,10212,   81
  240,20250611,   22,   80,   30,  147,10210,   80
  240,20250611,   23,   70,   50,  149,10209,   75
  240,20250611,   24,   80,   50,  139,10206,   80
  240,20250612,    1,   70,   50,  133,10202,   82
  240,20250612,    2,   80,   50,  131,10199,   83
  240,20250612,    3,   80,   60,  127,10194,   84
  240,20250612,    4,   80,   50,  128,10195,   83
  240,20250612,    5,  100,   50,  139,10195,   76
  240,20250612,    6,  100,   60,  149,10192,   72
  240,20250612,    7,   90,   60,  167,10188,   68
  240,20250612,    8,   90,   60,  189,10182,   59
  240,20250612,    9,   80,   60,  206,10175,   57
  240,20250612,   10,   90,   60,  219,10173,   51
  240,20250612,   11,   90,   80,  241,10164,   45
  240,20250612,   12,  100,   80,  253,10159,   39
  240,20250612,   13,  120,   80,  265,10157,   34
  240,20250612,   14,  120,   70,  269,10154,   35
  240,20250612,   15,  120,   70,  270,10151,   35
  240,20250612,   16,  130,   70,  270,10149,   39
  240,20250612,   17,  120,   70,  269,10144,   41
  240,20250612,   18,  120,   60,  266,10147,   41
  240,20250612,   19,  120,   50,  257,10152,   43
  240,20250612,   20,  100,   50,  240,10157,   50
  240,20250612,   21,  100,   50,  229,10161,   52
  240,20250612,   22,  110,   40,  218,10164,   55
  240,20250612,   23,  110,   30,  208,10165,   59
  240,20250612,   24,  120,   20,  200,10168,   62
  240,20250613,    1,  110,   10,  190,10170,   66
  240,20250613,    2,  120,   20,  188,10172,   68
  240,20250613,    3,   90,   20,  178,10173,   73
  240,20250613,    4,   80,   10,  169,10179,   78
  240,20250613,    5,   80,   10,  197,10184,   68
  240,20250613,    6,  180,   10,  212,10191,   63
  240,20250613,    7,  990,   10,  235,10193,   56
  240,20250613,    8,   10,   20,  248,10195,   52
  240,20250613,    9,   60,   20,  266,10196,   48
  240,20250613,   10,   50,   20,  280,10199,   46
  240,20250613,   11,   70,   40,  282,10198,   49
  240,20250613,   12,   40,   30,  290,10194,   47
  240,20250613,   13,   60,   40,  301,10192,   48
  240,20250613,   14,   60,   30,  302,10189,   47
  240,20250613,   15,   60,   40,  310,10186,   48
  240,20250613,   16,   60,   40,  312,10182,   46
  240,20250613,   17,   60,   40,  309,10177,   48
  240,20250613,   18,   60,   30,  300,10174,   51
  240,20250613,   19,   70,   40,  291,10170,   50
  240,20250613,   20,   90,   40,  281,10172,   50
  240,20250613,   21,   80,   40,  269,10172,   53
  240,20250613,   22,   90,   50,  259,10167,   53
  240,20250613,   23,   90,   50,  249,10161,   54
  240,20250613,   24,   90,   50,  240,10156,   56
  240,20250614,    1,  100,   60,  232,10147,   60
  240,20250614,    2,  220,   80,  217,10169,   76
  240,20250614,    3,  340,   40,  193,10154,   88
  240,20250614,    4,  150,   20,  189,10152,   92
  240,20250614,    5,   70,   20,  194,10147,   90
  240,20250614,    6,   90,   20,  208,10147,   85
  240,20250614,    7,  160,   30,  227,10154,   80
  240,20250614,    8,  170,   40,  252,10155,   66
  240,20250614,    9,  190,   50,  266,10156,   59
  240,20250614,   10,  200,   50,  268,10158,   59
  240,20250614,   11,  210,   50,  266,10162,   55
  240,20250614,   12,  260,   40,  256,10168,   63
  240,20250614,   13,  260,   50,  243,10170,   69
  240,20250614,   14,  260,   70,  233,10177,   68
  240,20250614,   15,  250,   70,  227,10178,   68
  240,20250614,   16,  260,   70,  238,10177,   62
  240,20250614,   17,  270,   50,  207,10179,   71
  240,20250614,   18,  240,   60,  207,10183,   59
  240,20250614,   19,  260,   70,  201,10187,   53
  240,20250614,   20,  250,   50,  189,10194,   59
  240,20250614,   21,  230,   50,  184,10200,   57
  240,20250614,   22,  240,   60,  184,10199,   54
  240,20250614,   23,  240,   20,  177,10194,   61
  240,20250614,   24,  240,   40,  175,10188,   63
  240,20250615,    1,  250,   40,  170,10186,   67
  240,20250615,    2,  230,   40,  163,10188,   74
  240,20250615,    3,  250,   50,  166,10190,   72
  240,20250615,    4,  240,   50,  162,10192,   75
  240,20250615,    5,  250,   60,  163,10195,   77
  240,20250615,    6,  240,   60,  167,10199,   77
  240,20250615,    7,  250,   50,  179,10201,   74
  240,20250615,    8,  270,   50,  188,10203,   70
  240,20250615,    9,  270,   50,  197,10206,   65
  240,20250615,   10,  250,   70,  210,10208,   58
  240,20250615,   11,  270,   80,  200,10212,   62
  240,20250615,   12,  260,   70,  209,10215,   57
  240,20250615,   13,  280,   70,  204,10216,   58
  240,20250615,   14,  270,   60,  202,10219,   61
  240,20250615,   15,  280,   60,  192,10221,   63
  240,20250615,   16,  280,   60,  191,10222,   62
  240,20250615,   17,  280,   50,  188,10225,   66
  240,20250615,   18,  280,   40,  188,10230,   66
  240,20250615,   19,  280,   40,  178,10233,   70
  240,20250615,   20,  260,   30,  172,10242,   74
  240,20250615,   21,  250,   30,  170,10247,   77
  240,20250615,   22,  230,   20,  170,10247,   77
  240,20250615,   23,  240,   30,  168,10247,   78
  240,20250615,   24,  260,   30,  166,10248,   78
  240,20250616,    1,  270,   20,  152,10249,   84
  240,20250616,    2,  250,   10,  148,10249,   86
  240,20250616,    3,  210,   20,  147,10250,   90
  240,20250616,    4,  200,   20,  147,10252,   91
  240,20250616,    5,  250,   30,  166,10257,   89
  240,20250616,    6,  270,   20,  178,10259,   81
  240,20250616,    7,  310,   20,  189,10265,   71
  240,20250616,    8,  320,   30,  198,10270,   67
  240,20250616,    9,  300,   30,  202,10270,   63
  240,20250616,   10,  300,   40,  211,10273,   57
  240,20250616,   11,  290,   50,  215,10275,   56
  240,20250616,   12,  300,   50,  210,10277,   55
  240,20250616,   13,  310,   50,  207,10278,   57
  240,20250616,   14,  290,   50,  210,10279,   56
  240,20250616,   15,  310,   50,  202,10277,   59
  240,20250616,   16,  320,   50,  199,10276,   56
  240,20250616,   17,  300,   50,  196,10276,   58
  240,20250616,   18,  300,   30,  188,10277,   61
  240,20250616,   19,  290,   30,  183,10274,   64
  240,20250616,   20,  300,   30,  172,10277,   70
  240,20250616,   21,  310,   20,  158,10278,   76
  240,20250616,   22,  300,   10,  153,10279,   80
  240,20250616,   23,  310,   10,  149,10279,   83
  240,20250616,   24,  140,   10,  132,10272,   88
  240,20250617,    1,  140,   10,  128,10269,   92
  240,20250617,    2,  150,   10,  128,10267,   91
  240,20250617,    3,  130,   10,  129,10263,   93
  240,20250617,    4,  160,   20,  131,10264,   91
  240,20250617,    5,  160,   20,  149,10262,   86
  240,20250617,    6,  190,   30,  168,10263,   73
  240,20250617,    7,  210,   40,  186,10266,   70
  240,20250617,    8,  210,   30,  202,10264,   66
  240,20250617,    9,  240,   40,  222,10264,   54
  240,20250617,   10,  260,   50,  233,10262,   50
  240,20250617,   11,  250,   60,  245,10260,   40
  240,20250617,   12,  260,   60,  247,10254,   40
  240,20250617,   13,  250,   70,  239,10253,   42
  240,20250617,   14,  270,   80,  239,10254,   41
  240,20250617,   15,  260,   60,  224,10251,   49
  240,20250617,   16,  270,   40,  227,10245,   53
  240,20250617,   17,  280,   50,  226,10241,   53
  240,20250617,   18,  270,   30,  219,10239,   50
  240,20250617,   19,  270,   20,  218,10236,   49
  240,20250617,   20,  280,   30,  204,10238,   58
  240,20250617,   21,  310,   20,  182,10239,   69
  240,20250617,   22,  230,   20,  169,10237,   74
  240,20250617,   23,  250,   20,  173,10237,   69
  240,20250617,   24,  320,   10,  161,10235,   78
  240,20250618,    1,  210,   20,  154,10230,   81
  240,20250618,    2,  200,   20,  154,10228,   82
  240,20250618,    3,  150,   20,  141,10228,   86
  240,20250618,    4,  160,   20,  147,10227,   86
  240,20250618,    5,  180,   30,  168,10228,   82
  240,20250618,    6,  230,   30,  190,10228,   75
  240,20250618,    7,  250,   30,  203,10231,   73
  240,20250618,    8,  270,   30,  216,10234,   68
  240,20250618,    9,  290,   30,  224,10236,   63
  240,20250618,   10,  290,   30,  235,10236,   55
  240,20250618,   11,  320,   50,  238,10239,   51
  240,20250618,   12,  310,   60,  233,10242,   53
  240,20250618,   13,  310,   40,  232,10245,   56
  240,20250618,   14,  310,   50,  234,10244,   50
  240,20250618,   15,  320,   50,  232,10243,   53
  240,20250618,   16,  320,   60,  228,10242,   54
  240,20250618,   17,  310,   60,  213,10245,   59
  240,20250618,   18,  350,   40,  209,10244,   62
  240,20250618,   19,  340,   30,  202,10245,   64
  240,20250618,   20,  340,   30,  191,10250,   67
  240,20250618,   21,   30,   20,  180,10252,   70
  240,20250618,   22,  360,   20,  175,10253,   71
  240,20250618,   23,  330,   20,  162,10258,   79
  240,20250618,   24,  350,   10,  159,10258,   81
  240,20250619,    1,  330,   10,  152,10259,   86
  240,20250619,    2,   10,   10,  141,10260,   88
  240,20250619,    3,  360,   10,  139,10262,   90
  240,20250619,    4,  360,   10,  137,10263,   89
  240,20250619,    5,   40,   10,  163,10264,   80
  240,20250619,    6,   60,   20,  179,10268,   72
  240,20250619,    7,   20,   20,  191,10273,   60
  240,20250619,    8,  990,   10,  196,10272,   57
  240,20250619,    9,   80,   20,  198,10274,   58
  240,20250619,   10,   80,   30,  203,10276,   60
  240,20250619,   11,   60,   40,  213,10275,   57
  240,20250619,   12,   50,   30,  212,10276,   55
  240,20250619,   13,   70,   30,  219,10275,   51
  240,20250619,   14,   20,   30,  224,10274,   52
  240,20250619,   15,   50,   30,  224,10271,   51
  240,20250619,   16,   70,   40,  227,10269,   50
  240,20250619,   17,   60,   40,  225,10266,   50
  240,20250619,   18,   70,   40,  217,10264,   52
  240,20250619,   19,   70,   30,  209,10264,   54
  240,20250619,   20,   50,   30,  194,10266,   61
  240,20250619,   21,   10,   20,  182,10269,   69
  240,20250619,   22,   40,   30,  178,10268,   69
  240,20250619,   23,   70,   40,  173,10271,   65
  240,20250619,   24,   80,   40,  165,10273,   63
  240,20250620,    1,   70,   30,  153,10274,   66
  240,20250620,    2,   90,   20,  149,10274,   66
  240,20250620,    3,   90,   30,  145,10270,   68
  240,20250620,    4,   80,   30,  141,10270,   72
  240,20250620,    5,  100,   30,  156,10271,   64
  240,20250620,    6,  110,   40,  168,10274,   60
  240,20250620,    7,  110,   40,  182,10275,   55
  240,20250620,    8,  110,   40,  193,10275,   51
  240,20250620,    9,  130,   30,  208,10274,   47
  240,20250620,   10,   70,   20,  224,10270,   44
  240,20250620,   11,  140,   20,  230,10267,   44
  240,20250620,   12,   60,   30,  240,10264,   42
  240,20250620,   13,   40,   30,  243,10262,   38
  240,20250620,   14,   90,   40,  239,10257,   42
  240,20250620,   15,   70,   40,  248,10253,   40
  240,20250620,   16,   60,   50,  248,10248,   41
  240,20250620,   17,   60,   40,  231,10243,   46
  240,20250620,   18,   60,   50,  232,10238,   46
  240,20250620,   19,   60,   40,  222,10237,   53
  240,20250620,   20,   60,   30,  211,10238,   61
  240,20250620,   21,   70,   20,  193,10241,   68
  240,20250620,   22,   90,   20,  196,10242,   58
  240,20250620,   23,   80,   30,  183,10240,   62
  240,20250620,   24,   80,   30,  175,10235,   67
  240,20250621,    1,  100,   30,  175,10232,   68
  240,20250621,    2,   80,   20,  161,10225,   73
  240,20250621,    3,   80,   10,  157,10223,   74
  240,20250621,    4,   90,   30,  156,10221,   73
  240,20250621,    5,   60,   20,  176,10224,   66
  240,20250621,    6,  100,   30,  199,10221,   57
  240,20250621,    7,  120,   40,  207,10221,   55
  240,20250621,    8,  140,   30,  226,10219,   50
  240,20250621,    9,  140,   40,  250,10216,   41
  240,20250621,   10,  140,   40,  266,10214,   37
  240,20250621,   11,  130,   40,  279,10209,   32
  240,20250621,   12,  150,   40,  292,10204,   30
  240,20250621,   13,  130,   40,  296,10197,   28
  240,20250621,   14,  130,   50,  301,10193,   25
  240,20250621,   15,  160,   40,  304,10188,   23
  240,20250621,   16,  180,   40,  305,10185,   23
  240,20250621,   17,  150,   30,  299,10182,   22
  240,20250621,   18,  150,   20,  297,10180,   23
  240,20250621,   19,  110,   20,  286,10178,   29
  240,20250621,   20,   70,   10,  251,10178,   44
  240,20250621,   21,   80,   20,  222,10174,   57
  240,20250621,   22,  110,   30,  228,10168,   50
  240,20250621,   23,  110,   30,  217,10166,   50
  240,20250621,   24,  130,   30,  223,10162,   46
  240,20250622,    1,  140,   30,  214,10158,   49
  240,20250622,    2,  140,   40,  210,10150,   52
  240,20250622,    3,  160,   30,  201,10144,   58
  240,20250622,    4,  160,   30,  199,10140,   64
  240,20250622,    5,  160,   30,  213,10134,   62
  240,20250622,    6,  170,   40,  237,10130,   54
  240,20250622,    7,  180,   50,  255,10130,   50
  240,20250622,    8,  210,   60,  267,10130,   49
  240,20250622,    9,  260,  110,  244,10144,   58
  240,20250622,   10,  270,   20,  232,10136,   63
  240,20250622,   11,  160,   30,  227,10128,   72
  240,20250622,   12,  230,   50,  231,10136,   64
  240,20250622,   13,  270,   70,  245,10140,   57
  240,20250622,   14,  240,   70,  253,10136,   43
  240,20250622,   15,  260,   80,  243,10130,   49
  240,20250622,   16,  250,   90,  236,10125,   50
  240,20250622,   17,  250,  100,  217,10124,   58
  240,20250622,   18,  240,   90,  213,10122,   60
  240,20250622,   19,  240,   90,  207,10119,   60
  240,20250622,   20,  240,   90,  200,10118,   64
  240,20250622,   21,  240,  100,  192,10117,   68
  240,20250622,   22,  230,   90,  196,10110,   64
  240,20250622,   23,  230,  100,  195,10109,   63
  240,20250622,   24,  240,   90,  195,10104,   67
  240,20250623,    1,  240,   90,  188,10097,   73
  240,20250623,    2,  240,   90,  184,10092,   72
  240,20250623,    3,  230,   90,  181,10086,   73
  240,20250623,    4,  230,  100,  180,10083,   76
  240,20250623,    5,  230,   80,  171,10081,   88
  240,20250623,    6,  250,   90,  182,10078,   80
  240,20250623,    7,  240,  110,  186,10079,   77
  240,20250623,    8,  250,  120,  194,10079,   71
  240,20250623,    9,  290,   80,  185,10094,   56
  240,20250623,   10,  280,  100,  184,10103,   61
  240,20250623,   11,  300,  100,  188,10112,   55
  240,20250623,   12,  270,  100,  193,10121,   49
  240,20250623,   13,  280,  110,  192,10127,   47
  240,20250623,   14,  280,   90,  198,10131,   47
  240,20250623,   15,  260,  100,  201,10133,   44
  240,20250623,   16,  270,   90,  200,10134,   45
  240,20250623,   17,  250,   90,  197,10134,   43
  240,20250623,   18,  250,   80,  191,10137,   48
  240,20250623,   19,  250,   70,  187,10136,   52
  240,20250623,   20,  240,   60,  184,10137,   56
  240,20250623,   21,  250,   50,  183,10137,   61
  240,20250623,   22,  240,   60,  179,10133,   70
  240,20250623,   23,  240,   60,  173,10133,   77
  240,20250623,   24,  230,   60,  165,10129,   81
  240,20250624,    1,  230,   50,  159,10127,   84
  240,20250624,    2,  220,   50,  158,10122,   84
  240,20250624,    3,  220,   50,  153,10118,   88
  240,20250624,    4,  230,   40,  153,10118,   85
  240,20250624,    5,  240,   40,  162,10116,   70
  240,20250624,    6,  270,   60,  177,10120,   59
  240,20250624,    7,  250,   60,  179,10120,   61
  240,20250624,    8,  230,   70,  180,10120,   61
  240,20250624,    9,  240,   90,  190,10120,   60
  240,20250624,   10,  220,   90,  193,10117,   59
  240,20250624,   11,  220,  110,  182,10120,   68
  240,20250624,   12,  240,  100,  173,10119,   83
  240,20250624,   13,  240,  100,  180,10116,   77
  240,20250624,   14,  240,  100,  189,10112,   74
  240,20250624,   15,  250,   90,  193,10115,   75
  240,20250624,   16,  240,  100,  207,10112,   72
  240,20250624,   17,  230,   80,  220,10104,   67
  240,20250624,   18,  220,   80,  216,10103,   69
  240,20250624,   19,  230,   90,  206,10105,   73
  240,20250624,   20,  230,   70,  199,10104,   75
  240,20250624,   21,  220,   70,  190,10105,   79
  240,20250624,   22,  230,   60,  185,10103,   84
  240,20250624,   23,  230,   60,  182,10103,   85
  240,20250624,   24,  240,   70,  181,10101,   86
  240,20250625,    1,  240,   50,  178,10104,   88
  240,20250625,    2,  240,   70,  179,10106,   89
  240,20250625,    3,  240,   60,  178,10107,   88
  240,20250625,    4,  250,   50,  176,10109,   90
  240,20250625,    5,  260,   50,  184,10109,   86
  240,20250625,    6,  260,   50,  196,10115,   78
  240,20250625,    7,  260,   60,  203,10119,   73
  240,20250625,    8,  270,   50,  199,10124,   74
  240,20250625,    9,  280,   50,  197,10131,   74
  240,20250625,   10,  260,   50,  202,10133,   74
  240,20250625,   11,  240,   50,  207,10137,   71
  240,20250625,   12,  280,   50,  212,10138,   69
  240,20250625,   13,  270,   50,  211,10139,   70
  240,20250625,   14,  270,   40,  215,10136,   68
  240,20250625,   15,  280,   30,  224,10133,   64
  240,20250625,   16,  280,   20,  237,10128,   59
  240,20250625,   17,  310,   20,  235,10125,   60
  240,20250625,   18,  320,   30,  225,10122,   64
  240,20250625,   19,  320,   20,  221,10119,   67
  240,20250625,   20,   10,   20,  211,10113,   70
  240,20250625,   21,   90,   20,  195,10118,   78
  240,20250625,   22,  100,   20,  190,10115,   80
  240,20250625,   23,   90,   20,  187,10111,   82
  240,20250625,   24,   70,   20,  190,10107,   81
  240,20250626,    1,  140,   20,  194,10112,   80
  240,20250626,    2,  140,   30,  189,10102,   87
  240,20250626,    3,   60,   20,  183,10081,   93
  240,20250626,    4,  130,   30,  185,10083,   93
  240,20250626,    5,  200,   40,  188,10090,   94
  240,20250626,    6,  210,   40,  193,10089,   94
  240,20250626,    7,  220,   50,  196,10091,   93
  240,20250626,    8,  230,   60,  200,10091,   92
  240,20250626,    9,  230,   60,  204,10094,   86
  240,20250626,   10,  230,   70,  203,10100,   80
  240,20250626,   11,  250,   70,  203,10103,   80
  240,20250626,   12,  250,   90,  207,10111,   77
  240,20250626,   13,  250,  100,  210,10120,   71
  240,20250626,   14,  240,   90,  204,10123,   73
  240,20250626,   15,  240,  110,  221,10125,   68
  240,20250626,   16,  240,  110,  224,10126,   69
  240,20250626,   17,  240,   90,  221,10129,   71
  240,20250626,   18,  240,  110,  217,10132,   63
  240,20250626,   19,  230,   80,  208,10136,   62
  240,20250626,   20,  240,   70,  201,10149,   66
  240,20250626,   21,  260,   70,  186,10160,   79
  240,20250626,   22,  250,   50,  179,10166,   83
  240,20250626,   23,  270,   40,  169,10170,   87
  240,20250626,   24,  290,   20,  161,10170,   81
  240,20250627,    1,  270,   20,  155,10176,   76
  240,20250627,    2,  270,   30,  157,10181,   71
  240,20250627,    3,  310,   20,  157,10185,   70
  240,20250627,    4,  300,   30,  148,10195,   80
  240,20250627,    5,  270,   20,  140,10199,   88
  240,20250627,    6,  200,   10,  147,10200,   80
  240,20250627,    7,  190,   30,  148,10207,   84
  240,20250627,    8,  190,   30,  157,10211,   78
  240,20250627,    9,  210,   40,  169,10214,   71
  240,20250627,   10,  260,   70,  186,10216,   62
  240,20250627,   11,  260,   90,  191,10218,   61
  240,20250627,   12,  250,   80,  197,10220,   59
  240,20250627,   13,  230,   70,  203,10220,   58
  240,20250627,   14,  230,   50,  208,10215,   56
  240,20250627,   15,  250,   60,  217,10217,   54
  240,20250627,   16,  260,   70,  223,10217,   54
  240,20250627,   17,  230,   60,  225,10209,   63
  240,20250627,   18,  250,   70,  226,10213,   65
  240,20250627,   19,  240,   70,  214,10213,   70
  240,20250627,   20,  230,   70,  209,10212,   74
  240,20250627,   21,  230,   70,  204,10213,   76
  240,20250627,   22,  230,   60,  200,10212,   77
  240,20250627,   23,  230,   60,  196,10211,   79
  240,20250627,   24,  230,   50,  190,10211,   80
  240,20250628,    1,  240,   50,  188,10213,   80
  240,20250628,    2,  240,   60,  185,10213,   83
  240,20250628,    3,  240,   60,  183,10213,   83
  240,20250628,    4,  240,   60,  182,10216,   84
  240,20250628,    5,  240,   60,  189,10217,   83
  240,20250628,    6,  240,   70,  199,10222,   79
  240,20250628,    7,  240,   60,  215,10229,   74
  240,20250628,    8,  240,   60,  220,10233,   72
  240,20250628,    9,  230,   70,  228,10235,   70
  240,20250628,   10,  260,   70,  217,10240,   73
  240,20250628,   11,  260,   70,  234,10240,   69
  240,20250628,   12,  260,   80,  233,10240,   69
  240,20250628,   13,  250,   80,  248,10237,   65
  240,20250628,   14,  260,   80,  249,10237,   64
  240,20250628,   15,  250,   80,  255,10236,   63
  240,20250628,   16,  250,   70,  257,10234,   61
  240,20250628,   17,  250,   80,  254,10232,   62
  240,20250628,   18,  260,   60,  243,10232,   67
  240,20250628,   19,  260,   50,  237,10233,   69
  240,20250628,   20,  240,   50,  223,10233,   73
  240,20250628,   21,  230,   40,  214,10235,   76
  240,20250628,   22,  230,   50,  209,10233,   79
  240,20250628,   23,  230,   40,  203,10235,   82
  240,20250628,   24,  230,   40,  202,10234,   83
  240,20250629,    1,  230,   50,  197,10230,   84
  240,20250629,    2,  250,   50,  198,10229,   84
  240,20250629,    3,  250,   40,  192,10228,   87
  240,20250629,    4,  270,   30,  188,10233,   89
  240,20250629,    5,  280,   40,  195,10235,   83
  240,20250629,    6,  290,   30,  210,10239,   73
  240,20250629,    7,  290,   30,  218,10242,   69
  240,20250629,    8,  320,   30,  234,10245,   62
  240,20250629,    9,  300,   50,  238,10246,   60
  240,20250629,   10,  300,   40,  244,10249,   60
  240,20250629,   11,  290,   30,  250,10249,   58
  240,20250629,   12,  300,   20,  254,10249,   55
  240,20250629,   13,  290,   40,  254,10248,   56
  240,20250629,   14,  320,   40,  255,10249,   53
  240,20250629,   15,  310,   50,  253,10248,   55
  240,20250629,   16,  330,   50,  243,10247,   58
  240,20250629,   17,  330,   50,  239,10246,   60
  240,20250629,   18,  330,   50,  230,10244,   60
  240,20250629,   19,  350,   40,  224,10241,   60
  240,20250629,   20,   40,   30,  203,10242,   67
  240,20250629,   21,   40,   40,  191,10245,   66
  240,20250629,   22,   40,   20,  187,10243,   66
  240,20250629,   23,   50,   20,  181,10241,   72
  240,20250629,   24,   90,   30,  175,10239,   73
  240,20250630,    1,   90,   20,  167,10235,   77
  240,20250630,    2,   80,   20,  160,10234,   82
  240,20250630,    3,   80,   20,  156,10231,   82
  240,20250630,    4,   80,   20,  159,10228,   81
  240,20250630,    5,   80,   20,  174,10228,   73
  240,20250630,    6,   90,   30,  190,10226,   65
  240,20250630,    7,   70,   30,  209,10224,   57
  240,20250630,    8,   90,   20,  225,10222,   56
  240,20250630,    9,   80,   30,  239,10217,   57
  240,20250630,   10,   80,   40,  245,10212,   56
  240,20250630,   11,  110,   30,  260,10207,   54
  240,20250630,   12,   60,   40,  275,10203,   50
  240,20250630,   13,   40,   40,  284,10196,   47
  240,20250630,   14,   70,   40,  291,10190,   44
  240,20250630,   15,   60,   40,  297,10183,   39
  240,20250630,   16,   50,   40,  296,10178,   39
  240,20250630,   17,   50,   40,  291,10172,   39
  240,20250630,   18,   50,   30,  288,10167,   39
  240,20250630,   19,   40,   20,  279,10165,   41
  240,20250630,   20,   50,   20,  261,10166,   46
  240,20250630,   21,   90,   30,  250,10167,   50
  240,20250630,   22,  100,   30,  244,10165,   47
  240,20250630,   23,  120,   50,  238,10163,   45
  240,20250630,   24,  110,   40,  227,10162,   47
  240,20250701,    1,  110,   30,  222,10159,   49
  240,20250701,    2,  100,   10,  209,10158,   54
  240,20250701,    3,   90,   10,  204,10155,   57
  240,20250701,    4,  100,   10,  202,10155,   58
  240,20250701,    5,  120,   20,  220,10155,   56
  240,20250701,    6,  160,   20,  234,10155,   53
  240,20250701,    7,  150,   20,  256,10155,   50
  240,20250701,    8,  160,   30,  286,10154,   44
  240,20250701,    9,  130,   30,  306,10153,   42
  240,20250701,   10,  140,   30,  322,10151,   39
  240,20250701,   11,  150,   30,  333,10148,   39
  240,20250701,   12,  190,   30,  336,10147,   37
  240,20250701,   13,  190,   40,  348,10145,   32
  240,20250701,   14,  150,   50,  350,10142,   30
  240,20250701,   15,  170,   40,  353,10137,   31
  240,20250701,   16,  180,   50,  356,10133,   31
  240,20250701,   17,  160,   40,  351,10130,   31
  240,20250701,   18,  160,   40,  339,10127,   36
  240,20250701,   19,  170,   20,  328,10125,   40
  240,20250701,   20,  270,   60,  291,10132,   48
  240,20250701,   21,  270,   40,  260,10141,   60
  240,20250701,   22,  270,   40,  246,10140,   61
  240,20250701,   23,  270,   30,  231,10140,   67
  240,20250701,   24,  270,   20,  221,10135,   70
  240,20250702,    1,  220,   20,  211,10133,   74
  240,20250702,    2,  210,   20,  205,10135,   77
  240,20250702,    3,  310,   30,  207,10136,   78
  240,20250702,    4,  280,   40,  206,10148,   81
  240,20250702,    5,  990,   10,  209,10134,   81
  240,20250702,    6,  120,   10,  234,10134,   73
  240,20250702,    7,   90,   10,  257,10137,   60
  240,20250702,    8,  210,   30,  264,10140,   60
  240,20250702,    9,  320,   20,  287,10137,   53
  240,20250702,   10,  200,   20,  297,10135,   49
  240,20250702,   11,  230,   30,  321,10133,   33
  240,20250702,   12,  270,   60,  320,10132,   40
  240,20250702,   13,  290,   90,  256,10153,   61
  240,20250702,   14,  320,   70,  265,10146,   58
  240,20250702,   15,  240,   60,  209,10159,   86
  240,20250702,   16,  270,   50,  212,10155,   87
  240,20250702,   17,  280,   70,  186,10160,   92
  240,20250702,   18,  300,   70,  181,10161,   91
  240,20250702,   19,  290,   50,  179,10180,   84
  240,20250702,   20,  300,   50,  173,10185,   85
  240,20250702,   21,  300,   60,  168,10192,   84
  240,20250702,   22,  310,   50,  162,10201,   86
  240,20250702,   23,  300,   50,  164,10206,   83
  240,20250702,   24,  300,   50,  157,10210,   83
  240,20250703,    1,  300,   50,  154,10213,   76
  240,20250703,    2,  290,   50,  152,10218,   78
  240,20250703,    3,  310,   60,  151,10222,   78
  240,20250703,    4,  310,   50,  147,10229,   79
  240,20250703,    5,  300,   50,  153,10236,   79
  240,20250703,    6,  310,   60,  163,10244,   76
  240,20250703,    7,  300,   70,  166,10254,   75
  240,20250703,    8,  310,   60,  170,10261,   71
  240,20250703,    9,  300,   60,  184,10268,   63
  240,20250703,   10,  310,   50,  200,10273,   58
  240,20250703,   11,  320,   40,  195,10275,   54
  240,20250703,   12,  300,   50,  199,10279,   54
  240,20250703,   13,  300,   60,  199,10280,   55
  240,20250703,   14,  310,   40,  198,10282,   54
  240,20250703,   15,  310,   50,  199,10281,   53
  240,20250703,   16,  310,   60,  198,10280,   49
  240,20250703,   17,  310,   60,  191,10279,   48
  240,20250703,   18,  320,   40,  186,10277,   53
  240,20250703,   19,  310,   30,  171,10278,   59
  240,20250703,   20,  310,   10,  163,10279,   63
  240,20250703,   21,  300,   20,  156,10281,   68
  240,20250703,   22,  300,   10,  150,10284,   72
  240,20250703,   23,  300,   10,  142,10284,   78
  240,20250703,   24,  300,   10,  136,10284,   79
  240,20250704,    1,    0,    0,  134,10283,   81
  240,20250704,    2,  190,   10,  134,10279,   78
  240,20250704,    3,  200,   30,  143,10276,   72
  240,20250704,    4,  130,   20,  127,10276,   84
  240,20250704,    5,  170,   20,  146,10275,   82
  240,20250704,    6,  190,   30,  173,10277,   67
  240,20250704,    7,  200,   40,  192,10278,   51
  240,20250704,    8,  210,   70,  212,10275,   44
  240,20250704,    9,  220,   60,  220,10272,   43
  240,20250704,   10,  250,   70,  230,10272,   47
  240,20250704,   11,  260,   60,  241,10267,   42
  240,20250704,   12,  270,   70,  241,10264,   37
  240,20250704,   13,  260,   70,  244,10259,   33
  240,20250704,   14,  270,   70,  236,10255,   34
  240,20250704,   15,  260,   70,  232,10247,   34
  240,20250704,   16,  250,   70,  231,10242,   35
  240,20250704,   17,  260,   60,  232,10233,   35
  240,20250704,   18,  240,   70,  226,10228,   27
  240,20250704,   19,  240,   60,  217,10221,   37
  240,20250704,   20,  230,   60,  204,10216,   42
  240,20250704,   21,  200,   40,  179,10210,   58
  240,20250704,   22,  210,   50,  183,10205,   55
  240,20250704,   23,  210,   40,  181,10198,   58
  240,20250704,   24,  210,   50,  180,10191,   59
  240,20250705,    1,  210,   50,  185,10183,   60
  240,20250705,    2,  210,   40,  183,10176,   67
  240,20250705,    3,  220,   40,  181,10170,   68
  240,20250705,    4,  210,   40,  177,10165,   73
  240,20250705,    5,  220,   50,  183,10161,   74
  240,20250705,    6,  220,   60,  186,10160,   75
  240,20250705,    7,  240,   90,  198,10156,   63
  240,20250705,    8,  250,   80,  192,10155,   69
  240,20250705,    9,  260,   90,  187,10155,   67
  240,20250705,   10,  240,   70,  192,10154,   69
  240,20250705,   11,  250,   80,  204,10152,   60
  240,20250705,   12,  240,   80,  210,10150,   58
  240,20250705,   13,  230,   80,  208,10148,   61
  240,20250705,   14,  240,   80,  211,10143,   61
  240,20250705,   15,  240,   90,  214,10137,   60
  240,20250705,   16,  230,   70,  213,10129,   64
  240,20250705,   17,  230,   90,  202,10127,   73
  240,20250705,   18,  220,   70,  180,10122,   92
  240,20250705,   19,  220,   60,  180,10118,   93
  240,20250705,   20,  230,   70,  183,10113,   88
  240,20250705,   21,  220,   70,  176,10109,   94
  240,20250705,   22,  220,   50,  179,10105,   92
  240,20250705,   23,  220,   50,  180,10099,   92
  240,20250705,   24,  230,   80,  182,10095,   88
  240,20250706,    1,  230,   60,  181,10090,   88
  240,20250706,    2,  230,   60,  182,10085,   89
  240,20250706,    3,  230,   60,  182,10080,   89
  240,20250706,    4,  230,   50,  180,10075,   91
  240,20250706,    5,  220,   40,  183,10071,   90
  240,20250706,    6,  230,   50,  187,10069,   87
  240,20250706,    7,  250,   60,  190,10065,   83
  240,20250706,    8,  270,   50,  195,10062,   80
  240,20250706,    9,  280,   40,  196,10057,   77
  240,20250706,   10,  200,   40,  185,10058,   88
  240,20250706,   11,  220,   60,  175,10056,   94
  240,20250706,   12,  220,   60,  174,10052,   94
  240,20250706,   13,  200,   40,  181,10050,   92
  240,20250706,   14,  210,   40,  181,10052,   90
  240,20250706,   15,  200,   40,  170,10049,   90
  240,20250706,   16,  160,   30,  175,10046,   92
  240,20250706,   17,  180,   40,  163,10045,   92
  240,20250706,   18,  180,   30,  176,10042,   92
  240,20250706,   19,  180,   20,  176,10041,   93
  240,20250706,   20,  270,   30,  177,10039,   86
  240,20250706,   21,  250,   30,  172,10041,   88
  240,20250706,   22,  240,   30,  170,10037,   89
  240,20250706,   23,  330,   30,  155,10039,   93
  240,20250706,   24,  300,   20,  149,10035,   94
  240,20250707,    1,    0,    0,  147,10037,   96
  240,20250707,    2,  300,   20,  153,10035,   95
  240,20250707,    3,  290,   30,  157,10030,   92
  240,20250707,    4,  340,   50,  153,10031,   93
  240,20250707,    5,  340,   40,  152,10034,   87
  240,20250707,    6,  350,   40,  157,10038,   87
  240,20250707,    7,  360,   60,  156,10044,   86
  240,20250707,    8,  350,   40,  174,10049,   78
  240,20250707,    9,  360,   60,  180,10054,   71
  240,20250707,   10,  350,   70,  155,10064,   85
  240,20250707,   11,  330,   70,  175,10065,   68
  240,20250707,   12,  330,   80,  185,10069,   63
  240,20250707,   13,  320,   80,  190,10073,   63
  240,20250707,   14,  320,   90,  188,10078,   60
  240,20250707,   15,  330,   90,  175,10087,   61
  240,20250707,   16,  320,   80,  176,10091,   58
  240,20250707,   17,  310,   80,  163,10097,   64
  240,20250707,   18,  310,   70,  161,10100,   69
  240,20250707,   19,  310,   80,  156,10104,   66
  240,20250707,   20,  310,   40,  150,10105,   71
  240,20250707,   21,  300,   30,  142,10106,   74
  240,20250707,   22,  300,   40,  136,10106,   74
  240,20250707,   23,  280,   20,  128,10102,   76
  240,20250707,   24,  290,   20,  128,10102,   78
